Student_ID,CGPA,Attendance,Backlogs,Year,Python,Java,DSA,SQL,OOP,DBMS,OS,CN,Git,Linux,Docker,Cloud,Projects,Internship,Certifications,Hackathons,OpenSource,LeetCode,Communication,Teamwork,Leadership,EmployabilityStatus
1,6.4,66,1,3,0,0,1,0,1,0,0,0,0,0,0,0,2,0,1,1,0,52,1,0,1,2
2,6.35,83,3,4,0,0,0,1,0,0,0,1,0,0,0,0,2,0,0,1,0,29,0,0,1,2
3,6.8,81,2,4,2,2,2,2,1,1,2,1,1,1,1,0,6,1,3,5,0,508,2,1,2,1
4,9.17,90,0,3,0,1,0,1,2,1,2,2,0,0,0,0,0,0,0,1,0,15,1,1,0,2
5,8.09,83,1,4,1,2,1,0,2,2,0,0,1,1,0,0,4,0,4,0,1,219,2,1,0,0
6,7.73,75,1,3,2,2,2,2,2,1,0,2,1,1,1,0,5,0,4,2,1,544,1,2,1,0
7,8.83,92,0,3,1,1,0,1,1,2,2,2,0,0,0,0,0,0,2,1,0,14,0,1,0,2
8,7.13,88,0,2,1,1,2,1,2,2,2,2,1,1,0,0,3,1,1,0,0,379,1,2,0,0
9,9.37,96,0,4,1,1,1,1,2,1,1,2,0,0,0,0,1,0,1,0,0,77,0,2,1,0
10,7.32,88,1,3,2,2,2,2,2,1,2,2,1,1,1,0,5,0,4,2,1,520,2,1,0,0
11,7.15,87,2,4,1,1,1,0,1,1,2,1,1,1,0,0,4,1,1,1,1,187,1,2,1,2
12,8.41,98,1,4,2,1,2,1,2,1,2,2,1,1,1,1,6,1,3,2,1,454,2,1,0,0
13,9.55,96,0,3,2,2,2,2,2,2,2,2,1,1,1,1,8,1,7,3,0,464,2,2,1,1
14,8.91,97,0,4,1,1,2,2,1,2,2,2,1,1,1,1,4,0,3,2,1,349,2,2,2,1
15,8.43,98,0,4,1,2,2,1,1,2,1,2,1,1,1,1,4,1,3,3,0,377,2,1,0,1
16,8.1,90,1,3,1,1,1,1,1,1,1,1,1,1,1,1,5,1,2,4,0,561,1,2,1,0
17,7.34,94,0,3,2,1,1,2,1,1,0,2,1,1,0,0,3,1,1,0,1,183,1,1,0,0
18,9.11,84,1,3,2,1,2,1,2,2,2,2,1,1,1,1,7,1,3,4,0,548,1,2,1,0
19,6.82,90,1,3,2,1,2,1,2,1,2,2,1,1,1,0,8,1,3,4,0,394,1,1,2,0
20,5.83,64,2,3,0,0,1,0,0,1,0,0,0,0,0,0,2,0,0,0,0,14,0,0,0,2
21,8.82,98,0,4,1,1,1,1,1,2,2,2,1,1,0,0,3,1,1,0,0,15,1,1,1,0
22,8.03,82,1,2,1,1,2,2,1,1,1,2,1,1,1,1,6,1,4,4,1,386,2,2,1,1
23,9.24,90,0,4,1,0,1,1,1,1,1,2,0,0,0,0,2,0,2,0,0,8,0,1,1,0
24,8.17,69,2,3,2,2,2,2,2,1,0,2,1,1,1,0,7,1,3,5,0,511,1,1,1,1
25,9.49,98,0,3,1,1,1,0,2,1,2,1,0,0,0,0,0,0,0,0,0,60,1,1,1,2
26,9.8,85,0,3,2,1,2,1,2,2,1,1,1,1,1,1,7,1,3,2,1,508,2,2,2,1
27,5.8,67,5,4,1,1,1,1,0,0,1,1,0,0,0,0,2,0,0,1,0,4,1,1,1,2
28,7.2,71,1,3,2,2,2,1,1,1,1,2,1,1,1,0,7,1,4,4,1,501,1,1,2,1
29,9.07,85,0,4,2,2,2,2,2,2,2,1,1,1,1,1,5,1,3,2,1,263,1,1,0,0
30,7.65,93,2,4,1,1,2,2,1,2,0,0,1,1,0,0,5,1,2,2,1,349,1,1,1,0
31,9.58,100,0,3,0,0,1,0,2,2,1,2,0,0,0,0,1,0,1,0,0,7,0,2,1,2
32,8.28,73,1,3,2,1,1,2,1,2,1,2,1,1,0,0,3,1,2,3,1,288,2,2,0,0
33,6.8,78,1,2,2,2,2,2,1,1,2,2,1,1,1,0,6,0,2,3,1,505,1,1,1,1
34,7.1,70,0,3,1,1,1,1,2,1,1,2,1,1,0,0,4,1,2,3,0,400,1,2,1,0
35,8.75,99,0,3,0,0,0,0,2,1,1,2,0,0,0,0,2,0,1,1,0,69,0,2,1,2
36,9.67,97,0,4,1,1,1,1,1,2,2,1,0,0,0,0,1,0,1,0,0,79,1,1,1,2
37,8.97,92,0,3,2,1,1,2,2,1,1,2,1,1,1,1,7,1,3,1,1,576,2,1,0,0
38,6.46,83,2,4,0,1,0,1,0,0,1,1,0,0,0,0,2,0,1,0,0,15,0,0,1,2
39,5.65,62,4,4,0,1,0,1,0,0,1,0,1,0,0,0,2,1,0,0,0,67,1,0,1,2
40,9.68,93,0,4,1,1,1,0,1,2,1,2,0,0,0,0,0,0,0,1,0,92,2,1,0,0
41,7.31,85,0,2,1,2,2,0,1,2,0,2,1,1,0,0,2,1,3,2,0,150,2,2,1,0
42,8.21,84,0,4,2,0,1,2,2,2,1,0,1,1,0,0,5,0,3,0,0,223,0,2,1,0
43,8.88,96,0,2,2,2,2,1,2,2,2,1,1,1,1,1,7,1,3,3,0,497,1,1,2,1
44,8.16,95,2,2,1,2,1,2,2,1,0,1,1,1,0,0,4,0,1,2,0,420,1,1,1,1
45,5.75,70,1,4,1,0,0,1,0,1,1,0,0,0,0,0,2,0,1,1,0,22,1,1,0,2
46,6.01,80,2,4,0,0,1,0,0,0,0,0,0,0,0,0,1,0,0,0,0,22,0,1,1,2
47,8.99,89,0,4,2,2,2,2,2,2,1,1,1,1,1,1,7,1,6,3,1,799,2,1,1,1
48,5.7,63,4,4,1,1,1,1,1,0,1,0,0,0,0,0,0,0,1,1,0,43,1,1,0,2
49,7.41,87,0,4,2,1,2,2,2,2,1,1,1,1,1,0,4,0,3,5,0,691,1,1,0,0
50,5.83,67,4,3,1,1,0,0,1,0,0,1,0,0,0,0,1,0,1,1,0,38,0,1,1,2
51,8.47,90,1,2,1,2,2,1,2,2,2,1,1,1,1,1,7,1,2,3,1,529,1,1,0,0
52,9.41,91,0,2,1,0,1,1,2,1,1,1,0,0,0,0,1,0,0,1,0,69,2,1,0,2
53,7.22,67,1,4,2,1,2,2,1,2,0,1,1,1,1,0,5,1,3,3,1,576,2,1,2,1
54,7.37,70,2,4,2,2,1,2,1,2,2,0,1,1,0,0,3,1,3,1,1,116,1,2,0,0
55,5.55,74,1,3,1,1,0,0,1,1,1,1,1,1,0,0,2,1,1,1,0,79,1,1,0,2
56,7.52,71,1,4,2,0,2,1,2,2,0,2,1,1,0,0,4,0,2,2,0,226,2,1,1,1
57,8.05,70,1,4,1,1,2,0,2,2,2,1,1,1,0,0,5,1,2,3,0,149,1,1,1,0
58,8.98,92,0,3,0,0,0,1,2,1,1,1,0,0,0,0,2,0,0,0,0,80,1,2,0,0
59,6.67,65,1,4,2,1,2,2,1,2,1,1,1,1,1,0,8,1,4,5,0,419,2,1,2,1
60,7.6,66,0,4,2,2,2,2,1,2,0,0,1,1,1,0,7,0,3,5,1,630,1,1,1,0
61,5.58,84,2,3,1,0,0,0,0,1,1,0,0,0,0,0,2,0,1,1,0,60,0,0,0,2
62,7.13,75,2,4,1,2,1,0,1,1,1,2,1,1,0,0,4,1,1,0,1,336,2,2,1,0
63,8.87,97,0,3,2,2,2,2,1,2,2,1,1,1,1,1,7,1,3,1,1,633,2,1,1,1
64,8.14,70,0,4,2,2,2,1,2,2,1,2,1,1,1,0,8,0,2,3,1,436,1,2,2,1
65,8.22,95,1,4,2,1,2,1,1,1,0,2,1,1,0,0,5,0,3,1,0,135,2,2,1,0
66,5.96,85,2,2,0,1,0,1,0,1,0,0,0,0,0,0,0,0,1,0,0,79,1,0,0,2
67,5.57,58,4,3,1,0,1,0,0,1,1,0,0,0,0,0,2,0,0,1,0,50,1,1,0,2
68,8.91,99,0,3,2,2,2,2,2,2,2,1,1,1,1,1,6,0,5,1,0,471,1,1,0,1
69,8.12,70,0,4,2,1,2,1,1,2,2,1,1,1,1,0,7,1,2,1,0,541,2,1,0,0
70,8.58,83,1,3,2,1,2,2,1,1,2,2,1,1,1,1,5,1,4,1,0,460,2,1,2,1
71,8.15,75,0,3,2,1,1,1,2,2,2,1,1,1,0,0,5,0,4,1,0,121,2,2,0,0
72,6.85,83,0,4,2,1,2,2,1,1,1,2,1,1,1,0,8,0,2,1,1,608,1,1,2,0
73,6.94,66,2,3,2,2,2,2,2,2,2,2,1,1,1,0,7,1,2,5,0,549,2,1,2,1
74,6.12,82,5,3,0,1,1,1,0,0,1,0,0,0,0,0,0,0,0,0,0,61,0,0,0,2
75,7.03,92,0,3,1,1,1,1,2,1,1,0,1,1,0,0,5,0,3,3,0,138,1,2,0,2
76,8.5,81,1,4,2,1,1,1,1,1,2,2,1,1,1,1,6,1,2,1,0,501,1,1,1,0
77,7.95,94,0,2,1,2,1,2,1,1,2,2,1,1,0,0,5,1,2,2,1,169,1,1,0,0
78,7.91,84,0,2,2,2,2,1,2,1,0,0,1,1,1,0,4,1,4,2,0,442,1,2,2,1
79,7.2,88,0,3,1,2,2,2,2,2,2,2,1,1,0,0,2,1,3,1,0,359,1,2,0,0
80,9.78,86,0,3,2,1,2,1,2,2,2,1,1,1,1,1,8,1,6,5,1,638,2,2,1,1
81,7.36,75,0,3,2,0,1,2,1,2,0,2,1,1,0,0,3,1,4,3,1,425,2,1,1,0
82,9.25,91,0,3,2,1,2,2,2,2,2,2,1,1,1,1,7,1,4,5,0,669,2,2,1,1
83,8.49,84,1,2,2,2,2,2,1,2,2,2,1,1,1,1,5,1,3,1,0,646,1,1,2,1
84,6.3,71,5,3,0,0,0,1,0,1,0,1,0,0,0,0,1,0,1,1,0,59,0,1,1,2
85,7.21,84,2,4,2,2,2,2,1,1,1,0,1,1,1,0,8,0,2,1,1,435,1,1,0,0
86,7.42,80,1,4,2,2,2,2,2,2,1,1,1,1,1,0,6,0,2,4,0,406,1,1,2,0
87,9.56,98,0,2,1,1,0,0,2,1,2,1,1,1,0,0,3,1,1,0,0,107,2,2,0,0
88,8.96,91,1,3,2,2,2,2,1,1,1,1,1,1,1,1,5,1,2,1,0,508,1,2,1,1
89,9.56,92,0,4,1,1,0,0,1,1,2,2,0,0,0,0,0,0,0,0,0,13,1,1,0,2
90,7.98,86,0,4,2,0,1,1,1,2,0,0,1,1,0,0,3,0,2,3,1,323,0,2,1,0
91,8.15,88,2,4,1,2,2,2,1,1,2,0,1,1,0,0,3,0,4,3,1,338,0,1,1,0
92,8.86,95,0,3,0,1,1,0,2,2,2,1,1,1,0,0,3,0,0,0,1,67,0,1,1,0
93,6.5,56,2,3,0,1,0,0,1,0,1,0,0,0,0,0,0,0,1,0,0,50,0,0,1,2
94,9.12,85,0,3,2,2,2,2,2,2,2,2,1,1,1,1,8,1,7,2,0,533,2,1,1,1
95,7.87,73,0,3,2,2,2,1,1,2,1,1,1,1,1,0,5,1,2,3,1,547,2,2,1,0
96,7.25,89,0,3,2,2,2,2,1,1,2,2,1,1,1,0,6,1,3,2,1,537,1,2,0,1
97,7.42,82,1,4,2,1,1,1,2,2,1,0,1,1,0,0,5,0,2,3,0,259,0,1,0,0
98,9.15,82,0,4,1,2,2,2,1,2,1,1,1,1,1,1,5,1,3,3,1,360,1,1,2,1
99,6.2,68,2,2,1,1,1,1,0,0,1,0,0,0,0,0,2,0,1,1,0,62,0,1,1,2
100,8.64,92,0,2,2,2,2,2,2,1,1,1,1,1,1,1,7,1,5,4,1,311,1,2,0,1
101,9.09,99,0,4,2,1,1,2,1,2,2,2,1,1,1,1,6,1,2,4,1,558,1,2,1,0
102,6.35,61,4,4,1,0,0,1,0,1,1,0,0,0,0,0,2,0,1,0,0,41,0,1,1,2
103,7.21,65,1,3,2,2,2,2,1,1,2,1,1,1,1,0,8,0,3,3,0,603,1,2,0,1
104,8.05,87,1,3,2,1,2,2,2,2,2,1,1,1,1,0,8,1,2,3,1,507,2,1,0,1
105,7.76,75,1,3,2,1,2,2,2,1,2,2,1,1,1,0,5,0,4,5,0,413,1,2,0,0
106,8.64,97,0,4,1,1,2,1,1,1,1,1,1,1,1,1,5,1,2,4,0,587,1,1,1,0
107,7.43,79,1,4,1,0,2,0,1,1,1,2,1,1,0,0,5,1,2,2,0,349,1,2,1,0
108,8.55,91,0,2,1,1,0,1,1,1,1,2,0,0,0,0,1,0,1,0,0,44,2,2,1,2
109,9.0,100,0,4,0,0,1,0,2,1,2,2,0,0,0,0,0,0,1,1,0,71,0,2,0,0
110,6.53,84,1,2,0,1,0,1,1,1,0,0,0,0,0,0,2,0,0,1,0,16,1,1,1,2
111,6.52,72,1,3,2,2,2,1,1,2,0,0,1,1,1,0,8,1,3,3,0,784,1,1,1,1
112,7.7,83,2,3,2,1,1,1,2,1,2,0,1,1,0,0,4,0,2,2,0,158,0,2,0,0
113,6.9,81,1,4,2,1,2,2,1,1,0,1,1,1,1,0,8,1,4,2,1,472,1,2,0,0
114,8.49,73,1,4,1,2,2,0,2,2,1,0,1,1,0,0,3,1,3,1,0,364,1,1,1,0
115,9.08,89,0,2,1,2,1,2,1,1,2,1,1,1,1,1,6,1,4,3,1,488,2,2,0,1
116,9.14,91,0,3,0,0,0,0,2,2,1,1,1,1,0,0,3,0,0,1,1,75,0,1,1,0
117,8.41,90,0,2,2,1,1,1,2,1,2,2,1,1,1,1,5,1,3,2,0,461,2,2,2,0
118,7.19,79,2,4,2,2,2,2,1,1,2,1,1,1,0,0,5,1,2,2,0,385,2,2,0,0
119,8.46,90,0,3,0,0,1,1,1,1,1,2,0,0,0,0,1,0,2,1,0,31,0,1,1,2
120,9.16,100,0,4,1,0,0,1,1,2,2,2,0,0,0,0,0,0,0,0,0,37,1,1,1,2
121,5.66,83,5,4,0,0,0,1,0,0,1,0,0,0,0,0,0,0,1,1,0,4,0,1,1,2
122,7.65,84,1,4,1,1,1,1,1,1,1,2,1,1,0,0,2,1,1,2,0,145,1,1,0,0
123,9.12,92,0,2,1,1,0,1,1,1,1,1,0,0,0,0,1,0,1,0,0,70,2,2,1,0
124,8.95,96,0,3,1,0,0,0,2,2,2,2,0,0,0,0,0,0,0,1,0,66,2,2,1,0
125,9.21,89,0,3,2,1,2,2,2,2,2,2,1,1,1,1,8,1,5,2,1,450,2,2,1,1
126,7.37,93,2,4,1,0,2,2,1,2,0,2,1,1,0,0,5,0,3,0,0,194,0,1,1,0
127,8.7,87,1,4,2,2,1,2,1,2,1,2,1,1,1,1,7,0,3,3,0,384,2,2,1,0
128,7.19,82,0,3,2,1,1,2,1,2,0,2,1,1,0,0,3,0,2,0,1,381,2,1,0,0
129,6.65,85,5,4,0,0,0,0,0,0,0,1,0,0,0,0,1,0,1,1,0,33,1,1,1,2
130,9.59,98,0,4,2,2,2,2,2,2,2,1,1,1,1,1,8,1,4,4,1,880,2,2,1,1
131,7.88,71,0,2,1,2,2,0,1,2,0,2,1,1,0,0,3,0,4,0,0,353,1,1,1,0
132,8.3,85,0,4,1,1,2,0,1,2,1,0,1,1,0,0,2,1,3,1,0,304,2,1,0,0
133,7.47,81,1,4,2,1,2,2,1,1,1,1,1,1,1,0,6,1,2,2,0,438,2,1,1,1
134,8.14,81,1,4,1,0,2,0,2,2,0,1,1,1,0,0,5,0,2,2,1,168,2,2,0,0
135,9.53,94,0,2,0,1,0,0,1,2,1,2,0,0,0,0,0,0,1,0,0,15,0,1,0,2
136,8.46,91,0,3,1,0,0,1,2,1,2,2,0,0,0,0,2,0,0,1,0,52,2,1,0,0
137,7.1,86,2,2,2,1,2,2,2,1,0,2,1,1,0,0,5,0,4,2,0,217,2,1,1,0
138,9.06,92,0,4,2,1,2,1,2,2,1,2,1,1,1,1,7,1,4,3,0,499,1,1,1,1
139,7.55,71,1,3,2,1,2,1,2,2,1,2,1,1,1,0,7,1,2,4,0,612,2,1,1,1
140,5.71,66,5,4,0,1,0,0,1,0,1,1,0,0,0,0,1,0,0,0,0,12,0,1,1,2
141,7.15,72,1,4,2,2,2,1,1,1,1,1,1,1,0,0,5,0,2,3,0,297,2,2,1,1
142,7.73,73,0,4,2,1,2,1,2,1,1,1,1,1,0,0,4,1,4,3,0,213,2,2,0,0
143,8.72,99,0,2,1,0,1,0,2,1,1,2,0,0,0,0,1,0,2,0,0,22,1,2,1,2
144,7.61,94,2,2,1,2,1,0,2,2,2,0,1,1,0,0,4,1,3,2,1,213,2,2,1,0
145,6.7,65,1,4,2,2,2,2,2,2,0,0,1,1,1,0,4,0,3,5,0,586,1,2,0,0
146,8.08,86,0,2,2,1,1,1,2,1,1,0,1,1,0,0,3,1,3,3,0,327,1,2,1,0
147,8.39,84,0,3,1,1,2,1,2,2,1,0,1,1,0,0,2,0,2,0,0,146,0,1,0,0
148,8.0,77,1,3,1,2,2,1,1,1,2,0,1,1,0,0,3,1,3,2,1,221,1,1,0,0
149,10.0,95,0,2,2,1,2,1,2,2,2,1,1,1,1,1,6,1,7,4,0,594,2,2,1,1
150,7.3,75,0,4,1,1,2,0,2,2,0,0,1,1,0,0,2,0,4,2,0,376,1,1,1,2
151,7.23,67,1,3,2,2,2,2,2,2,1,1,1,1,1,0,4,0,3,1,1,698,1,2,1,0
152,6.9,66,2,3,2,1,2,1,1,2,2,0,1,1,1,0,7,1,4,2,1,707,1,1,1,1
153,6.93,82,2,2,2,2,2,1,2,1,2,1,1,1,1,0,4,1,2,5,1,352,1,2,1,0
154,8.5,87,1,3,2,2,2,1,1,2,2,1,1,1,1,1,5,1,5,1,0,496,2,2,0,0
155,7.6,75,0,3,2,2,2,1,1,1,2,1,1,1,1,0,5,1,4,5,1,467,2,1,1,0
156,7.34,76,0,3,2,2,2,2,1,1,1,1,1,1,1,0,6,0,2,4,0,558,2,2,1,1
157,7.7,75,0,2,2,1,1,1,1,1,0,1,1,1,0,0,4,0,2,0,0,105,1,2,1,0
158,9.03,86,0,4,2,1,2,2,2,2,1,1,1,1,1,1,5,1,4,2,1,535,2,2,1,1
159,9.03,97,0,2,0,0,0,0,2,1,2,1,0,0,0,0,1,0,2,0,0,101,0,2,1,2
160,7.84,78,0,3,1,1,2,0,1,1,2,1,1,1,0,0,3,1,1,3,1,212,1,1,0,0
161,5.62,71,5,2,1,0,0,1,0,0,1,0,0,0,0,0,1,0,0,1,0,40,0,1,0,2
162,7.84,96,1,3,2,2,2,2,1,2,2,2,1,1,1,1,5,1,2,2,0,360,2,2,0,0
163,9.78,94,0,4,2,1,2,2,2,2,1,1,1,1,1,1,8,1,7,2,0,832,1,1,2,1
164,7.73,73,0,2,2,1,2,1,2,2,2,1,1,1,1,0,7,0,2,5,1,380,2,1,1,1
165,8.56,98,0,4,0,0,1,1,2,1,1,2,0,0,0,0,0,0,0,0,0,4,1,2,1,2
166,9.15,90,0,3,2,2,2,2,2,1,1,2,1,1,1,1,7,1,2,1,0,496,2,1,1,0
167,7.73,75,1,3,1,0,1,1,1,2,0,0,1,1,0,0,3,1,4,1,1,165,1,1,0,0
168,6.02,66,1,4,1,1,0,1,0,0,0,1,0,0,0,0,2,0,1,1,0,79,1,0,1,0
169,9.65,99,0,4,2,2,2,1,2,2,2,2,1,1,1,1,6,1,3,4,1,685,2,1,2,1
170,6.18,57,2,4,0,1,0,1,1,0,0,0,0,0,0,0,0,0,1,1,0,51,0,0,0,2
171,9.65,98,0,4,2,1,2,2,2,2,2,2,1,1,1,1,8,1,3,5,1,469,1,2,2,1
172,8.53,97,0,4,1,1,0,1,1,1,1,2,0,0,0,0,1,0,1,0,0,114,1,2,0,0
173,8.45,91,0,4,1,1,0,1,2,1,1,1,0,0,0,0,0,0,0,0,0,35,1,2,1,2
174,8.34,98,0,3,2,2,2,1,2,2,1,2,1,1,1,1,7,1,4,3,0,540,2,1,0,1
175,9.6,92,0,3,2,2,2,1,2,2,1,1,1,1,1,1,5,1,3,2,1,836,2,2,1,1
176,6.27,75,5,3,1,1,1,1,0,1,1,0,0,0,0,0,2,0,0,0,0,57,0,0,0,2
177,7.73,71,2,2,2,1,2,2,2,2,1,1,1,1,1,0,7,1,2,2,0,600,2,2,1,1
178,8.94,100,0,4,2,2,2,2,2,2,2,1,1,1,1,1,6,1,4,2,1,467,1,2,2,1
179,7.3,93,1,3,2,1,1,1,2,1,2,2,1,1,0,0,4,0,1,2,0,213,2,1,0,0
180,7.37,82,1,4,2,2,2,2,2,1,1,1,1,1,1,0,6,1,3,1,1,574,1,2,0,0
181,7.78,70,0,3,2,2,2,1,1,1,1,2,1,1,1,0,6,1,4,4,0,503,1,2,2,0
182,8.58,93,1,3,1,2,2,2,1,2,1,2,1,1,1,1,5,1,3,2,1,302,1,1,0,0
183,8.22,83,1,4,1,1,2,0,1,1,0,1,1,1,0,0,3,1,1,1,0,202,1,2,1,0
184,8.98,95,0,3,2,1,2,2,2,2,2,2,1,1,1,1,5,1,4,2,0,708,1,1,2,1
185,6.85,88,2,4,2,2,2,2,2,1,0,0,1,1,1,0,6,0,2,2,0,549,2,2,0,0
186,6.86,85,0,2,2,1,2,1,2,2,2,2,1,1,1,0,4,0,2,4,1,682,2,1,2,1
187,7.86,96,1,4,2,2,2,2,1,1,2,1,1,1,1,1,4,1,5,3,1,266,1,2,1,1
188,8.76,91,1,2,2,2,2,2,2,1,1,2,1,1,1,1,5,1,4,3,0,383,2,2,0,0
189,7.38,86,1,3,2,1,1,1,2,2,2,0,1,1,0,0,2,0,4,2,0,199,1,1,0,0
190,9.75,95,0,2,2,2,2,1,2,2,2,2,1,1,1,1,6,1,6,2,1,625,2,2,2,1
191,7.39,79,0,4,2,0,1,1,2,2,1,2,1,1,0,0,2,1,4,1,0,242,1,2,1,0
192,9.36,99,0,4,0,0,0,0,2,1,1,1,0,0,0,0,2,0,2,1,0,114,1,2,1,0
193,8.74,94,0,3,1,0,0,0,1,2,1,2,0,0,0,0,2,0,1,0,0,53,0,2,0,2
194,8.0,91,1,4,1,1,1,1,1,1,0,1,1,1,0,0,2,1,2,2,0,129,2,2,1,0
195,8.22,98,1,4,2,2,2,1,2,2,1,1,1,1,1,1,5,1,3,4,1,454,2,2,2,0
196,6.17,80,1,3,0,1,1,0,1,0,1,1,0,0,0,0,1,0,1,1,0,44,0,0,0,2
197,8.64,98,0,3,1,0,0,1,1,2,1,2,0,0,0,0,0,0,1,1,0,60,1,2,1,2
198,8.26,73,2,4,2,1,2,2,2,1,1,0,1,1,0,0,4,0,2,1,1,392,0,2,1,0
199,5.74,69,1,3,1,1,1,0,0,0,1,1,0,0,0,0,0,0,1,1,0,80,1,0,1,2
200,9.7,90,0,4,2,2,2,2,2,2,1,2,1,1,1,1,6,1,6,2,1,722,2,2,1,1
201,7.34,73,2,4,1,2,2,1,1,2,1,1,1,1,0,0,3,1,2,2,1,126,1,2,1,0
202,7.69,91,0,3,2,1,1,1,2,1,1,0,1,1,0,0,3,1,4,0,1,229,1,1,1,0
203,5.9,66,4,2,1,1,1,0,0,1,0,0,0,0,0,0,0,0,0,1,0,55,0,1,0,2
204,6.25,85,5,4,1,0,1,0,1,1,1,0,1,1,0,0,3,1,1,1,0,34,1,0,0,2
205,8.43,83,1,4,2,1,1,1,1,1,2,2,1,1,1,1,4,1,3,1,1,259,1,1,0,0
206,7.46,85,2,4,2,1,2,1,2,2,1,2,1,1,1,0,6,1,4,3,0,792,1,1,2,0
207,7.95,90,1,3,2,1,2,1,2,1,2,2,1,1,1,1,7,0,5,1,0,494,1,2,1,0
208,7.47,77,2,4,1,0,2,2,2,1,0,0,1,1,0,0,2,0,1,2,0,292,2,1,1,0
209,8.92,94,0,2,2,1,2,1,2,2,2,2,1,1,1,1,5,1,7,5,0,669,2,2,1,1
210,7.48,75,0,3,2,0,2,2,2,2,2,2,1,1,0,0,4,0,2,2,1,385,0,1,0,0
211,9.99,93,0,3,2,1,2,2,2,2,1,2,1,1,1,1,6,1,7,3,0,698,1,1,2,1
212,5.95,65,4,4,1,1,1,0,0,1,0,1,0,0,0,0,2,0,1,0,0,75,0,0,0,2
213,8.97,83,0,3,2,2,1,2,2,2,1,1,1,1,1,1,6,1,5,1,1,301,1,2,1,1
214,9.28,90,0,4,0,0,1,1,1,2,2,1,0,0,0,0,1,0,0,1,0,117,0,2,1,2
215,7.97,97,1,4,1,1,1,1,1,1,1,1,1,1,1,1,5,1,4,1,1,592,2,2,2,0
216,8.9,92,0,3,2,1,2,1,2,2,2,2,1,1,1,1,8,1,6,3,0,692,2,1,1,1
217,7.06,74,2,4,2,1,2,1,1,1,1,2,1,1,1,0,7,1,4,3,0,648,2,2,1,1
218,6.82,55,1,3,1,0,1,1,1,1,1,0,0,0,0,0,0,0,1,1,0,72,1,1,0,2
219,8.12,82,0,4,2,2,2,2,1,2,1,1,1,1,1,1,4,1,2,2,1,323,2,2,2,0
220,8.22,98,1,3,2,2,1,2,2,1,2,1,1,1,1,1,6,1,5,4,0,562,1,1,0,1
221,7.87,88,2,4,2,1,2,1,2,2,0,0,1,1,1,0,7,1,3,2,1,789,2,2,0,0
222,6.47,83,2,2,1,1,1,0,1,0,0,1,0,0,0,0,1,0,0,0,0,0,0,0,0,2
223,8.87,91,0,4,2,1,2,1,2,2,1,1,1,1,1,1,7,1,7,3,1,702,2,2,2,1
224,8.74,95,0,2,0,0,0,1,1,2,1,2,0,0,0,0,1,0,0,0,0,77,0,1,0,2
225,6.05,75,2,4,1,0,1,1,0,0,0,0,0,0,0,0,1,0,1,0,0,3,1,1,1,2
226,7.4,91,0,3,2,1,2,1,1,1,1,0,1,1,0,0,5,0,2,3,0,433,1,2,0,0
227,7.81,72,1,4,2,0,2,2,2,1,0,1,1,1,0,0,5,0,3,3,0,188,1,1,0,0
228,8.41,88,1,2,2,0,1,2,1,2,1,2,1,1,0,0,3,1,3,0,1,305,2,2,1,0
229,9.56,87,0,3,2,2,2,1,2,2,2,1,1,1,1,1,8,1,3,3,1,729,1,1,1,1
230,8.63,90,0,3,1,2,1,1,2,2,2,2,1,1,1,1,6,1,4,3,1,507,1,2,2,0
231,7.11,86,0,2,2,1,2,2,2,1,1,0,1,1,1,0,5,0,2,5,1,503,2,1,2,1
232,7.22,70,1,3,2,1,2,1,2,1,1,0,1,1,0,0,3,1,3,2,0,198,1,2,0,1
233,8.5,81,0,4,2,1,2,1,1,1,2,1,1,1,1,1,4,0,3,4,1,563,1,1,0,0
234,6.94,65,1,2,2,2,2,2,2,2,2,0,1,1,1,0,5,1,2,2,0,431,2,1,2,0
235,7.0,80,1,4,0,1,1,0,0,1,1,0,0,0,0,0,2,0,1,1,0,11,1,1,0,2
236,9.02,91,0,3,0,0,0,0,2,1,1,2,1,0,0,0,2,1,2,1,0,50,2,2,0,0
237,8.86,100,0,4,1,0,1,0,2,1,1,1,0,0,0,0,0,0,0,1,0,13,0,1,0,2
238,8.19,74,1,4,1,0,2,2,1,1,2,2,1,1,0,0,5,0,2,2,1,140,1,1,0,0
239,8.11,78,0,2,2,1,2,2,2,2,0,0,1,1,1,0,8,1,3,3,1,438,2,1,1,1
240,5.52,80,5,2,1,0,0,1,0,0,0,1,0,0,0,0,1,0,0,0,0,34,1,1,1,2
241,8.2,91,0,3,2,1,2,2,2,2,1,1,1,1,1,1,4,0,4,1,0,621,2,1,0,1
242,6.44,64,5,2,1,1,0,0,1,1,1,1,0,0,0,0,2,0,0,0,0,3,1,1,1,0
243,9.5,91,0,4,2,1,2,1,2,2,2,1,1,1,1,1,8,1,4,5,0,746,1,1,1,1
244,9.52,96,0,4,1,0,1,0,1,1,1,1,1,1,0,0,3,1,2,1,1,99,1,2,1,0
245,5.92,72,2,4,0,1,0,1,1,1,1,0,0,0,0,0,2,0,1,1,0,77,1,0,1,2
246,9.17,91,0,3,0,1,1,1,2,2,1,2,1,1,0,0,4,1,2,1,0,114,1,2,1,0
247,6.88,85,1,4,2,2,2,1,1,2,1,0,1,1,1,0,5,1,2,2,1,504,2,2,1,0
248,8.05,100,1,3,2,1,2,2,2,2,2,2,1,1,1,1,5,1,3,1,0,423,2,1,0,1
249,7.67,72,1,4,2,2,2,2,1,1,1,2,1,1,1,0,6,1,3,1,0,622,1,1,1,0
250,7.35,88,2,4,1,0,1,0,1,1,0,2,1,1,0,0,2,0,1,3,0,326,1,2,0,2
251,8.65,95,1,4,1,1,2,1,2,1,2,1,1,1,1,1,7,0,4,1,1,604,2,2,1,1
252,6.64,75,2,4,2,2,2,1,2,2,1,2,1,1,1,0,7,1,2,3,0,571,2,1,2,1
253,6.87,62,2,4,1,0,0,1,1,0,1,1,0,0,0,0,2,0,0,1,0,3,0,0,0,2
254,8.81,88,1,4,2,2,2,1,1,1,1,1,1,1,1,1,5,0,5,1,1,632,1,1,1,0
255,9.69,97,0,4,1,0,0,0,1,2,1,1,0,0,0,0,0,0,1,1,0,25,0,1,0,2
256,7.34,77,2,3,2,1,2,1,1,1,0,0,1,1,1,0,7,1,2,3,0,366,1,2,1,1
257,9.09,98,1,3,1,1,2,1,2,1,1,2,1,1,1,1,6,1,2,4,1,523,1,2,1,1
258,7.48,82,0,4,2,2,2,2,1,2,2,0,1,1,0,0,3,1,3,0,0,229,1,1,0,0
259,7.5,77,1,2,2,1,1,1,1,1,0,1,1,1,0,0,4,0,3,0,1,124,2,1,1,0
260,8.02,74,1,3,2,2,2,1,2,2,0,0,1,1,1,0,7,0,3,1,0,589,2,2,0,0
261,9.25,91,0,4,0,0,1,0,1,1,1,1,0,0,0,0,1,0,2,0,0,37,0,2,1,2
262,9.5,95,0,3,0,1,0,0,2,2,1,1,1,1,0,0,2,1,2,0,0,93,1,1,0,0
263,8.04,74,0,2,2,2,2,1,2,1,0,1,1,1,1,0,8,1,4,3,0,600,2,2,2,1
264,7.16,85,0,2,2,1,2,1,1,2,2,1,1,1,1,0,4,1,1,3,0,453,1,1,1,0
265,9.31,93,0,4,1,1,0,0,2,2,1,2,0,0,0,0,1,0,0,1,0,21,2,1,1,2
266,9.42,92,0,4,0,0,1,1,2,2,1,2,0,0,0,0,2,0,2,1,0,46,1,1,1,0
267,8.91,97,0,4,2,2,2,2,2,2,2,2,1,1,1,1,8,1,3,5,1,620,1,2,2,1
268,9.54,94,0,4,1,0,0,1,1,1,1,2,0,0,0,0,2,0,2,0,0,74,0,2,0,0
269,9.07,99,0,2,1,0,0,1,2,1,2,2,0,0,0,0,0,0,0,1,0,102,1,2,0,2
270,8.11,84,0,2,1,2,2,1,2,1,2,2,1,1,1,1,7,1,5,3,1,350,2,1,2,1
271,6.79,68,2,4,2,1,2,1,2,2,1,1,1,1,1,0,5,1,4,2,0,604,2,1,1,1
272,7.78,72,0,4,1,1,1,2,1,1,1,2,1,1,0,0,5,0,4,3,1,121,1,1,0,0
273,7.67,90,0,4,1,0,1,0,1,2,2,1,1,1,0,0,2,1,1,2,0,409,1,1,0,0
274,7.13,81,2,3,1,1,1,0,2,2,1,0,1,1,0,0,4,0,1,2,0,258,0,2,1,2
275,5.93,68,3,3,1,1,1,0,1,0,0,0,0,0,0,0,0,0,0,0,0,40,1,0,1,2
276,7.26,81,2,3,2,0,1,1,1,2,2,0,1,1,0,0,2,1,3,2,0,168,1,1,0,0
277,8.4,82,0,2,1,0,1,0,2,1,2,1,1,1,0,0,5,0,4,3,1,144,1,1,1,1
278,8.69,100,0,4,0,0,1,1,2,2,1,2,0,0,0,0,0,0,0,0,0,53,0,1,1,2
279,8.2,88,2,4,1,1,1,1,1,2,1,1,1,1,0,0,5,1,3,3,0,167,1,1,1,1
280,6.14,63,1,4,0,0,1,0,0,0,1,0,0,0,0,0,2,0,0,1,0,42,0,1,1,2
281,7.35,84,2,4,1,0,1,0,1,1,1,2,1,1,0,0,4,0,4,0,1,179,2,2,1,0
282,9.21,99,0,3,0,0,0,1,2,2,2,1,0,0,0,0,1,0,2,1,0,85,2,1,0,0
283,9.65,90,0,4,2,2,2,2,2,2,1,2,1,1,1,1,6,1,3,2,1,766,2,2,2,1
284,7.78,88,1,2,2,2,2,1,2,1,2,1,1,1,1,0,4,1,3,5,1,419,1,1,2,0
285,7.07,85,0,2,2,1,2,1,1,1,1,0,1,1,1,0,6,0,4,3,0,487,2,2,0,0
286,7.82,73,2,3,1,2,1,1,2,1,1,1,1,1,0,0,5,0,4,0,0,265,1,2,0,1
287,9.18,90,0,4,2,2,2,1,2,2,2,2,1,1,1,1,7,1,5,4,0,712,2,2,2,1
288,7.84,68,0,3,2,2,2,2,2,1,1,0,1,1,1,0,8,1,2,3,1,705,1,2,0,1
289,8.38,84,0,4,1,0,1,2,2,2,0,1,1,1,0,0,5,0,3,0,1,370,1,2,0,0
290,6.85,55,1,3,0,1,0,1,0,0,0,1,0,0,0,0,0,0,1,1,0,46,1,0,1,2
291,8.84,80,0,4,1,1,2,1,2,2,1,1,1,1,1,1,7,1,5,3,0,632,2,2,2,1
292,8.25,83,2,4,1,1,2,1,2,2,0,0,1,1,0,0,2,0,1,0,0,140,0,2,0,2
293,8.19,90,1,2,2,1,1,2,2,1,1,1,1,1,1,1,5,0,2,4,0,426,2,2,2,0
294,7.87,89,0,3,2,0,1,1,1,2,0,0,1,1,0,0,4,1,1,0,0,206,1,1,0,0
295,7.16,71,0,4,2,1,2,1,2,1,0,0,1,1,1,0,5,1,3,1,1,421,1,2,2,1
296,6.31,75,3,3,1,0,1,1,1,1,1,1,0,0,0,0,1,0,0,1,0,44,0,1,0,2
297,5.59,59,5,2,0,0,0,0,1,1,1,1,0,0,0,0,2,0,0,0,0,22,0,0,0,2
298,6.44,69,2,4,1,1,0,0,0,0,1,1,0,0,0,0,2,0,0,1,0,19,1,0,1,2
299,8.23,91,2,4,2,1,2,2,2,1,2,0,1,1,0,0,4,1,1,2,1,212,1,2,0,0
300,8.11,90,0,3,1,2,2,1,1,1,1,2,1,1,1,1,4,1,3,2,0,622,1,1,1,0
301,9.04,100,0,4,2,2,2,1,2,2,1,2,1,1,1,1,7,0,7,5,1,609,1,1,2,1
302,8.87,99,0,2,2,1,2,2,2,2,2,2,1,1,1,1,7,1,5,2,1,682,2,2,1,1
303,8.13,77,1,4,2,1,2,1,2,2,2,0,1,1,1,0,6,0,2,3,1,737,2,1,1,1
304,7.41,78,1,3,2,1,2,1,1,1,0,2,1,1,1,0,6,0,4,3,1,665,1,1,2,1
305,8.98,98,0,3,2,1,2,1,2,2,1,2,1,1,1,1,5,1,6,4,0,675,1,2,1,0
306,6.36,80,1,4,1,0,0,0,0,1,0,0,1,1,0,0,3,0,0,0,1,51,0,0,1,2
307,8.94,90,0,4,0,0,1,0,2,2,1,2,0,0,0,0,1,0,1,1,0,102,1,2,1,2
308,9.91,85,0,4,2,2,2,1,2,2,2,2,1,1,1,1,8,1,3,3,1,560,1,2,1,1
309,7.79,71,1,3,2,2,2,1,2,1,0,2,1,1,1,0,6,0,4,5,1,634,2,1,2,1
310,7.36,93,0,2,2,1,2,1,2,2,0,0,1,1,0,0,5,1,2,3,0,231,1,1,0,0
311,7.99,79,0,4,2,1,2,2,2,2,1,1,1,1,1,0,5,1,2,2,1,439,1,2,0,0
312,5.76,57,3,3,1,0,1,1,1,1,1,0,0,0,0,0,1,0,0,0,0,79,0,0,0,2
313,7.16,72,0,4,2,2,2,1,2,2,1,1,1,1,1,0,5,1,4,2,1,581,1,1,1,1
314,8.74,91,0,4,1,1,1,1,2,1,2,1,0,0,0,0,0,0,2,1,0,79,2,2,1,0
315,6.72,70,4,3,1,0,1,0,1,0,0,0,0,0,0,0,2,0,0,0,0,62,0,1,1,2
316,9.36,88,0,2,2,2,2,1,2,2,1,2,1,1,1,1,5,1,7,2,1,579,2,2,2,1
317,9.5,90,0,2,0,0,0,0,2,1,2,2,1,0,0,0,3,0,2,1,1,101,0,1,0,2
318,5.51,71,3,3,0,0,0,0,0,1,1,0,0,0,0,0,0,0,0,1,0,76,0,1,0,2
319,9.29,100,0,3,2,2,2,2,2,2,1,2,1,1,1,1,8,0,4,2,1,703,1,2,2,1
320,9.58,93,0,3,1,1,1,1,1,1,1,2,0,0,0,0,0,0,2,1,0,101,2,1,0,2
321,9.32,90,0,3,1,0,1,0,2,1,1,2,1,1,0,0,3,1,2,0,0,35,2,2,1,0
322,7.87,87,1,2,2,2,2,2,1,1,2,1,1,1,1,1,5,1,4,1,0,628,1,1,2,1
323,6.28,76,2,4,0,1,0,1,0,0,1,0,0,0,0,0,0,0,1,0,0,65,0,1,0,2
324,8.29,80,2,3,2,2,1,1,2,1,0,1,1,1,0,0,4,0,3,3,1,373,0,1,1,0
325,7.77,66,2,4,2,2,2,2,2,1,2,1,1,1,1,0,4,0,4,4,1,385,1,2,0,0
326,7.93,80,2,2,2,2,2,1,1,2,2,0,1,1,1,0,4,1,4,5,1,502,2,2,1,1
327,8.51,91,0,2,1,1,2,2,2,2,2,1,1,1,1,1,4,1,2,4,1,599,2,2,0,1
328,8.64,95,0,4,2,2,2,1,2,2,1,1,1,1,1,1,6,0,5,3,0,401,1,2,1,1
329,8.02,72,0,4,2,2,2,1,1,1,2,0,1,1,1,0,4,1,3,3,0,567,2,2,2,0
330,6.64,64,2,3,1,1,1,0,0,1,1,1,1,1,0,0,4,1,0,0,0,17,1,1,1,0
331,7.81,83,0,4,2,2,2,1,1,1,1,2,1,1,1,1,6,1,4,1,1,541,2,1,0,1
332,9.72,88,0,2,2,1,2,1,2,2,2,2,1,1,1,1,8,1,5,3,1,872,2,1,2,1
333,7.16,73,2,2,2,1,2,2,2,1,0,1,1,1,1,0,6,1,3,4,1,532,2,1,0,1
334,6.87,85,1,3,0,0,1,1,0,1,1,0,0,0,0,0,2,0,1,1,0,46,0,1,1,2
335,7.97,91,0,3,1,1,1,2,2,1,2,2,1,1,0,0,5,1,4,2,0,120,1,1,1,0
336,8.61,86,0,3,2,2,1,1,1,1,2,2,1,1,1,1,6,1,4,4,0,355,1,2,2,1
337,9.14,84,1,4,1,1,1,1,1,2,1,2,1,1,1,1,4,1,4,4,1,320,1,1,2,0
338,9.0,87,0,4,1,1,1,1,2,2,2,1,1,1,1,1,5,1,3,1,1,423,2,2,2,1
339,6.9,63,2,3,0,1,0,1,1,0,0,0,0,0,0,0,0,0,0,1,0,16,1,1,0,2
340,8.13,84,2,3,2,2,1,2,2,2,1,1,1,1,0,0,3,1,1,2,1,213,1,1,1,0
341,8.02,81,0,4,1,1,2,1,1,2,1,1,1,1,1,1,5,1,4,1,1,486,2,1,2,1
342,6.01,63,2,4,1,1,0,1,1,1,0,0,0,0,0,0,1,0,1,1,0,72,1,1,0,2
343,9.2,92,0,4,1,0,0,0,1,2,1,1,1,1,0,0,2,1,1,1,0,52,1,2,1,0
344,8.28,75,2,4,2,0,2,2,2,2,0,0,1,1,0,0,3,0,1,3,1,198,2,2,0,1
345,8.75,83,1,4,1,1,1,2,1,2,1,1,1,1,1,1,6,1,4,2,1,267,1,2,1,0
346,7.49,65,2,4,2,2,2,1,1,2,0,0,1,1,1,0,8,0,4,4,1,629,2,1,0,1
347,7.16,72,0,4,2,2,2,2,1,1,1,2,1,1,0,0,4,0,1,0,0,277,0,2,1,0
348,9.45,97,0,3,1,1,1,1,1,1,1,1,1,1,0,0,3,1,2,1,0,55,1,2,1,0
349,6.76,66,1,4,2,1,2,1,1,1,2,0,1,1,1,0,4,1,2,3,1,532,1,1,2,1
350,8.39,77,0,2,2,1,1,1,1,1,2,1,1,1,0,0,2,0,4,1,0,380,0,1,0,0
351,8.2,97,0,4,2,1,1,2,1,1,1,1,1,1,1,1,4,1,4,1,0,484,1,2,0,0
352,6.59,90,2,4,2,2,2,1,2,2,1,2,1,1,1,0,5,1,3,2,1,418,1,1,0,0
353,7.95,73,2,4,2,2,2,1,1,2,1,1,1,1,1,0,7,0,4,5,0,706,2,2,0,1
354,9.57,87,0,4,2,1,2,2,2,2,1,1,1,1,1,1,6,1,5,3,1,536,2,1,1,1
355,8.95,98,0,3,2,1,2,2,2,2,1,1,1,1,1,1,5,1,6,3,1,796,2,1,2,1
356,7.38,67,2,4,2,1,2,1,2,2,2,1,1,1,1,0,5,1,3,1,0,745,1,2,2,1
357,6.88,85,0,2,2,1,2,2,2,2,2,0,1,1,1,0,4,1,3,2,0,716,1,1,2,1
358,7.36,89,2,4,1,2,1,1,1,2,0,1,1,1,0,0,5,1,3,0,0,324,2,2,1,0
359,8.44,94,1,4,2,2,1,2,1,1,2,1,1,1,1,1,6,1,2,1,0,330,2,1,0,1
360,8.51,87,1,4,2,2,2,2,2,1,2,2,1,1,1,1,4,0,3,4,0,280,2,1,1,0
361,9.72,87,0,4,2,1,2,2,2,2,1,2,1,1,1,1,5,1,4,4,1,797,2,2,2,1
362,7.61,65,2,3,2,1,2,2,1,2,2,0,1,1,1,0,5,1,2,1,0,391,2,2,2,0
363,9.67,100,0,4,2,1,2,1,2,2,2,1,1,1,1,1,5,1,4,2,1,611,1,1,1,1
364,8.68,100,0,3,1,0,1,1,2,2,1,2,0,0,0,0,2,0,0,1,0,101,2,1,0,0
365,8.76,98,0,2,0,1,1,1,2,2,1,2,0,0,0,0,0,0,0,0,0,77,2,1,1,0
366,7.9,86,2,4,2,1,1,1,2,1,2,2,1,1,0,0,3,0,4,3,1,125,1,2,0,0
367,8.31,94,1,3,1,2,2,1,1,1,2,1,1,1,1,1,5,1,2,4,1,549,1,2,1,0
368,9.21,92,0,4,1,1,0,1,2,1,2,1,0,0,0,0,1,0,1,0,0,94,2,2,0,0
369,7.9,74,1,4,2,1,2,1,1,2,1,2,1,1,1,0,5,0,2,2,0,564,1,2,1,0
370,5.97,57,5,4,0,0,1,1,0,1,1,0,0,0,0,0,1,0,1,1,0,48,0,1,0,2
371,9.02,92,0,3,2,2,2,1,2,2,2,1,1,1,1,1,5,1,6,2,1,500,2,2,2,1
372,6.27,79,3,4,1,1,0,0,0,0,0,0,0,0,0,0,1,0,0,0,0,25,1,0,1,2
373,7.4,70,0,4,2,2,2,2,2,1,1,0,1,1,1,0,7,1,3,4,0,350,1,2,1,0
374,7.43,69,1,2,2,2,2,1,1,1,0,2,1,1,1,0,5,0,2,1,1,698,1,2,1,1
375,8.63,80,1,3,2,1,1,1,1,2,1,2,1,1,1,1,7,1,4,4,0,393,2,1,0,0
376,7.23,89,2,3,1,2,2,0,2,2,2,0,1,1,0,0,2,1,2,1,0,240,2,1,1,0
377,7.77,70,1,3,2,2,2,1,2,1,1,2,1,1,1,0,6,1,4,1,1,770,1,2,0,1
378,8.1,80,2,4,2,1,2,2,2,2,0,2,1,1,1,0,7,0,3,2,0,422,2,1,1,1
379,9.81,89,0,3,2,1,2,2,2,2,1,1,1,1,1,1,7,1,4,3,1,608,2,2,1,1
380,8.73,82,0,4,1,1,2,1,1,1,1,2,1,1,1,1,4,1,4,1,1,483,1,2,1,1
381,8.5,80,1,2,2,1,2,2,1,1,1,2,1,1,1,1,4,1,3,1,1,625,1,2,1,0
382,8.0,94,0,2,1,1,1,0,2,1,0,0,1,1,0,0,4,0,4,2,0,299,1,1,1,0
383,6.08,80,4,4,0,1,0,1,1,0,0,0,0,0,0,0,1,0,0,0,0,48,1,1,1,2
384,7.46,81,0,4,2,0,2,1,2,2,2,0,1,1,0,0,5,0,2,2,0,220,1,1,0,0
385,6.62,89,2,2,2,1,2,2,2,2,2,0,1,1,1,0,4,1,3,3,1,695,2,1,1,0
386,6.7,78,0,4,2,1,2,2,1,2,2,0,1,1,1,0,5,1,2,1,1,447,1,1,1,0
387,7.88,90,0,3,2,2,2,1,1,2,0,2,1,1,1,0,5,1,2,3,1,642,1,1,0,0
388,7.02,73,1,3,1,0,2,1,2,1,0,2,1,1,0,0,5,1,2,2,0,352,1,2,0,0
389,7.61,87,0,4,2,2,2,1,2,2,0,0,1,1,1,0,5,1,4,4,0,504,1,2,1,0
390,8.13,78,0,2,2,1,2,1,2,2,1,1,1,1,1,0,5,1,2,3,0,458,2,2,2,0
391,8.35,94,1,4,2,2,1,2,2,1,2,1,1,1,1,1,6,1,3,3,0,582,2,1,1,0
392,9.06,95,0,3,0,0,0,0,2,2,1,2,1,1,0,0,3,0,1,1,1,36,1,1,0,2
393,8.9,84,0,3,2,2,2,2,2,2,1,1,1,1,1,1,7,0,2,2,1,506,1,2,0,1
394,6.01,77,4,3,0,0,1,1,1,1,0,0,0,0,0,0,2,0,0,0,0,78,1,0,1,2
395,8.01,81,2,3,2,2,2,1,2,2,0,2,1,1,1,0,7,1,2,1,1,766,1,1,1,1
396,6.4,66,4,3,1,1,1,0,1,0,1,0,0,0,0,0,1,0,1,1,0,69,1,1,1,2
397,6.43,77,3,2,1,1,1,0,1,0,0,1,0,0,0,0,1,0,1,1,0,29,0,0,1,2
398,7.46,76,0,4,2,1,2,1,2,1,2,2,1,1,1,0,8,0,4,1,1,762,1,1,0,0
399,7.64,82,0,3,2,1,2,2,2,2,0,2,1,1,1,0,6,0,4,2,1,431,1,2,2,0
400,9.0,99,0,3,1,0,0,0,1,1,2,1,0,0,0,0,2,0,0,1,0,63,0,1,1,2
401,7.45,92,0,2,1,1,1,2,1,2,2,0,1,1,0,0,2,1,2,3,0,398,1,2,0,0
402,8.46,78,0,3,1,0,1,2,1,1,2,2,1,1,0,0,3,1,3,3,1,305,1,2,0,0
403,7.78,79,1,3,2,1,2,2,1,2,2,1,1,1,1,0,5,0,3,5,0,517,1,2,0,0
404,7.17,78,0,2,1,1,1,1,1,1,1,0,1,1,0,0,5,0,3,0,0,218,1,1,0,2
405,9.17,94,0,4,2,1,2,1,2,2,2,1,1,1,1,1,5,1,5,3,1,860,2,2,1,1
406,6.29,69,3,4,0,0,0,0,1,0,1,0,0,0,0,0,2,0,0,1,0,61,1,0,1,2
407,8.63,84,1,2,2,1,2,1,2,1,2,2,1,1,1,1,6,1,4,3,0,432,2,1,1,1
408,8.08,84,0,3,2,1,2,2,2,2,1,2,1,1,1,1,6,1,4,4,0,644,1,1,2,0
409,6.13,77,2,4,1,0,1,0,0,0,0,1,0,0,0,0,1,0,1,0,0,46,1,0,1,2
410,7.57,75,2,4,1,0,2,2,2,1,2,2,1,1,0,0,3,1,3,0,1,184,2,2,1,0
411,9.25,95,0,4,1,0,1,0,2,2,2,2,0,0,0,0,2,0,1,1,0,1,0,2,0,0
412,7.8,79,2,4,2,1,2,2,2,1,1,1,1,1,1,0,7,0,3,3,0,707,1,1,0,0
413,6.89,76,0,2,2,2,2,2,2,2,2,0,1,1,1,0,6,1,2,3,1,532,1,2,0,0
414,5.76,55,5,4,1,1,0,0,1,0,0,1,0,0,0,0,0,0,0,1,0,77,0,1,0,2
415,7.4,78,1,4,1,0,2,0,1,2,0,0,1,1,0,0,3,1,2,2,0,135,1,2,0,0
416,8.84,100,0,3,0,0,0,0,2,1,2,2,1,0,0,0,4,1,0,0,0,12,1,1,0,0
417,9.62,94,0,4,2,1,2,1,2,2,1,1,1,1,1,1,7,1,3,4,1,873,2,1,2,1
418,6.39,84,4,4,0,0,0,0,0,0,0,1,0,0,0,0,0,0,1,0,0,32,0,0,1,2
419,8.27,72,0,4,2,1,1,1,2,1,1,0,1,1,0,0,5,0,4,3,0,227,1,2,1,0
420,8.47,98,0,4,1,0,0,1,2,2,2,1,0,0,0,0,2,0,2,0,0,4,2,2,1,2
421,9.19,84,1,3,1,2,2,2,1,2,1,1,1,1,1,1,5,1,4,4,0,359,1,2,2,0
422,8.44,74,2,4,1,0,1,2,1,1,2,0,1,1,0,0,5,1,2,2,0,100,1,1,0,0
423,8.52,80,1,2,2,2,2,2,1,1,1,2,1,1,1,1,6,1,2,2,1,359,1,2,2,0
424,6.72,78,0,3,2,1,2,1,1,2,2,2,1,1,1,0,5,1,2,1,1,619,1,2,0,1
425,6.02,64,4,4,1,0,0,1,1,0,1,0,1,1,0,0,3,1,1,1,0,72,1,0,1,2
426,7.82,87,0,3,1,2,2,2,1,2,2,2,1,1,0,0,2,0,4,3,0,323,1,2,1,0
427,6.41,71,1,4,0,1,0,1,0,1,0,0,0,0,0,0,1,0,0,0,0,4,0,1,1,2
428,7.27,75,1,4,2,2,2,1,1,1,0,1,1,1,1,0,5,1,4,1,0,640,1,2,2,0
429,7.31,85,0,3,1,0,1,1,2,2,2,0,1,1,0,0,3,1,1,2,0,278,2,1,0,0
430,6.72,71,3,2,0,0,0,1,0,0,0,0,0,0,0,0,2,0,0,0,0,5,0,0,1,2
431,9.35,85,0,3,2,2,2,2,2,2,2,2,1,1,1,1,5,1,5,4,1,610,2,2,1,1
432,8.4,95,1,3,2,2,1,2,2,1,2,2,1,1,1,1,6,1,3,1,0,504,1,2,0,1
433,6.8,68,3,4,1,0,1,0,1,0,0,0,0,0,0,0,1,0,1,1,0,51,0,1,1,0
434,6.22,81,5,4,1,1,0,1,1,1,1,0,0,0,0,0,0,0,1,0,0,38,1,0,0,2
435,7.98,67,2,2,2,1,2,2,2,1,1,2,1,1,1,0,5,1,4,1,0,443,2,1,0,1
436,7.89,83,0,3,1,2,1,1,2,2,2,2,1,1,1,1,4,1,2,4,0,316,1,1,2,0
437,7.32,85,2,3,2,1,2,2,2,1,0,2,1,1,1,0,8,1,3,2,1,721,1,1,1,0
438,8.24,76,1,4,1,1,1,2,1,2,2,1,1,1,0,0,3,1,1,1,0,193,2,1,1,0
439,7.86,67,0,3,2,2,2,1,2,1,2,2,1,1,1,0,5,0,2,2,1,452,2,2,0,1
440,5.77,57,1,3,1,0,1,1,1,1,0,0,0,0,0,0,1,0,0,1,0,47,0,1,1,2
441,6.46,64,1,3,1,1,0,0,0,1,1,0,0,0,0,0,1,0,1,1,0,80,1,0,0,2
442,6.6,66,0,3,2,2,2,1,2,2,2,1,1,1,1,0,6,1,2,5,1,424,2,2,1,1
443,5.74,85,5,3,1,1,1,0,1,1,1,1,0,0,0,0,0,0,0,0,0,37,1,1,1,2
444,7.08,84,2,4,2,0,1,1,2,1,1,1,1,1,0,0,4,0,4,3,0,446,2,2,1,0
445,7.93,71,1,2,2,2,2,2,1,1,1,1,1,1,1,0,7,1,3,2,1,651,1,1,2,0
446,8.1,95,0,2,1,1,2,0,1,2,1,0,1,1,0,0,4,0,2,3,1,298,1,2,1,0
447,6.05,76,2,4,0,0,0,1,0,1,0,1,0,0,0,0,1,0,0,0,0,28,1,0,1,2
448,8.92,100,0,4,0,1,1,0,2,1,2,1,0,0,0,0,1,0,0,1,0,110,1,1,0,2
449,6.87,89,0,2,2,1,2,1,1,2,1,1,1,1,1,0,6,1,2,4,1,587,2,2,2,0
450,6.2,73,4,2,1,0,0,1,0,1,0,1,0,0,0,0,1,0,1,1,0,58,0,1,0,2
451,8.21,99,1,4,1,1,1,2,1,2,2,2,1,1,1,1,5,0,4,2,0,330,2,2,2,0
452,7.99,76,2,2,2,1,2,1,2,1,2,1,1,1,1,0,7,1,4,5,1,745,2,2,0,1
453,7.68,91,0,2,2,0,2,1,1,1,2,0,1,1,0,0,4,1,2,3,0,337,2,1,0,1
454,9.63,87,0,4,2,1,2,1,2,2,1,1,1,1,1,1,7,1,3,4,1,823,2,2,2,1
455,7.33,86,0,2,2,1,2,2,2,1,0,1,1,1,1,0,4,1,1,2,1,622,1,1,1,0
456,9.49,100,0,4,1,0,0,0,2,2,1,2,0,0,0,0,2,0,2,1,0,60,1,2,0,2
457,8.05,80,1,4,2,2,1,1,2,1,1,1,1,1,0,0,4,1,3,0,1,361,1,2,1,0
458,9.44,92,0,3,2,2,2,1,2,2,2,1,1,1,1,1,5,1,7,3,1,460,2,2,1,1
459,9.69,99,0,3,0,1,1,0,2,2,2,1,1,1,0,0,2,1,2,1,0,29,2,1,0,2
460,7.0,81,0,4,2,2,2,1,1,1,1,1,1,1,1,0,6,1,2,4,0,439,2,1,0,1
461,8.02,82,1,3,2,0,2,1,1,1,1,0,1,1,0,0,5,1,2,3,1,244,2,2,0,1
462,8.42,93,0,4,1,2,2,2,2,2,1,1,1,1,1,1,5,1,3,4,1,460,2,1,0,0
463,6.86,83,0,2,2,1,2,2,2,1,0,2,1,1,1,0,6,0,4,5,1,796,2,2,0,1
464,6.02,74,1,4,0,0,1,1,0,0,1,0,1,1,0,0,3,1,1,1,0,58,1,1,1,2
465,6.7,68,1,3,2,2,2,1,1,2,2,1,1,1,1,0,8,1,2,5,1,721,2,1,0,0
466,9.03,92,0,2,1,1,0,1,1,1,1,1,1,0,0,0,2,1,0,0,0,26,2,2,1,0
467,6.52,85,5,4,1,0,1,0,1,1,1,0,0,0,0,0,2,0,1,1,0,71,1,0,0,2
468,6.61,89,0,4,2,2,2,2,1,1,1,1,1,1,1,0,8,1,2,5,1,623,2,2,1,1
469,6.73,72,2,3,2,2,2,1,1,1,1,2,1,1,1,0,5,1,2,3,1,718,1,1,2,1
470,7.92,96,1,4,1,1,2,1,1,2,1,2,1,1,1,1,4,1,4,3,1,607,2,1,1,1
471,8.62,85,1,4,2,2,1,2,2,2,2,1,1,1,1,1,5,1,3,2,1,340,1,2,0,1
472,9.41,87,0,4,2,2,2,2,2,2,2,1,1,1,1,1,8,1,5,4,1,817,2,2,1,1
473,8.13,93,2,3,1,2,2,2,1,1,1,0,1,1,0,0,3,0,1,0,0,345,0,1,0,0
474,8.44,85,0,3,1,0,1,2,1,2,1,0,1,1,0,0,4,1,3,0,0,123,2,2,1,0
475,7.92,68,2,4,2,1,2,1,2,1,2,2,1,1,1,0,5,1,4,5,1,616,2,2,0,1
476,6.54,81,1,4,2,1,2,1,1,1,2,1,1,1,1,0,8,0,4,4,0,496,2,1,0,0
477,7.77,88,1,4,2,1,2,1,2,2,1,0,1,1,0,0,4,1,4,1,0,373,1,1,0,0
478,5.7,79,3,3,1,1,1,1,1,0,1,1,0,0,0,0,2,0,0,0,0,45,1,0,0,0
479,8.63,96,0,2,2,2,2,2,2,1,1,1,1,1,1,1,5,1,5,2,1,267,2,1,2,0
480,9.53,99,0,3,0,0,1,0,2,2,1,1,0,0,0,0,2,0,2,1,0,27,2,1,0,0
481,7.78,75,2,4,2,2,2,1,2,2,2,1,1,1,0,0,4,0,3,1,0,314,1,1,1,0
482,8.19,68,0,3,2,2,2,2,1,2,2,0,1,1,1,0,6,0,3,1,0,505,1,2,0,1
483,7.04,79,1,4,2,1,2,2,1,2,0,2,1,1,1,0,7,1,2,4,1,800,2,2,0,1
484,7.43,82,2,3,2,2,2,2,1,1,2,0,1,1,1,0,8,1,2,1,1,597,2,2,1,1
485,7.38,85,2,4,1,2,2,0,2,1,1,1,1,1,0,0,5,1,3,0,0,156,1,1,1,0
486,7.58,84,0,3,2,2,2,2,2,1,1,2,1,1,1,0,5,0,4,1,0,657,2,2,2,1
487,8.49,88,2,3,1,0,1,0,2,1,0,2,1,1,0,0,2,0,4,2,0,425,0,2,0,0
488,7.85,89,1,3,1,1,2,1,2,1,2,2,1,1,1,1,6,1,5,3,1,340,1,2,1,0
489,7.2,66,2,2,2,2,2,1,1,2,0,0,1,1,1,0,4,0,2,2,0,635,1,1,2,1
490,8.42,99,0,4,0,0,1,0,1,2,2,1,0,0,0,0,2,0,1,0,0,79,1,1,0,0
491,7.26,92,0,2,2,0,2,1,2,2,1,0,1,1,0,0,5,0,2,1,1,334,2,1,1,1
492,7.17,72,0,3,1,0,1,0,1,2,2,2,1,1,0,0,3,0,1,0,1,260,0,1,1,0
493,9.23,99,0,2,0,1,1,1,2,1,2,1,0,0,0,0,1,0,1,0,0,88,2,1,0,2
494,6.55,84,1,4,2,1,2,1,1,1,2,2,1,1,1,0,6,1,2,4,1,569,1,2,0,1
495,8.51,95,0,3,1,1,0,1,2,1,1,1,0,0,0,0,1,0,2,1,0,62,2,2,0,2
496,8.3,82,0,3,1,1,2,1,2,2,1,2,1,1,1,1,5,1,3,1,0,512,1,2,0,0
497,9.56,94,0,3,2,1,2,1,2,2,1,1,1,1,1,1,5,1,6,5,1,671,2,2,1,1
498,6.93,87,0,4,2,1,2,2,1,1,2,0,1,1,1,0,5,0,2,1,1,412,2,1,2,0
499,9.36,97,0,3,2,1,2,2,2,2,1,2,1,1,1,1,8,1,6,3,0,859,1,2,2,1
500,5.76,79,3,4,0,1,1,0,1,0,0,0,0,0,0,0,0,0,0,1,0,28,0,1,1,2
501,8.0,72,2,4,2,2,2,1,2,1,0,1,1,1,0,0,3,1,2,2,0,278,2,2,1,1
502,7.42,89,1,4,2,2,1,1,2,2,1,0,1,1,0,0,3,0,4,3,0,115,0,1,1,2
503,9.95,85,0,4,2,2,2,2,2,2,2,2,1,1,1,1,8,1,6,5,1,632,1,2,1,1
504,7.9,69,1,3,2,2,2,2,1,2,0,0,1,1,1,0,5,0,2,5,1,397,2,1,1,1
505,9.01,97,0,4,1,0,0,1,1,1,1,2,1,0,0,0,2,1,1,0,0,67,1,2,1,0
506,7.39,72,0,4,2,1,2,1,1,2,1,0,1,1,1,0,7,1,2,2,0,372,2,2,2,1
507,7.85,72,1,2,2,1,2,2,1,2,2,2,1,1,1,0,8,0,3,2,1,700,2,2,2,1
508,5.77,81,1,4,0,0,1,0,1,1,1,0,0,0,0,0,2,0,0,0,0,54,1,0,1,2
509,8.34,91,0,3,1,0,1,1,1,2,0,1,1,1,0,0,2,0,3,3,0,406,2,2,0,0
510,9.47,98,0,4,1,1,0,1,1,1,2,2,0,0,0,0,0,0,2,1,0,103,1,1,1,0
511,7.43,74,1,3,2,0,2,1,2,1,2,1,1,1,0,0,4,0,4,1,1,443,0,2,0,0
512,7.29,72,1,4,2,1,1,1,2,2,1,1,1,1,0,0,3,0,1,2,0,421,2,2,1,0
513,9.56,90,0,3,2,1,2,2,2,2,1,2,1,1,1,1,5,1,5,2,1,470,2,1,1,1
514,6.86,74,3,2,1,1,0,1,1,1,1,0,0,0,0,0,0,0,0,1,0,17,0,0,0,0
515,7.55,82,2,2,2,0,1,1,1,1,2,0,1,1,0,0,2,0,3,2,0,295,2,2,0,2
516,6.67,60,2,3,1,1,1,0,0,1,0,1,0,0,0,0,0,0,0,0,0,19,0,1,0,2
517,6.72,72,1,3,1,1,1,0,0,0,0,1,0,0,0,0,0,0,0,1,0,28,0,1,1,2
518,8.1,87,2,4,2,2,2,2,1,1,2,0,1,1,0,0,5,1,2,3,1,414,2,2,0,1
519,6.57,76,2,4,0,0,0,0,1,1,1,1,1,1,0,0,3,1,0,1,0,48,1,1,0,2
520,7.54,70,1,3,1,2,1,1,2,1,1,0,1,1,0,0,5,0,3,0,0,362,2,2,1,0
521,7.42,80,0,4,2,2,2,1,1,2,1,2,1,1,0,0,4,0,2,0,1,391,1,2,1,0
522,5.87,83,3,2,0,1,1,0,0,1,0,1,0,0,0,0,2,0,1,0,0,77,1,0,1,2
523,6.2,83,4,2,0,1,0,1,0,0,0,1,0,0,0,0,2,0,1,1,0,32,1,0,1,2
524,8.08,95,0,2,2,1,2,2,1,1,1,1,1,1,1,1,6,1,4,3,1,610,1,2,0,0
525,5.54,83,3,3,1,0,0,0,0,1,0,0,0,0,0,0,1,0,0,0,0,37,1,0,0,2
526,7.4,90,0,4,2,1,1,1,2,1,0,2,1,1,0,0,4,1,3,1,0,114,1,2,0,0
527,7.5,89,0,3,2,1,2,2,1,1,1,1,1,1,1,0,6,0,4,4,1,666,2,2,0,1
528,9.46,94,0,2,1,1,1,0,1,2,1,2,0,0,0,0,0,0,1,0,0,97,1,2,0,2
529,9.21,97,0,4,1,1,1,0,1,1,1,2,0,0,0,0,0,0,2,1,0,42,1,1,0,2
530,8.02,94,0,2,2,1,2,2,1,2,2,2,1,1,1,1,7,0,5,3,0,471,2,1,0,1
531,8.88,97,0,4,0,0,1,1,2,1,2,1,0,0,0,0,1,0,2,0,0,88,0,2,1,2
532,9.67,89,0,3,2,1,2,1,2,2,2,1,1,1,1,1,5,1,6,5,1,500,1,1,1,1
533,8.3,94,1,3,2,1,2,2,1,1,2,2,1,1,1,1,4,1,2,3,0,536,2,1,2,1
534,7.32,75,0,2,2,1,2,1,1,1,0,2,1,1,1,0,4,1,3,2,0,569,2,1,2,0
535,7.96,85,1,4,1,1,1,0,2,1,0,0,1,1,0,0,4,1,1,2,0,274,2,1,1,0
536,7.62,78,2,3,2,0,1,2,2,1,2,1,1,1,0,0,5,0,2,0,1,111,1,2,0,0
537,6.68,69,2,2,0,0,0,1,1,0,0,1,0,0,0,0,0,0,1,0,0,66,0,0,1,2
538,5.62,68,4,3,1,0,0,1,0,0,0,0,0,0,0,0,1,0,1,1,0,10,1,1,1,2
539,7.31,70,1,4,1,2,2,1,1,1,0,2,1,1,0,0,4,1,1,0,0,271,1,1,0,0
540,5.96,71,1,3,1,1,1,1,0,1,0,1,0,0,0,0,0,0,0,1,0,23,1,0,1,2
541,6.8,80,1,3,2,1,2,1,1,1,1,1,1,1,1,0,5,0,4,1,1,396,2,1,2,0
542,7.87,88,2,4,2,0,2,1,2,2,1,1,1,1,0,0,4,1,2,1,0,446,2,1,1,1
543,7.69,73,0,4,2,0,1,1,1,2,0,1,1,1,0,0,3,0,2,0,1,148,1,2,0,0
544,8.16,88,0,4,1,0,1,2,1,1,1,2,1,1,0,0,3,1,2,0,0,440,2,2,1,0
545,6.66,90,2,4,2,1,2,2,1,1,0,2,1,1,1,0,6,1,4,5,0,363,2,1,1,0
546,8.58,86,1,3,1,2,2,2,2,2,1,1,1,1,1,1,6,1,5,1,0,452,1,1,1,0
547,7.1,79,1,4,2,2,1,1,1,2,2,0,1,1,0,0,4,0,2,3,0,449,2,2,0,0
548,8.99,93,0,3,2,1,2,1,2,2,1,2,1,1,1,1,7,1,6,2,1,498,2,1,2,1
549,6.06,74,2,2,0,1,1,1,1,1,1,1,1,1,0,0,4,1,1,1,0,66,1,0,1,0
550,7.66,90,0,4,1,1,2,1,2,2,2,0,1,1,0,0,5,1,2,3,0,215,2,1,1,1
551,9.18,85,0,4,2,2,2,2,2,2,1,1,1,1,1,1,8,1,5,2,1,814,1,2,1,1
552,8.27,95,1,2,1,1,2,2,1,2,2,1,1,1,1,1,6,0,4,2,1,450,1,1,2,1
553,9.52,94,0,4,2,1,2,2,2,2,1,2,1,1,1,1,8,1,3,3,1,682,2,1,1,1
554,7.02,90,1,2,1,1,1,0,1,2,2,1,1,1,0,0,3,1,2,1,1,273,1,2,0,0
555,7.58,81,0,4,2,2,1,2,2,2,1,1,1,1,0,0,3,0,4,2,1,364,2,1,0,0
556,8.71,91,0,2,0,0,1,1,2,2,1,1,1,1,0,0,2,1,1,0,0,67,2,1,1,2
557,5.68,85,5,3,1,0,0,1,1,1,0,0,0,0,0,0,2,0,0,1,0,20,1,1,0,2
558,7.0,84,0,3,2,2,1,2,2,1,0,2,1,1,0,0,2,1,3,3,0,138,1,2,1,0
559,9.06,99,0,3,0,1,0,0,2,2,2,2,0,0,0,0,2,0,1,0,0,87,0,2,0,2
560,8.0,78,0,4,2,1,2,1,2,1,0,2,1,1,0,0,5,0,2,0,1,258,2,2,1,0
561,8.15,83,0,4,2,2,1,2,1,1,2,2,1,1,1,1,6,0,2,2,0,549,2,1,0,1
562,8.21,93,1,3,1,2,1,2,1,2,1,2,1,1,1,1,5,1,3,2,0,498,1,2,1,0
563,7.58,89,2,4,2,1,2,1,2,2,2,0,1,1,1,0,5,1,2,3,1,406,2,2,1,1
564,7.11,75,2,2,2,0,2,1,2,1,2,2,1,1,0,0,3,1,1,3,0,300,1,2,1,0
565,9.75,93,0,4,2,2,2,2,2,2,1,2,1,1,1,1,6,1,4,2,0,679,1,2,1,1
566,8.86,96,0,3,2,2,2,2,2,2,2,1,1,1,1,1,7,1,3,2,0,592,2,2,2,1
567,6.61,86,2,2,2,2,2,2,1,2,1,1,1,1,1,0,6,1,4,4,0,574,2,2,2,1
568,7.69,77,2,4,2,2,2,1,1,1,1,0,1,1,1,0,8,1,2,5,1,722,2,2,1,1
569,6.23,57,5,3,0,0,0,0,1,1,1,0,0,0,0,0,2,0,1,0,0,42,1,1,1,2
570,8.43,75,2,4,2,0,2,2,2,1,2,2,1,1,0,0,4,1,3,0,0,168,1,1,0,1
571,7.07,71,2,4,1,0,1,0,1,2,1,2,1,1,0,0,3,1,4,1,1,167,1,1,0,0
572,7.96,100,0,3,2,2,2,1,2,2,1,1,1,1,1,1,7,1,3,3,1,595,2,2,2,1
573,6.12,65,1,2,0,1,0,1,1,1,1,0,0,0,0,0,2,0,0,0,0,44,1,1,1,0
574,7.37,81,1,3,2,2,2,1,1,1,0,2,1,1,0,0,5,1,2,1,0,237,2,2,0,0
575,7.49,88,1,4,2,2,2,2,2,1,2,2,1,1,0,0,4,0,4,3,1,259,0,2,0,0
576,6.25,55,1,4,1,1,1,0,1,0,1,0,0,0,0,0,1,0,1,1,0,0,1,0,1,2
577,7.81,73,2,3,2,1,2,1,1,1,0,2,1,1,1,0,5,1,3,1,1,765,1,1,2,0
578,9.0,97,0,3,2,2,2,2,2,2,2,1,1,1,1,1,7,1,5,2,1,592,2,1,2,1
579,5.74,76,5,3,0,0,1,1,1,0,1,1,0,0,0,0,1,0,0,1,0,66,1,0,0,2
580,8.96,90,0,3,0,0,0,0,1,2,2,2,0,0,0,0,2,0,2,1,0,87,1,2,0,2
581,7.07,88,1,4,2,0,1,2,2,1,1,1,1,1,0,0,3,1,1,1,0,111,2,2,1,1
582,8.89,81,0,3,1,2,1,1,1,2,1,2,1,1,1,1,7,1,4,2,1,456,2,1,0,1
583,9.25,95,0,3,0,1,0,0,2,1,1,1,0,0,0,0,1,0,1,1,0,93,1,1,1,2
584,9.68,97,0,3,1,1,0,0,2,2,2,1,0,0,0,0,0,0,1,1,0,80,2,2,1,0
585,8.8,99,1,3,1,2,2,2,1,1,1,2,1,1,1,1,7,0,4,3,0,289,1,1,0,0
586,9.74,100,0,3,1,1,1,0,1,2,1,1,0,0,0,0,1,0,1,1,0,96,2,2,1,0
587,7.0,68,0,3,2,2,2,1,2,1,0,1,1,1,1,0,6,1,4,4,0,364,1,1,0,0
588,7.37,76,1,4,2,1,2,1,2,1,0,2,1,1,1,0,5,1,4,4,0,703,1,1,0,1
589,8.28,81,1,3,1,2,2,2,1,1,1,2,1,1,1,1,4,0,2,3,1,408,2,2,0,0
590,7.45,71,0,2,1,2,1,2,1,1,0,0,1,1,0,0,4,0,3,2,0,111,0,2,1,0
591,9.61,100,0,2,2,1,2,1,2,2,2,1,1,1,1,1,5,1,6,3,1,463,2,2,1,1
592,9.36,92,0,3,0,0,0,1,1,1,2,1,0,0,0,0,2,0,1,0,0,21,0,2,0,2
593,9.87,95,0,4,2,1,2,1,2,2,1,1,1,1,1,1,7,1,5,4,1,751,1,2,1,1
594,7.84,77,1,3,1,1,1,1,1,1,1,0,1,1,0,0,2,1,3,3,0,108,2,2,1,2
595,8.02,80,1,4,1,2,1,0,1,2,2,2,1,1,0,0,3,0,1,2,0,404,2,1,1,0
596,6.92,86,2,4,2,1,2,1,1,2,2,1,1,1,1,0,8,1,2,1,1,712,2,2,1,1
597,9.95,91,0,2,2,2,2,2,2,2,2,1,1,1,1,1,5,1,4,5,0,818,1,1,1,1
598,7.94,87,1,4,2,2,2,1,1,2,2,2,1,1,1,1,5,1,3,3,1,604,1,2,2,1
599,9.72,99,0,3,0,1,1,1,1,2,1,2,0,0,0,0,0,0,1,0,0,105,0,2,0,2
600,7.27,83,1,3,2,1,2,1,2,2,1,2,1,1,0,0,5,0,2,1,0,184,2,1,0,0
601,9.16,93,0,4,2,1,2,2,2,2,2,2,1,1,1,1,5,1,3,5,1,482,2,1,2,1
602,9.11,86,0,3,2,1,2,2,2,2,1,1,1,1,1,1,8,1,4,4,0,526,2,1,2,1
603,5.51,65,5,3,1,1,1,1,0,1,0,1,0,0,0,0,0,0,1,1,0,52,1,0,1,2
604,8.18,89,0,3,2,2,2,1,2,2,2,1,1,1,0,0,5,0,4,2,0,142,2,1,0,0
605,8.02,80,1,4,1,1,1,1,2,2,1,2,1,1,1,1,4,1,3,2,0,332,2,2,2,0
606,9.69,90,0,4,1,0,0,0,1,1,1,2,0,0,0,0,0,0,1,0,0,117,0,1,0,2
607,7.0,73,0,4,2,1,2,1,1,2,1,1,1,1,1,0,8,0,2,5,1,671,2,2,2,1
608,5.63,70,3,3,1,0,0,0,0,1,0,1,1,1,0,0,3,0,0,1,1,79,0,1,0,2
609,8.39,83,1,4,2,2,1,2,1,2,1,2,1,1,1,1,5,1,2,3,0,333,1,1,1,1
610,8.19,86,0,4,2,1,1,2,1,2,1,2,1,1,0,0,4,0,1,2,1,269,2,2,0,0
611,7.7,80,2,3,2,2,1,1,2,1,1,2,1,1,0,0,3,0,4,2,0,308,1,1,1,0
612,9.33,92,0,3,1,0,1,0,1,1,2,1,0,0,0,0,1,0,1,0,0,31,1,1,1,2
613,7.83,90,2,3,2,2,2,2,1,1,0,1,1,1,1,0,6,1,2,3,1,625,1,2,2,1
614,6.75,83,1,3,2,2,2,2,1,1,1,0,1,1,1,0,4,1,2,2,0,533,2,2,1,1
615,7.14,79,2,4,2,2,1,2,1,2,2,1,1,1,0,0,3,1,2,0,1,335,1,1,0,0
616,9.06,97,0,3,0,1,0,0,2,1,2,2,0,0,0,0,0,0,2,1,0,83,2,2,1,2
617,6.54,76,1,4,2,1,2,2,2,1,1,2,1,1,1,0,5,1,4,4,1,775,2,1,1,0
618,9.66,96,0,3,0,0,1,1,2,2,2,2,1,0,0,0,3,1,0,1,0,44,1,2,1,0
619,7.88,84,2,3,1,2,2,1,1,1,2,1,1,1,0,0,5,1,3,0,0,199,1,2,1,1
620,7.93,93,1,4,1,2,1,0,1,1,2,2,1,1,0,0,2,0,3,1,0,289,0,1,1,0
621,8.85,98,0,4,2,2,2,1,2,2,2,2,1,1,1,1,5,1,3,5,1,755,1,1,1,1
622,8.02,95,0,4,1,0,1,1,2,2,1,2,1,1,0,0,3,0,1,2,0,396,2,1,0,0
623,9.56,92,0,4,0,1,0,0,2,1,2,1,0,0,0,0,0,0,1,0,0,37,0,2,0,2
624,7.11,94,1,4,1,1,2,2,1,2,0,2,1,1,0,0,5,1,2,1,1,334,1,1,1,0
625,8.05,87,1,4,2,2,2,1,2,2,1,1,1,1,1,1,5,0,4,1,0,631,1,1,2,1
626,8.53,98,0,3,0,0,1,1,1,1,2,2,0,0,0,0,1,0,0,1,0,89,1,1,1,0
627,7.49,94,1,4,1,2,1,0,2,2,0,0,1,1,0,0,5,1,2,2,0,391,1,2,0,0
628,7.25,72,2,2,2,0,2,2,2,1,2,2,1,1,0,0,4,0,1,1,0,380,1,1,0,0
629,8.5,93,0,3,2,1,2,2,2,2,1,1,1,1,1,1,5,1,4,1,0,613,2,2,0,0
630,9.6,98,0,3,0,0,1,0,2,2,1,1,0,0,0,0,2,0,1,1,0,19,1,1,0,0
631,7.73,85,1,2,2,0,1,1,2,2,1,1,1,1,0,0,3,0,3,2,1,317,2,1,0,0
632,6.97,82,1,4,2,2,2,2,1,1,2,1,1,1,1,0,5,1,2,5,0,389,2,1,1,1
633,6.92,80,1,2,2,1,2,1,2,1,1,1,1,1,1,0,8,1,2,5,1,456,1,2,0,1
634,7.83,82,2,3,1,1,2,0,1,1,0,1,1,1,0,0,4,0,1,2,0,323,1,2,1,0
635,6.03,59,4,4,0,0,0,1,0,0,1,1,0,0,0,0,2,0,1,1,0,43,0,1,1,2
636,8.36,73,2,4,2,2,2,2,1,2,2,2,1,1,0,0,4,0,4,3,1,318,1,1,1,1
637,6.87,80,2,4,2,1,2,2,1,2,2,2,1,1,1,0,6,0,3,3,0,794,1,2,2,0
638,7.36,89,1,4,2,1,2,1,2,2,2,1,1,1,1,0,8,1,2,5,0,641,1,2,0,0
639,7.52,75,1,3,2,1,2,2,1,1,2,1,1,1,1,0,6,1,2,3,0,738,1,1,0,1
640,7.63,88,0,4,2,2,2,2,1,2,0,2,1,1,1,0,8,1,3,4,0,432,2,1,2,1
641,8.19,75,2,2,2,1,2,1,2,1,0,2,1,1,1,0,6,1,3,2,0,586,1,1,1,0
642,9.14,87,1,3,1,1,2,2,2,2,1,2,1,1,1,1,7,0,4,3,1,351,2,1,1,0
643,8.31,89,1,3,2,2,1,1,2,2,2,1,1,1,1,1,4,1,2,1,0,314,2,2,1,0
644,7.4,83,0,4,1,2,2,1,1,2,2,1,1,1,0,0,4,0,2,3,0,371,0,2,1,0
645,8.81,98,0,3,1,0,0,1,2,1,2,2,0,0,0,0,2,0,0,0,0,52,0,2,0,0
646,8.54,91,0,4,2,2,2,2,1,2,2,2,1,1,1,1,6,1,3,2,1,647,1,2,0,1
647,8.61,91,0,2,1,0,0,0,2,2,2,2,0,0,0,0,1,0,2,0,0,0,0,2,0,0
648,9.37,98,0,4,1,0,0,1,2,2,2,1,0,0,0,0,2,0,1,0,0,46,1,2,1,2
649,6.52,72,2,4,2,2,2,1,2,1,0,0,1,1,1,0,6,0,3,4,0,427,1,2,0,1
650,8.56,100,0,3,0,1,1,0,2,1,2,2,0,0,0,0,2,0,1,0,0,12,0,1,0,0
651,6.97,59,2,4,1,0,1,1,0,0,1,0,0,0,0,0,2,0,1,0,0,7,1,0,0,2
652,5.99,76,1,2,1,1,0,1,1,1,1,1,0,0,0,0,1,0,1,0,0,49,0,0,0,2
653,7.1,81,1,3,2,0,1,1,2,2,0,0,1,1,0,0,3,0,4,0,0,357,2,1,1,0
654,9.11,96,0,4,0,0,1,0,1,2,1,1,0,0,0,0,0,0,2,0,0,89,1,2,1,2
655,7.86,87,1,4,2,1,2,2,2,2,2,1,1,1,1,1,6,1,5,3,0,594,2,2,1,1
656,8.07,86,1,4,2,1,2,2,2,2,2,2,1,1,1,1,5,0,5,2,0,648,1,2,2,1
657,8.92,90,1,3,1,1,2,2,1,1,2,2,1,1,1,1,7,1,4,2,0,467,1,1,1,1
658,7.12,77,2,3,1,2,1,0,1,2,0,2,1,1,0,0,5,0,3,3,0,371,2,1,1,0
659,8.06,77,2,4,2,1,2,1,2,2,0,0,1,1,1,0,5,1,2,2,0,425,2,1,0,1
660,9.25,100,0,3,2,1,2,2,2,2,1,1,1,1,1,1,6,1,6,5,1,700,2,2,1,1
661,7.62,80,1,3,2,1,2,1,2,1,2,1,1,1,1,0,6,1,4,2,0,653,1,1,2,0
662,9.11,92,0,4,0,1,1,1,1,1,1,2,0,0,0,0,0,0,1,1,0,67,1,1,1,2
663,7.91,97,0,3,1,1,1,2,1,1,1,2,1,1,1,1,4,1,3,1,0,383,2,1,0,0
664,7.84,89,0,4,2,2,2,1,2,2,2,2,1,1,0,0,5,0,3,2,0,321,1,1,0,0
665,8.22,100,1,2,1,1,2,1,2,1,2,2,1,1,1,1,4,1,5,3,0,398,1,1,0,1
666,7.13,95,2,3,1,2,1,1,2,2,1,0,1,1,0,0,3,0,4,1,0,159,2,1,0,0
667,9.78,92,0,4,1,0,0,0,1,1,1,1,0,0,0,0,0,0,0,1,0,83,1,2,0,2
668,7.53,80,0,3,2,2,1,1,1,2,0,1,1,1,0,0,5,0,2,1,1,168,2,1,0,0
669,7.54,85,1,3,2,2,1,1,2,2,2,0,1,1,0,0,4,1,1,3,1,305,1,2,1,0
670,9.0,99,0,3,1,1,1,1,1,1,1,2,1,1,1,1,6,1,3,2,0,272,1,2,0,0
671,7.13,89,2,3,1,0,1,0,1,1,2,2,1,1,0,0,3,1,1,3,0,359,1,2,1,0
672,9.61,94,0,3,1,1,1,0,1,1,1,1,0,0,0,0,1,0,0,0,0,90,1,2,0,2
673,8.98,91,0,4,1,1,1,1,2,2,2,2,0,0,0,0,2,0,0,1,0,101,0,1,0,0
674,7.53,74,1,4,2,2,2,1,1,1,2,0,1,1,0,0,4,1,2,3,0,276,1,1,0,1
675,9.51,98,0,4,2,2,2,1,2,2,1,1,1,1,1,1,7,1,7,5,1,891,1,1,2,1
676,7.1,94,2,4,2,0,2,2,1,2,2,0,1,1,0,0,5,0,2,2,0,104,2,2,1,1
677,9.85,93,0,4,2,1,2,2,2,2,2,1,1,1,1,1,5,1,7,3,1,796,2,1,2,1
678,8.29,73,1,3,1,0,2,1,2,2,2,0,1,1,0,0,2,1,4,0,0,187,2,2,0,0
679,6.67,86,0,4,2,1,2,1,2,1,0,2,1,1,1,0,4,0,2,2,0,649,1,2,1,0
680,8.39,84,1,4,2,2,1,1,2,2,0,2,1,1,0,0,3,0,1,3,0,118,2,2,1,0
681,7.8,83,2,2,2,0,1,2,1,2,2,2,1,1,0,0,2,1,2,1,0,421,1,2,0,0
682,9.02,93,0,4,1,2,1,2,1,1,1,1,1,1,1,1,6,1,2,2,1,587,2,1,0,1
683,5.98,73,1,2,1,0,1,1,1,1,0,0,0,0,0,0,1,0,0,0,0,33,1,0,1,0
684,9.44,96,0,2,0,1,0,0,1,1,2,1,0,0,0,0,0,0,1,0,0,9,0,1,1,2
685,5.57,76,5,2,0,0,0,0,0,0,0,0,0,0,0,0,0,0,1,1,0,28,0,0,1,2
686,7.99,81,0,2,1,2,2,2,2,2,1,2,1,1,1,1,6,1,3,3,0,619,1,2,0,0
687,8.06,68,1,4,2,1,2,2,1,1,1,1,1,1,1,0,8,0,3,5,1,472,1,2,0,0
688,5.9,67,3,4,1,1,0,0,1,0,1,0,0,0,0,0,0,0,1,1,0,6,1,1,1,2
689,8.12,70,0,4,1,1,2,0,1,1,2,0,1,1,0,0,4,0,4,1,0,272,2,2,0,0
690,8.6,96,0,4,0,0,1,0,1,1,2,2,0,0,0,0,0,0,1,1,0,89,0,1,1,0
691,8.27,87,0,4,1,1,2,1,2,1,1,1,1,1,0,0,3,1,1,0,0,299,2,1,1,0
692,9.04,81,1,4,1,1,2,1,1,2,1,2,1,1,1,1,5,1,4,2,1,379,1,1,1,1
693,6.23,77,5,3,0,0,0,1,0,1,0,0,0,0,0,0,1,0,1,0,0,37,1,0,1,2
694,8.97,100,0,4,2,1,2,1,2,2,2,1,1,1,1,1,5,1,3,5,1,464,2,2,1,1
695,7.89,86,1,3,1,1,2,1,1,2,2,1,1,1,1,1,7,1,4,4,1,592,1,1,0,1
696,9.78,96,0,3,2,2,2,1,2,2,2,2,1,1,1,1,6,1,4,3,0,604,2,2,1,0
697,7.87,100,0,4,1,1,1,1,2,2,1,2,1,1,1,1,6,1,5,4,0,277,1,1,2,0
698,8.82,100,0,2,0,0,1,1,1,2,2,1,1,1,0,0,3,0,2,1,1,107,1,1,0,0
699,6.81,81,1,4,2,2,2,2,2,2,0,2,1,1,1,0,5,1,4,2,0,458,1,2,2,1
700,9.29,95,0,4,1,0,1,1,1,1,2,2,1,1,0,0,4,1,0,1,0,88,2,1,0,0
701,8.45,74,2,4,2,0,2,2,2,1,0,1,1,1,0,0,4,0,3,0,0,286,0,2,0,0
702,8.82,86,0,4,2,1,2,2,2,2,1,2,1,1,1,1,7,1,5,3,1,634,1,2,1,1
703,6.05,82,1,2,1,1,1,1,1,1,1,1,0,0,0,0,0,0,0,1,0,49,0,0,1,2
704,7.58,71,1,4,2,1,2,1,2,1,1,1,1,1,0,0,3,1,1,3,0,245,1,1,0,0
705,9.28,100,0,3,1,1,0,1,1,1,2,1,1,1,0,0,3,0,0,0,1,13,0,1,1,2
706,8.45,91,2,4,1,0,2,0,1,2,2,1,1,1,0,0,4,0,2,0,1,170,0,1,0,0
707,6.88,79,3,2,0,0,1,1,0,0,1,0,0,0,0,0,0,0,0,0,0,16,1,1,0,2
708,6.04,76,3,3,1,0,0,0,1,0,1,1,0,0,0,0,2,0,0,1,0,32,0,1,0,2
709,8.15,84,0,2,1,1,2,2,1,2,1,1,1,1,1,1,5,1,2,3,1,600,2,1,1,1
710,8.04,85,0,2,1,1,1,2,2,1,1,1,1,1,1,1,7,1,4,4,0,590,2,2,1,0
711,8.15,74,2,4,1,1,1,2,1,1,0,2,1,1,0,0,5,0,4,1,0,303,2,2,0,0
712,9.08,100,0,4,1,1,1,0,2,1,2,2,0,0,0,0,0,0,2,0,0,118,0,1,1,0
713,8.17,83,0,4,2,1,2,1,1,1,2,1,1,1,1,0,8,1,4,1,1,539,1,1,0,1
714,9.11,100,0,4,0,1,1,0,2,2,1,1,0,0,0,0,2,0,1,0,0,51,0,2,0,2
715,8.53,94,0,4,0,0,1,1,2,2,2,1,0,0,0,0,1,0,0,0,0,74,2,1,0,0
716,8.22,94,0,2,1,2,2,1,2,2,2,1,1,1,0,0,3,1,2,2,1,388,2,2,1,0
717,8.5,94,0,4,2,2,2,1,2,2,2,2,1,1,1,1,6,1,3,3,0,460,2,1,2,1
718,8.0,90,2,3,2,1,1,2,1,1,1,0,1,1,0,0,3,0,3,0,1,254,0,2,0,0
719,6.23,72,3,4,0,0,1,0,1,0,1,0,1,1,0,0,3,0,0,0,1,27,1,1,0,2
720,9.23,100,0,3,2,2,2,2,2,2,2,1,1,1,1,1,8,1,4,4,1,490,2,2,1,1
721,9.0,92,0,4,0,0,0,0,2,1,2,2,1,1,0,0,4,1,1,1,0,104,1,1,0,2
722,6.68,72,1,4,2,2,2,2,2,2,0,2,1,1,1,0,8,1,3,3,0,372,2,2,2,1
723,7.92,80,0,4,2,1,2,1,2,2,1,1,1,1,1,0,6,1,2,5,1,564,1,1,0,0
724,8.1,70,0,4,1,0,2,1,2,1,0,0,1,1,0,0,4,0,2,1,0,135,1,1,0,0
725,7.02,72,0,4,1,2,1,0,2,2,2,2,1,1,0,0,2,0,4,1,0,421,2,1,1,0
726,9.09,84,0,2,1,2,2,2,1,2,2,1,1,1,1,1,5,1,3,4,1,329,1,1,2,0
727,8.94,85,0,4,2,1,2,1,2,2,1,2,1,1,1,1,7,1,6,3,1,704,1,2,2,1
728,6.85,67,5,3,0,0,1,0,0,0,0,1,0,0,0,0,1,0,1,1,0,75,1,1,1,2
729,7.43,73,1,3,2,0,1,1,2,1,2,2,1,1,0,0,5,1,2,1,0,431,2,1,1,1
730,6.85,73,1,4,2,2,2,2,1,2,0,0,1,1,1,0,5,0,2,3,1,385,1,2,0,0
731,9.56,98,0,4,1,1,0,0,1,2,2,1,0,0,0,0,1,0,0,0,0,59,0,1,0,0
732,7.33,75,1,3,2,1,2,1,2,1,2,0,1,1,1,0,7,0,2,4,0,700,2,1,1,0
733,7.39,77,2,2,2,1,2,2,1,2,1,1,1,1,0,0,3,0,3,2,1,332,1,1,0,0
734,8.06,65,0,4,2,2,2,1,2,2,2,1,1,1,1,0,7,1,4,3,0,554,1,2,0,1
735,8.48,92,0,4,0,1,0,1,1,2,2,1,0,0,0,0,0,0,1,0,0,31,2,2,1,2
736,9.73,93,0,2,2,1,2,1,2,2,2,2,1,1,1,1,8,1,7,2,0,693,1,1,2,1
737,7.96,90,0,4,2,1,1,2,1,1,2,2,1,1,1,1,4,1,3,2,0,493,1,2,0,0
738,7.83,72,1,3,2,1,2,1,2,1,2,1,1,1,1,0,7,1,4,5,1,606,1,2,0,1
739,6.54,83,0,2,2,1,2,2,2,2,0,2,1,1,1,0,4,1,2,3,0,512,2,2,1,1
740,6.99,79,1,3,2,1,2,1,2,1,0,2,1,1,1,0,5,0,2,3,1,383,1,2,0,0
741,7.53,93,0,4,1,2,1,2,2,1,0,1,1,1,0,0,2,1,4,2,0,234,1,1,1,0
742,8.23,83,0,3,1,0,1,2,1,1,2,0,1,1,0,0,2,0,4,2,0,388,2,1,0,0
743,8.15,81,0,2,1,2,1,2,2,2,2,2,1,1,1,1,4,1,5,4,0,364,1,1,1,0
744,8.64,83,1,4,2,1,2,1,1,2,2,1,1,1,1,1,6,1,2,2,0,302,2,1,0,0
745,9.87,97,0,4,2,2,2,2,2,2,1,2,1,1,1,1,6,1,6,3,1,897,1,2,2,1
746,8.54,84,0,4,1,1,1,2,1,2,1,2,1,1,1,1,4,1,3,2,1,346,2,2,1,0
747,6.04,69,4,2,1,1,1,0,0,0,1,1,0,0,0,0,1,0,1,1,0,18,1,0,0,2
748,6.98,55,2,3,0,1,1,0,0,0,1,0,0,0,0,0,2,0,0,0,0,25,1,1,1,2
749,7.98,66,0,4,2,1,2,2,2,1,0,0,1,1,1,0,4,1,3,1,1,504,2,2,2,1
750,7.57,74,2,3,2,2,2,2,1,1,0,2,1,1,1,0,5,1,2,3,0,531,1,2,1,0
751,6.69,84,2,2,0,0,1,1,0,0,0,0,1,1,0,0,3,0,0,0,1,47,1,1,0,2
752,7.58,79,2,4,2,1,2,2,2,2,2,1,1,1,1,0,6,1,3,1,1,689,2,2,2,1
753,5.68,73,1,4,0,0,1,1,1,0,0,0,0,0,0,0,2,0,0,1,0,1,0,0,0,2
754,6.23,66,2,4,0,1,0,1,1,0,0,1,0,0,0,0,1,0,0,1,0,9,0,1,1,2
755,8.48,91,0,4,1,0,0,1,2,1,2,2,0,0,0,0,0,0,1,1,0,95,1,1,1,2
756,8.83,91,0,4,0,0,1,0,2,1,2,2,1,1,0,0,3,1,0,1,0,9,1,1,0,2
757,9.32,92,0,4,1,0,1,0,2,2,2,1,0,0,0,0,1,0,2,0,0,54,1,1,0,0
758,7.36,73,2,3,2,1,2,1,2,1,1,0,1,1,1,0,4,0,3,1,0,694,2,2,2,0
759,9.74,97,0,3,1,0,1,0,1,1,1,1,0,0,0,0,1,0,2,0,0,102,0,1,0,0
760,8.58,90,0,2,0,1,1,1,1,1,1,1,0,0,0,0,2,0,0,0,0,52,2,1,1,2
761,6.17,55,2,3,0,1,1,0,1,0,1,0,0,0,0,0,2,0,1,1,0,57,0,0,1,0
762,9.77,96,0,4,1,0,1,1,2,2,1,2,0,0,0,0,2,0,2,0,0,50,1,2,0,2
763,7.12,87,1,3,2,1,2,1,1,1,2,2,1,1,1,0,4,1,2,4,1,555,2,2,1,0
764,9.13,93,1,4,1,2,2,2,2,2,1,2,1,1,1,1,7,1,3,1,1,483,2,2,2,1
765,9.48,100,0,4,2,1,2,1,2,2,2,1,1,1,1,1,8,1,3,5,1,702,2,2,2,1
766,6.36,55,2,3,0,0,0,0,0,0,1,0,0,0,0,0,1,0,0,1,0,34,0,1,1,2
767,7.48,73,0,3,2,2,2,1,1,2,2,0,1,1,0,0,3,0,4,3,1,131,0,2,0,0
768,6.71,76,1,4,2,1,2,2,2,1,2,2,1,1,1,0,6,0,3,3,1,552,2,2,1,1
769,7.71,71,1,3,2,2,1,1,1,1,0,2,1,1,0,0,4,1,1,3,0,104,2,2,0,0
770,8.43,82,2,4,2,1,1,2,1,2,1,2,1,1,0,0,3,0,2,2,0,284,0,1,1,2
771,8.84,97,0,4,1,1,1,0,2,2,1,1,0,0,0,0,2,0,2,1,0,68,2,1,1,0
772,7.4,88,0,3,2,1,1,1,1,1,2,1,1,1,0,0,5,1,2,2,0,421,1,2,0,0
773,7.71,88,1,4,1,2,2,1,2,1,1,2,1,1,0,0,2,1,4,3,0,270,1,1,0,0
774,6.1,78,1,4,0,1,1,1,1,0,0,1,0,0,0,0,2,0,0,0,0,14,1,1,1,2
775,7.22,89,1,4,2,2,2,1,2,2,0,1,1,1,1,0,4,1,1,1,0,622,1,1,0,0
776,8.43,93,1,3,2,2,2,2,2,2,1,1,1,1,1,1,5,1,3,3,0,281,2,1,2,0
777,7.58,90,2,3,2,2,1,1,2,2,2,1,1,1,0,0,4,0,2,0,0,154,0,1,0,0
778,6.53,63,4,4,1,1,0,0,0,1,0,0,0,0,0,0,0,0,0,1,0,40,1,0,0,2
779,9.86,95,0,4,2,1,2,1,2,2,1,1,1,1,1,1,6,1,6,4,0,804,1,2,1,1
780,8.47,94,2,2,2,2,2,1,1,1,0,1,1,1,0,0,5,0,2,0,1,360,0,1,0,0
781,7.09,79,0,4,2,0,1,1,1,2,2,0,1,1,0,0,2,0,2,0,0,247,0,1,1,0
782,8.03,69,2,4,2,1,2,2,1,1,2,0,1,1,1,0,6,1,3,2,0,569,1,1,2,0
783,7.55,74,2,4,1,0,2,1,1,1,0,2,1,1,0,0,4,1,1,2,1,107,1,1,0,0
784,9.24,86,0,2,2,1,2,2,2,2,1,1,1,1,1,1,6,1,7,4,0,509,1,1,1,1
785,7.89,92,0,3,2,2,1,1,1,2,2,1,1,1,1,1,7,1,3,1,0,437,2,1,0,0
786,6.84,84,1,3,2,1,2,2,2,1,0,1,1,1,1,0,5,1,2,4,1,536,2,1,2,1
787,8.58,100,0,3,1,1,1,0,2,2,2,2,0,0,0,0,1,0,1,1,0,80,1,1,0,2
788,8.63,99,1,3,2,1,2,1,1,2,1,2,1,1,1,1,4,1,2,1,1,451,1,1,2,1
789,8.39,88,2,4,2,1,1,1,1,1,0,1,1,1,0,0,3,0,1,2,0,263,1,1,1,0
790,9.09,97,0,4,1,1,0,1,2,2,1,1,0,0,0,0,2,0,1,1,0,74,1,2,0,0
791,8.98,94,0,3,2,1,2,1,2,2,2,1,1,1,1,1,8,1,7,3,0,795,1,2,2,1
792,8.14,68,1,4,2,2,2,1,2,1,2,1,1,1,1,0,8,1,2,5,1,654,1,2,0,1
793,8.1,90,1,2,2,1,2,1,1,1,2,0,1,1,1,0,7,1,3,5,1,527,2,2,0,0
794,8.95,94,0,3,0,1,0,0,1,2,1,1,0,0,0,0,1,0,2,1,0,78,1,2,0,2
795,9.84,95,0,2,2,1,2,1,2,2,1,2,1,1,1,1,5,1,5,4,1,694,2,1,2,1
796,8.14,94,1,3,2,1,2,1,2,2,0,2,1,1,0,0,5,0,4,0,1,236,0,1,1,0
797,7.77,79,0,3,2,2,2,1,1,1,0,2,1,1,1,0,8,1,4,4,1,495,2,2,1,1
798,6.81,73,1,4,1,0,1,1,1,1,1,0,0,0,0,0,1,0,0,1,0,53,0,1,1,2
799,8.31,88,0,4,2,2,2,1,1,2,2,2,1,1,1,1,7,1,5,3,0,615,2,1,0,1
800,8.32,86,1,3,1,1,1,0,2,1,1,0,1,1,0,0,4,0,4,2,0,148,1,1,1,0
801,7.32,74,2,4,2,2,2,1,2,2,0,1,1,1,1,0,4,1,2,1,0,601,2,2,1,0
802,6.55,70,0,3,2,2,2,2,2,2,0,0,1,1,1,0,5,0,2,1,1,462,2,2,2,1
803,7.21,78,1,4,2,0,2,1,1,1,1,0,1,1,0,0,3,1,3,3,0,359,1,1,1,0
804,9.16,96,0,3,2,1,2,2,2,2,1,2,1,1,1,1,7,1,6,3,1,862,2,1,1,1
805,9.66,87,0,3,2,2,2,1,2,2,2,2,1,1,1,1,8,1,3,3,0,653,1,2,2,0
806,8.19,71,2,3,2,2,2,1,1,2,1,0,1,1,1,0,7,1,2,5,1,436,2,1,2,0
807,7.3,65,2,4,2,2,2,1,1,2,0,0,1,1,1,0,6,0,2,3,1,788,1,2,1,1
808,9.36,90,0,4,0,0,1,0,2,2,1,1,0,0,0,0,2,0,0,0,0,106,2,1,0,2
809,5.96,81,2,3,1,1,0,1,0,0,1,0,0,0,0,0,2,0,1,0,0,15,1,0,0,2
810,7.14,80,2,4,2,1,1,1,2,2,2,2,1,1,0,0,2,0,1,2,0,305,1,1,0,0
811,8.88,97,0,3,2,1,2,1,2,2,2,1,1,1,1,1,8,1,5,5,0,456,1,2,2,1
812,8.09,88,1,2,2,2,2,2,2,1,1,2,1,1,1,1,5,1,3,4,0,519,1,1,1,1
813,7.9,97,0,4,2,2,2,2,1,1,1,1,1,1,1,1,5,1,3,1,0,418,2,1,0,0
814,8.89,96,0,3,2,2,2,2,2,2,1,2,1,1,1,1,5,0,4,2,1,614,2,1,1,1
815,8.09,86,2,2,1,1,2,2,1,2,1,1,1,1,0,0,5,1,4,2,1,354,1,2,1,0
816,8.73,81,1,3,2,2,1,1,2,1,2,2,1,1,1,1,6,1,2,3,1,497,1,1,0,0
817,6.11,59,2,3,1,1,1,1,1,0,0,1,0,0,0,0,2,0,0,1,0,42,0,1,1,0
818,9.98,90,0,4,2,1,2,2,2,2,1,1,1,1,1,1,6,1,6,5,1,848,2,2,2,1
819,7.08,83,0,4,2,2,2,2,2,1,2,0,1,1,1,0,7,1,2,4,0,645,2,1,0,1
820,7.47,92,1,4,2,2,1,1,1,2,1,2,1,1,0,0,3,0,1,1,0,443,2,1,0,0
821,7.26,72,1,4,1,1,1,1,2,1,0,1,1,1,0,0,2,0,4,1,0,164,2,2,1,0
822,8.53,80,1,4,2,2,2,2,2,1,1,1,1,1,1,1,4,1,5,4,0,428,1,1,0,1
823,8.51,99,0,4,1,0,0,0,1,1,1,1,0,0,0,0,0,0,0,1,0,70,2,1,1,0
824,7.56,74,0,4,1,2,2,0,2,2,2,0,1,1,0,0,4,1,3,0,0,412,2,1,1,0
825,6.94,77,4,3,0,0,0,0,0,0,0,1,0,0,0,0,0,0,0,0,0,29,1,0,1,2
826,7.24,75,2,2,2,2,2,1,1,1,2,1,1,1,1,0,4,0,3,4,1,547,2,1,1,0
827,7.3,95,1,4,1,0,1,2,2,1,2,2,1,1,0,0,5,0,2,0,0,290,0,1,1,0
828,9.7,97,0,4,0,0,0,0,2,1,1,2,0,0,0,0,1,0,1,0,0,5,1,1,1,2
829,8.96,91,0,3,2,2,2,2,2,2,1,1,1,1,1,1,8,1,3,5,0,793,1,1,2,1
830,8.32,94,1,4,1,2,2,2,2,2,2,2,1,1,1,1,7,1,5,1,1,637,2,1,1,0
831,9.96,92,0,2,2,2,2,1,2,2,1,2,1,1,1,1,7,1,7,5,0,754,2,2,1,1
832,6.44,55,2,4,1,0,1,0,0,1,1,1,0,0,0,0,0,0,1,0,0,66,1,1,1,2
833,6.52,67,1,3,2,2,2,2,2,1,2,2,1,1,1,0,8,0,2,1,1,668,1,1,2,1
834,7.2,94,1,2,1,0,1,2,1,1,2,1,1,1,0,0,5,1,2,2,0,400,2,2,1,0
835,8.11,76,0,2,1,2,1,1,1,2,1,2,1,1,0,0,5,0,2,0,0,124,2,1,1,0
836,8.3,77,1,2,2,0,2,2,2,2,0,1,1,1,0,0,3,0,3,2,0,181,1,2,0,0
837,9.0,86,0,2,2,1,2,1,2,2,2,2,1,1,1,1,6,1,4,5,1,770,2,2,2,1
838,6.15,72,1,4,1,0,1,0,1,1,1,0,0,0,0,0,2,0,0,0,0,46,1,0,1,2
839,6.72,75,0,4,2,2,2,2,2,2,0,0,1,1,1,0,6,1,4,4,0,773,2,1,2,0
840,8.36,82,1,4,1,1,2,2,1,2,1,2,1,1,1,1,5,1,4,1,0,382,1,1,2,0
841,8.92,92,0,4,1,1,1,1,1,2,2,1,0,0,0,0,1,0,0,0,0,40,2,1,0,2
842,10.0,100,0,2,2,1,2,2,2,2,2,2,1,1,1,1,5,1,3,3,1,838,1,2,2,1
843,5.57,78,4,3,0,1,1,0,0,1,1,0,0,0,0,0,1,0,1,1,0,75,1,0,1,2
844,6.76,76,1,4,1,1,0,0,1,1,0,1,0,0,0,0,1,0,1,0,0,80,1,1,1,2
845,7.45,71,1,4,2,2,2,2,1,1,0,2,1,1,1,0,8,0,4,5,0,776,1,1,1,1
846,9.22,96,0,3,2,1,2,1,2,2,2,2,1,1,1,1,7,1,7,5,1,554,1,1,1,1
847,6.77,82,0,4,2,1,2,1,2,1,1,0,1,1,1,0,8,1,4,3,0,777,1,2,0,1
848,8.0,94,0,3,2,2,2,2,1,1,1,1,1,1,1,1,4,1,2,4,0,581,2,2,2,1
849,7.71,77,2,4,2,2,2,1,2,2,1,2,1,1,0,0,4,0,2,1,1,428,1,1,1,0
850,8.77,97,0,4,2,2,1,2,2,1,2,1,1,1,1,1,6,1,2,1,0,352,1,2,2,0
851,6.3,66,1,2,1,0,1,0,0,0,1,1,0,0,0,0,2,0,1,0,0,37,1,0,1,2
852,7.87,68,1,4,2,2,2,2,1,2,0,1,1,1,1,0,5,1,2,3,1,798,2,1,1,1
853,7.47,88,0,3,1,0,2,1,1,2,2,2,1,1,0,0,4,1,4,2,0,173,2,2,1,0
854,7.97,82,0,2,2,2,2,2,2,2,0,1,1,1,1,0,7,1,2,4,1,777,1,1,0,1
855,8.48,100,0,3,1,1,0,0,1,2,2,2,1,1,0,0,4,1,2,0,0,81,1,1,0,0
856,9.07,99,0,4,1,0,0,1,2,1,2,2,1,0,0,0,3,0,0,0,1,91,2,2,0,0
857,8.19,78,0,4,2,2,2,2,1,2,2,1,1,1,1,0,7,0,2,5,0,702,2,1,2,1
858,7.41,80,0,3,2,2,2,1,2,2,2,1,1,1,0,0,5,1,4,0,0,385,2,2,0,1
859,8.02,82,0,2,2,1,1,1,1,2,1,0,1,1,0,0,3,1,2,3,0,280,1,2,1,0
860,6.82,68,2,3,0,1,1,0,0,1,0,0,0,0,0,0,0,0,1,0,0,59,1,1,0,2
861,5.7,63,4,4,1,0,1,1,0,0,0,1,0,0,0,0,2,0,1,1,0,74,1,0,0,2
862,6.71,77,4,2,1,1,0,1,0,0,0,1,0,0,0,0,2,0,0,0,0,63,0,0,1,2
863,9.65,96,0,4,0,0,1,1,2,1,1,1,1,1,0,0,3,1,2,0,0,28,1,1,1,2
864,7.33,94,2,4,2,2,2,1,2,1,0,2,1,1,0,0,4,0,3,3,1,370,0,2,1,1
865,5.58,82,4,3,0,1,1,0,1,0,1,1,0,0,0,0,1,0,1,1,0,63,0,0,0,2
866,8.96,99,0,3,2,2,2,2,2,2,2,2,1,1,1,1,6,1,7,3,0,881,2,2,1,1
867,6.65,76,2,2,0,0,1,1,1,0,1,0,0,0,0,0,2,0,1,0,0,39,0,1,0,0
868,7.6,86,1,4,1,0,1,1,1,1,1,0,1,1,0,0,2,1,4,2,0,186,1,1,1,0
869,8.69,97,0,2,0,1,1,1,2,1,1,1,0,0,0,0,0,0,2,1,0,56,2,1,0,2
870,7.04,78,0,3,2,1,2,1,2,2,1,2,1,1,1,0,5,1,2,4,1,503,1,2,0,1
871,8.85,93,0,4,1,0,0,0,2,2,2,1,0,0,0,0,0,0,0,1,0,56,1,1,0,0
872,9.67,90,0,3,2,2,2,2,2,2,2,2,1,1,1,1,5,1,5,3,0,689,2,2,1,1
873,8.82,88,0,4,2,2,2,2,2,2,1,2,1,1,1,1,8,1,3,4,1,470,2,2,2,1
874,7.75,78,2,2,2,2,2,2,1,1,2,1,1,1,1,0,5,1,2,2,1,368,1,2,2,0
875,7.4,85,1,4,1,1,2,1,1,1,2,1,1,1,0,0,4,1,3,2,0,382,2,2,1,0
876,7.75,70,0,2,2,1,2,2,2,2,1,1,1,1,1,0,6,1,3,1,0,618,1,2,2,1
877,8.11,79,0,2,2,1,2,2,1,2,0,0,1,1,1,0,6,0,2,3,1,461,2,1,2,1
878,7.81,83,2,4,1,2,1,1,2,1,0,2,1,1,0,0,5,1,2,0,1,374,2,1,0,1
879,8.86,93,0,3,2,1,2,2,2,2,2,2,1,1,1,1,8,1,5,4,1,488,1,2,2,1
880,9.63,87,0,4,2,2,2,2,2,2,2,2,1,1,1,1,6,1,5,5,0,789,1,2,2,1
881,9.46,96,0,4,0,0,1,0,2,1,1,1,0,0,0,0,2,0,0,1,0,43,2,1,0,0
882,6.84,77,1,2,2,2,2,1,1,2,2,2,1,1,1,0,5,0,4,4,1,494,1,1,1,1
883,6.59,60,4,3,1,0,0,1,0,1,1,1,0,0,0,0,0,0,0,0,0,10,0,0,1,2
884,8.33,90,0,2,2,2,2,2,1,1,1,1,1,1,0,0,5,0,3,1,1,274,0,1,1,0
885,7.2,66,1,2,2,2,2,2,1,1,2,2,1,1,1,0,8,1,3,2,0,351,1,2,2,0
886,8.35,78,0,4,1,2,2,1,2,2,2,2,1,1,0,0,5,1,3,0,0,101,2,1,1,0
887,8.42,88,1,4,1,1,1,1,1,2,1,1,1,1,1,1,6,1,2,4,1,415,1,2,0,0
888,7.89,91,0,3,2,1,1,1,1,1,2,2,1,1,1,1,4,0,2,2,0,286,1,2,0,2
889,8.94,94,0,2,2,2,2,1,2,2,1,1,1,1,1,1,5,1,7,2,0,889,1,2,2,1
890,8.22,73,1,4,1,0,2,1,2,1,1,1,1,1,0,0,5,1,3,2,0,207,1,1,0,0
891,8.07,82,1,3,1,2,2,1,2,1,2,1,1,1,1,1,4,1,3,4,1,647,2,2,2,0
892,7.64,92,1,4,1,0,1,1,1,2,1,1,1,1,0,0,2,1,3,1,0,182,1,1,1,0
893,9.41,98,0,4,2,1,2,1,2,2,1,2,1,1,1,1,5,1,7,5,1,624,1,1,1,1
894,7.74,88,1,4,2,2,2,1,1,1,0,0,1,1,1,0,8,1,2,2,1,401,2,1,2,1
895,7.44,83,1,4,2,1,1,1,1,1,0,1,1,1,0,0,2,0,1,1,0,106,0,2,0,0
896,8.38,91,1,3,1,2,1,2,1,2,2,0,1,1,0,0,3,1,4,1,0,283,1,2,0,0
897,8.42,81,1,4,2,1,1,1,2,2,2,1,1,1,1,1,7,1,3,3,0,370,1,1,0,1
898,8.04,81,0,4,2,0,2,1,2,2,0,2,1,1,0,0,3,1,2,3,0,447,1,1,0,0
899,8.42,79,2,3,1,2,1,0,1,1,0,2,1,1,0,0,3,1,4,0,1,205,1,1,0,0
900,7.88,96,0,2,2,2,1,2,1,1,2,1,1,1,1,1,5,1,2,1,0,490,2,2,0,0
901,8.9,95,0,4,1,0,0,1,1,1,1,1,0,0,0,0,2,0,1,1,0,51,1,2,1,2
902,9.22,100,0,4,1,0,1,1,1,1,2,2,1,1,0,0,3,0,0,0,1,65,0,1,0,2
903,7.58,72,2,4,2,1,2,2,1,1,1,2,1,1,1,0,6,1,2,1,0,472,2,1,0,1
904,7.36,73,2,3,2,1,2,2,1,2,0,0,1,1,1,0,5,1,4,3,1,728,1,1,1,1
905,8.22,74,1,3,2,2,1,1,1,1,0,0,1,1,0,0,3,0,1,2,0,363,0,1,0,0
906,8.95,94,0,3,2,1,2,2,2,2,2,1,1,1,1,1,7,1,5,4,1,571,2,2,2,1
907,8.43,75,2,4,2,1,2,1,1,2,2,0,1,1,0,0,4,1,1,0,0,321,1,1,0,0
908,7.39,83,1,4,1,2,1,0,2,1,1,2,1,1,0,0,5,1,3,0,1,442,1,1,1,1
909,8.91,99,0,4,0,0,0,0,1,2,1,1,0,0,0,0,2,0,0,0,0,86,2,2,0,2
910,5.52,80,3,4,1,1,0,1,1,1,1,1,0,0,0,0,0,0,0,0,0,54,0,0,0,2
911,8.93,91,0,4,2,1,1,2,2,2,1,1,1,1,1,1,7,1,4,4,1,375,1,1,1,1
912,8.93,88,0,3,2,2,2,1,2,2,1,1,1,1,1,1,8,1,5,4,1,540,1,1,1,1
913,8.03,78,2,3,1,1,2,0,1,2,0,1,1,1,0,0,2,1,4,0,0,365,1,2,0,0
914,8.69,90,1,4,1,2,2,2,2,1,2,1,1,1,1,1,6,1,5,3,0,369,1,1,1,0
915,9.38,94,0,2,2,2,2,2,2,2,1,1,1,1,1,1,6,1,4,5,0,671,1,1,1,1
916,9.84,86,0,2,2,1,2,1,2,2,2,1,1,1,1,1,8,1,7,3,1,859,1,1,2,1
917,8.87,83,1,4,2,1,1,2,2,1,1,2,1,1,1,1,4,1,2,2,0,466,2,1,0,1
918,9.29,93,0,3,1,0,0,1,2,2,2,2,0,0,0,0,2,0,2,0,0,104,2,2,1,0
919,8.4,73,1,2,1,0,1,0,1,2,2,2,1,1,0,0,5,0,4,1,1,130,1,1,1,0
920,9.73,91,0,4,0,0,0,1,1,2,1,1,0,0,0,0,0,0,0,1,0,111,0,2,1,2
921,5.84,65,5,4,0,0,0,1,0,1,1,0,0,0,0,0,1,0,1,0,0,15,1,0,0,2
922,8.36,95,1,2,1,1,1,2,2,2,2,0,1,1,0,0,3,1,1,0,0,342,1,1,0,0
923,9.06,97,1,4,1,1,2,1,2,1,2,2,1,1,1,1,5,1,4,4,1,390,2,2,1,1
924,7.82,79,0,4,1,1,2,0,1,2,2,1,1,1,0,0,5,0,4,1,0,259,2,1,1,0
925,7.29,77,1,4,2,2,2,1,2,2,0,0,1,1,0,0,3,1,2,3,1,413,2,2,0,0
926,7.0,86,0,3,2,1,2,2,2,1,0,2,1,1,1,0,5,0,4,2,1,459,1,2,0,0
927,9.4,97,0,4,1,1,1,1,1,2,1,1,0,0,0,0,0,0,0,0,0,14,0,2,0,2
928,7.71,79,1,4,1,0,1,0,1,2,1,2,1,1,0,0,5,0,3,0,0,140,1,1,1,0
929,5.8,55,4,3,1,0,1,0,0,0,1,1,0,0,0,0,2,0,1,0,0,32,1,1,0,2
930,8.17,91,1,2,1,2,1,2,1,1,2,1,1,1,1,1,6,1,5,2,0,456,1,2,2,0
931,7.86,75,2,2,2,2,2,1,2,1,1,1,1,1,0,0,4,0,4,1,1,289,0,2,1,0
932,6.67,72,1,4,0,1,0,0,1,0,1,0,0,0,0,0,0,0,1,1,0,59,1,1,0,2
933,9.18,89,0,3,2,2,1,1,2,2,2,1,1,1,1,1,7,1,4,2,1,410,1,2,0,1
934,9.16,94,0,4,0,0,0,1,1,1,2,2,0,0,0,0,2,0,2,0,0,46,0,1,1,2
935,8.66,81,1,4,1,2,2,1,1,1,2,1,1,1,1,1,4,1,5,3,1,555,1,1,2,1
936,5.94,56,4,3,0,1,0,0,0,1,1,0,1,1,0,0,2,1,1,1,0,20,1,0,1,2
937,8.29,89,1,3,2,1,1,1,1,2,2,0,1,1,0,0,3,0,2,3,1,195,0,1,0,0
938,8.39,82,2,3,1,2,1,2,2,1,1,2,1,1,0,0,3,0,1,0,0,259,1,2,0,0
939,6.04,61,3,4,0,0,1,0,0,1,0,1,0,0,0,0,2,0,1,1,0,46,1,0,0,2
940,6.78,74,1,4,1,1,0,0,1,0,0,1,0,0,0,0,2,0,0,1,0,62,1,0,0,2
941,9.03,97,0,4,1,0,1,1,2,1,1,2,0,0,0,0,2,0,2,0,0,70,1,1,0,0
942,8.32,80,0,4,2,1,1,1,1,2,2,2,1,1,0,0,2,0,4,2,0,446,0,1,0,0
943,7.53,66,2,4,2,1,2,2,2,1,1,0,1,1,1,0,5,0,2,4,1,505,1,2,0,0
944,6.8,77,2,3,0,0,1,0,0,1,0,1,0,0,0,0,2,0,1,1,0,61,0,1,1,2
945,7.3,85,1,2,2,2,2,1,2,2,0,0,1,1,1,0,6,0,3,2,1,401,2,1,2,0
946,6.62,74,1,2,2,2,2,1,1,2,1,1,1,1,1,0,7,1,4,4,1,439,2,1,1,0
947,9.05,82,1,2,2,1,2,2,1,1,2,2,1,1,1,1,7,0,2,3,0,428,1,1,0,0
948,7.75,91,1,2,2,2,2,1,1,2,2,0,1,1,0,0,5,0,2,3,1,297,1,2,0,0
949,6.71,62,2,3,1,1,0,0,0,0,1,1,0,0,0,0,0,0,0,0,0,54,1,0,1,2
950,7.46,94,1,4,1,0,2,2,1,2,1,1,1,1,0,0,4,1,3,0,0,182,2,1,1,0
951,6.33,82,3,2,1,0,1,1,0,1,0,0,0,0,0,0,0,0,1,0,0,73,0,0,0,2
952,6.97,63,3,2,0,0,1,0,1,1,0,0,0,0,0,0,2,0,1,1,0,41,1,1,1,2
953,9.3,89,0,3,2,1,2,1,2,2,2,1,1,1,1,1,5,1,3,3,1,734,2,2,1,1
954,8.64,99,0,3,1,1,1,0,1,2,1,1,0,0,0,0,0,0,1,0,0,60,0,1,0,0
955,8.75,92,1,4,1,1,1,2,2,2,1,2,1,1,1,1,5,0,3,4,0,576,1,1,1,0
956,5.52,56,4,3,1,0,1,0,1,1,1,1,0,0,0,0,0,0,1,1,0,56,0,0,0,2
957,6.62,79,0,3,2,2,2,1,2,2,0,0,1,1,1,0,7,1,4,3,0,773,1,2,1,1
958,8.8,81,0,3,2,1,1,2,2,1,2,1,1,1,1,1,5,1,4,2,1,455,1,2,2,1
959,8.08,92,0,3,2,2,2,2,1,1,1,2,1,1,1,1,4,1,2,4,1,510,2,2,0,1
960,7.19,85,0,2,2,2,2,1,2,1,0,2,1,1,1,0,6,0,4,5,0,353,2,1,1,1
961,6.54,78,1,3,2,2,2,1,2,2,2,0,1,1,1,0,8,1,2,3,1,464,1,1,0,1
962,7.81,80,0,3,2,1,2,2,2,2,1,2,1,1,1,0,7,0,4,4,0,756,1,1,2,1
963,7.22,87,0,2,2,1,1,1,1,2,0,1,1,1,0,0,2,0,3,0,0,120,2,1,0,0
964,6.98,71,2,4,1,0,1,1,0,0,1,0,1,1,0,0,4,1,0,0,0,80,1,0,1,2
965,9.41,97,0,4,1,1,0,0,1,1,1,2,0,0,0,0,1,0,2,1,0,48,1,2,1,0
966,8.0,89,0,3,2,1,1,1,1,1,0,1,1,1,0,0,2,1,1,3,0,172,1,2,0,0
967,6.77,80,2,3,2,1,2,1,1,2,1,2,1,1,1,0,6,0,2,5,0,437,1,2,1,1
968,6.59,85,2,2,2,2,2,1,1,2,1,0,1,1,1,0,5,0,3,1,1,706,1,2,1,0
969,8.35,79,0,3,1,2,1,0,2,1,1,2,1,1,0,0,5,0,2,0,1,415,0,2,1,0
970,7.66,89,1,4,2,1,2,2,1,2,2,0,1,1,1,0,6,1,4,1,1,435,1,2,1,0
971,5.64,78,5,4,1,0,1,0,0,1,0,0,0,0,0,0,2,0,1,0,0,40,0,0,1,2
972,8.39,86,1,3,2,0,2,1,2,1,2,0,1,1,0,0,5,1,3,1,0,199,1,2,0,0
973,7.0,87,0,2,2,2,2,1,2,2,1,0,1,1,1,0,5,1,2,3,1,453,2,2,1,1
974,7.37,88,1,4,1,2,1,0,1,2,0,0,1,1,0,0,5,1,2,0,0,260,1,1,0,0
975,7.92,68,2,2,2,2,2,2,2,1,0,0,1,1,1,0,4,1,3,1,0,613,1,1,0,1
976,5.82,71,5,3,0,0,0,0,1,1,0,0,0,0,0,0,1,0,0,0,0,16,0,1,0,2
977,6.43,71,1,3,0,0,0,1,0,1,0,1,0,0,0,0,1,0,1,0,0,64,0,1,1,2
978,8.49,86,0,2,2,2,2,2,1,1,1,1,1,1,1,1,6,0,2,1,1,279,1,1,2,0
979,7.02,72,0,3,1,0,1,1,1,2,1,2,1,1,0,0,2,1,3,1,0,186,1,1,1,0
980,6.06,67,2,4,1,0,1,1,1,1,1,0,0,0,0,0,0,0,1,0,0,18,0,0,1,2
981,9.58,90,0,3,2,2,2,1,2,2,1,2,1,1,1,1,8,1,6,4,1,483,1,2,1,1
982,9.47,91,0,4,2,1,2,2,2,2,2,1,1,1,1,1,5,1,3,4,1,589,2,1,2,1
983,8.15,72,1,3,2,2,1,1,1,1,0,1,1,1,0,0,3,1,4,3,0,313,1,1,1,0
984,7.59,91,0,3,2,2,1,1,1,2,2,0,1,1,0,0,4,0,1,0,0,276,0,2,0,2
985,7.5,90,2,4,2,2,2,1,2,2,0,2,1,1,1,0,5,1,2,4,0,533,2,1,0,1
986,7.59,91,0,4,2,1,2,1,2,2,1,0,1,1,0,0,5,0,4,1,0,244,1,1,0,0
987,9.31,90,0,4,1,1,0,1,1,1,2,2,0,0,0,0,0,0,2,1,0,44,0,1,0,2
988,9.18,97,0,3,2,1,2,2,2,2,2,1,1,1,1,1,7,1,4,4,0,516,1,1,2,1
989,8.42,84,1,3,2,1,2,2,1,1,2,2,1,1,1,1,6,1,2,4,0,328,2,1,0,0
990,8.45,90,0,4,1,2,1,1,2,1,2,1,1,1,1,1,6,0,2,3,1,369,1,1,0,0
991,8.15,88,0,4,2,0,1,1,1,1,2,2,1,1,0,0,5,0,3,2,0,284,0,2,0,0
992,7.28,71,2,3,1,1,1,1,1,1,1,2,1,1,0,0,3,1,4,3,0,146,1,2,0,0
993,7.92,85,1,4,2,2,1,1,1,2,1,2,1,1,1,1,5,1,5,3,1,275,2,1,2,1
994,8.98,91,0,2,2,1,2,1,2,2,1,1,1,1,1,1,7,1,7,3,1,717,1,2,2,1
995,7.64,73,2,4,1,2,1,0,1,2,0,0,1,1,0,0,5,1,3,3,0,137,1,2,0,0
996,5.53,68,2,4,0,1,0,0,1,0,1,0,0,0,0,0,1,0,0,0,0,17,1,1,0,2
997,6.95,71,0,4,2,2,2,2,2,2,2,0,1,1,1,0,7,1,2,3,1,700,2,2,2,1
998,9.27,99,0,4,1,1,0,0,2,2,1,1,0,0,0,0,2,0,0,0,0,54,2,1,0,2
999,7.71,68,1,4,2,2,2,1,2,1,2,1,1,1,1,0,8,1,3,5,1,751,2,1,1,1
1000,7.43,85,0,3,2,1,2,1,2,1,1,1,1,1,1,0,8,1,3,3,0,369,1,2,0,0
1001,7.16,84,2,2,2,1,2,1,1,2,2,0,1,1,1,0,8,1,3,4,1,777,2,1,1,1
1002,7.77,83,1,2,1,2,1,2,1,1,0,0,1,1,0,0,5,0,2,1,0,331,2,1,0,0
1003,7.35,71,0,4,2,2,2,1,2,1,1,2,1,1,1,0,8,1,2,1,1,483,2,1,0,1
1004,7.74,71,0,3,1,1,2,2,1,2,2,1,1,1,0,0,4,0,4,3,0,174,1,2,1,0
1005,8.28,80,2,3,2,0,2,2,1,1,0,2,1,1,0,0,4,1,3,2,1,449,2,1,0,0
1006,8.83,93,0,4,0,1,1,1,1,2,2,2,0,0,0,0,2,0,2,0,0,109,2,1,1,2
1007,8.95,94,0,4,2,1,2,1,2,2,1,1,1,1,1,1,5,1,4,3,1,585,1,1,1,1
1008,6.55,85,1,4,2,2,2,1,2,2,0,1,1,1,1,0,5,1,3,4,1,517,1,1,2,0
1009,6.28,77,2,4,0,0,0,0,1,1,0,0,0,0,0,0,2,0,0,1,0,60,1,0,1,2
1010,7.83,71,2,4,1,2,1,1,1,1,0,1,1,1,0,0,3,0,3,3,1,437,1,2,0,0
1011,7.34,76,2,4,2,1,2,1,1,1,0,2,1,1,1,0,5,1,2,3,1,452,2,2,0,0
1012,7.92,80,1,4,2,1,2,1,2,2,0,1,1,1,0,0,5,0,2,1,1,189,1,1,1,0
1013,6.41,72,3,3,1,0,1,1,0,1,0,0,0,0,0,0,1,0,0,0,0,2,1,0,1,2
1014,5.56,58,5,2,0,1,0,0,0,0,1,0,0,0,0,0,1,0,0,1,0,33,0,0,0,2
1015,5.57,67,5,3,1,1,1,1,1,0,1,0,0,0,0,0,2,0,0,1,0,13,1,0,1,2
1016,7.04,71,2,3,2,2,2,2,2,2,1,0,1,1,1,0,4,1,3,1,1,409,2,1,1,1
1017,9.47,94,0,2,0,0,0,0,2,2,1,2,0,0,0,0,1,0,2,0,0,8,0,2,0,2
1018,5.86,71,3,3,1,1,1,0,0,0,0,0,0,0,0,0,1,0,1,0,0,7,1,1,1,2
1019,8.07,83,1,2,2,1,2,2,2,1,0,2,1,1,0,0,5,0,2,3,1,186,1,1,1,0
1020,9.18,90,0,2,2,1,2,2,2,2,2,1,1,1,1,1,8,1,4,2,1,887,2,1,1,1
1021,9.01,93,0,2,0,1,0,1,1,2,2,2,0,0,0,0,0,0,2,1,0,78,1,1,0,2
1022,6.82,80,0,2,2,2,2,2,2,2,0,2,1,1,1,0,5,1,2,1,0,358,2,1,0,1
1023,6.12,68,3,3,1,1,0,1,0,0,0,1,0,0,0,0,0,0,1,0,0,65,1,1,0,2
1024,8.28,76,2,4,2,2,1,2,2,1,2,2,1,1,0,0,4,1,4,1,0,449,1,2,0,0
1025,8.88,89,0,2,2,1,2,1,2,2,1,1,1,1,1,1,6,1,6,5,1,523,1,2,2,1
1026,8.2,73,0,3,2,0,2,1,2,2,1,2,1,1,0,0,5,0,4,3,0,236,1,2,1,0
1027,7.43,73,1,3,2,1,1,1,1,1,1,1,1,1,0,0,4,1,2,1,0,389,1,2,1,0
1028,8.05,84,0,3,2,1,2,2,2,1,0,1,1,1,1,0,5,1,2,2,0,493,1,1,0,1
1029,7.67,81,1,3,2,1,1,1,2,1,2,2,1,1,0,0,5,0,2,2,0,146,0,2,1,0
1030,6.54,65,1,4,1,0,0,0,1,1,1,0,1,1,0,0,3,1,0,1,1,31,1,0,1,2
1031,6.43,75,2,2,1,0,0,0,1,1,0,1,0,0,0,0,2,0,0,1,0,54,1,1,0,2
1032,8.46,79,1,4,1,2,2,0,1,2,1,2,1,1,0,0,3,0,1,2,0,220,1,1,1,0
1033,8.37,95,0,4,1,1,1,2,2,1,1,2,1,1,0,0,3,1,2,3,0,440,1,2,0,0
1034,9.02,98,0,3,1,1,0,0,1,2,2,1,0,0,0,0,0,0,1,1,0,38,1,1,1,2
1035,9.53,97,0,2,2,2,2,1,2,2,2,2,1,1,1,1,5,1,7,3,0,503,2,2,1,1
1036,9.56,100,0,4,0,1,1,0,2,2,1,1,1,1,0,0,2,1,1,0,0,17,1,1,0,2
1037,9.44,100,0,4,0,1,0,1,2,2,2,1,0,0,0,0,2,0,0,1,0,12,1,2,1,2
1038,8.21,79,2,2,1,1,2,0,1,2,1,0,1,1,0,0,4,0,1,2,0,318,1,1,1,2
1039,7.62,79,0,4,2,1,1,1,2,2,2,1,1,1,0,0,4,0,2,2,0,273,2,1,1,1
1040,8.58,96,0,4,1,0,0,0,1,2,1,1,1,1,0,0,3,0,0,1,1,0,2,1,1,2
1041,6.04,63,4,3,0,0,0,0,0,1,0,0,0,0,0,0,2,0,0,0,0,37,0,1,0,2
1042,5.81,70,5,3,0,0,0,0,1,1,0,0,0,0,0,0,1,0,0,1,0,29,0,0,1,2
1043,6.64,65,1,3,2,2,2,2,2,2,1,1,1,1,1,0,8,1,2,3,0,772,1,1,2,0
1044,8.54,99,0,4,0,0,0,1,1,1,2,1,0,0,0,0,0,0,1,1,0,8,0,2,0,2
1045,8.88,81,0,4,2,2,2,2,1,2,1,2,1,1,1,1,6,1,2,2,0,482,2,2,0,1
1046,9.87,88,0,2,2,1,2,2,2,2,1,2,1,1,1,1,8,1,4,2,0,894,2,2,1,1
1047,7.36,84,1,3,2,1,2,2,1,2,0,2,1,1,1,0,5,1,2,2,1,751,1,1,2,0
1048,8.5,95,0,4,2,1,1,1,2,1,0,0,1,1,0,0,4,1,1,1,0,415,2,1,0,0
1049,9.27,95,0,2,2,1,2,2,2,2,2,1,1,1,1,1,5,1,5,5,1,597,1,2,1,1
1050,8.84,96,0,4,2,1,2,1,2,2,2,1,1,1,1,1,8,1,6,3,1,814,2,2,2,1
1051,9.67,95,0,3,0,0,1,1,1,2,2,1,0,0,0,0,1,0,2,1,0,0,1,1,1,2
1052,8.57,98,0,2,0,0,0,1,2,1,2,1,0,0,0,0,2,0,2,1,0,99,2,1,0,2
1053,7.91,85,0,4,2,1,1,1,1,1,1,1,1,1,0,0,3,1,1,0,0,382,1,1,1,0
1054,6.67,73,2,3,2,2,2,1,1,2,0,0,1,1,1,0,6,1,4,5,1,674,2,1,1,1
1055,7.8,86,2,4,2,2,1,1,2,1,0,1,1,1,0,0,3,1,1,1,1,342,1,1,1,0
1056,8.57,91,0,2,1,0,1,1,1,1,1,2,0,0,0,0,2,0,1,0,0,52,0,2,0,0
1057,8.98,87,1,2,1,1,2,2,2,2,1,2,1,1,1,1,5,1,2,3,0,455,2,2,0,0
1058,6.73,80,3,2,0,0,1,0,1,0,0,1,0,0,0,0,0,0,1,0,0,71,0,1,1,2
1059,7.39,70,1,3,1,0,1,0,1,1,1,2,1,1,0,0,2,0,1,2,0,271,2,1,0,2
1060,7.76,80,2,3,2,2,2,1,2,2,0,1,1,1,0,0,5,0,4,2,1,260,2,1,0,1
1061,9.14,93,0,3,1,0,0,0,2,1,2,1,1,1,0,0,2,1,0,0,0,84,1,2,1,0
1062,8.51,84,1,3,1,1,2,2,2,2,1,2,1,1,1,1,4,1,4,4,1,386,1,2,1,1
1063,6.58,80,5,4,0,1,0,0,1,0,0,1,0,0,0,0,0,0,0,1,0,26,1,0,0,2
1064,8.59,96,0,4,0,1,1,0,2,2,2,1,0,0,0,0,2,0,0,0,0,91,2,2,1,0
1065,8.68,84,0,4,2,1,2,2,2,1,2,2,1,1,1,1,4,1,5,3,0,484,2,1,0,1
1066,7.02,82,0,4,2,2,2,1,2,2,2,2,1,1,1,0,7,1,3,5,0,505,2,2,1,0
1067,8.97,87,0,3,2,1,2,2,2,2,2,1,1,1,1,1,6,1,5,2,1,454,2,1,2,1
1068,7.82,90,0,3,1,2,2,1,2,1,2,1,1,1,1,1,4,1,4,4,0,603,1,2,1,0
1069,7.41,92,0,4,2,1,1,2,1,2,2,1,1,1,0,0,2,1,2,3,0,104,1,2,0,0
1070,7.55,75,1,4,2,2,2,1,1,1,0,1,1,1,1,0,5,1,3,1,0,760,2,1,1,0
1071,7.81,100,0,3,2,2,2,1,2,1,1,1,1,1,1,1,7,1,5,3,1,624,2,1,2,1
1072,8.98,96,0,4,1,1,1,1,1,1,1,2,0,0,0,0,0,0,1,1,0,88,2,1,1,0
1073,8.75,94,0,3,0,0,1,1,1,2,2,2,0,0,0,0,1,0,2,1,0,18,2,1,1,0
1074,6.49,80,4,3,0,0,1,0,1,0,1,1,0,0,0,0,1,0,1,1,0,12,1,1,0,2
1075,8.07,77,1,4,2,2,2,1,2,2,0,1,1,1,1,0,4,0,4,1,1,659,1,2,2,1
1076,7.28,85,0,2,2,2,1,1,1,2,2,0,1,1,0,0,4,1,4,1,0,107,2,2,0,0
1077,8.71,99,0,3,1,0,0,1,1,1,2,2,0,0,0,0,0,0,1,0,0,1,1,1,1,0
1078,6.55,59,3,2,1,1,1,1,0,1,1,1,0,0,0,0,1,0,1,0,0,20,0,1,1,2
1079,8.42,83,2,4,2,1,2,1,1,1,0,1,1,1,0,0,4,0,3,0,0,315,0,1,0,2
1080,8.84,91,0,2,1,0,1,1,1,1,2,2,1,1,0,0,4,1,0,1,0,90,1,1,1,0
1081,9.19,90,0,3,1,0,0,0,1,2,2,2,1,0,0,0,4,1,0,1,1,105,1,2,1,0
1082,9.68,97,0,4,2,1,2,1,2,2,2,1,1,1,1,1,7,1,5,4,1,801,2,2,1,1
1083,8.85,98,0,3,0,0,1,0,1,1,2,2,1,1,0,0,3,0,0,0,1,67,0,1,1,2
1084,8.4,81,1,3,1,1,1,1,2,1,1,1,1,1,1,1,4,0,2,4,1,378,2,1,1,0
1085,9.35,90,0,3,2,2,2,2,2,2,2,1,1,1,1,1,7,1,3,2,1,530,2,1,1,1
1086,8.45,78,0,4,1,1,2,0,2,1,2,1,1,1,0,0,3,0,4,0,0,308,0,1,1,0
1087,9.1,84,0,4,1,1,2,2,2,1,2,1,1,1,1,1,5,1,2,1,0,472,1,2,2,1
1088,8.42,92,0,4,1,1,0,1,2,1,1,2,0,0,0,0,2,0,2,0,0,103,0,1,1,2
1089,9.07,83,0,4,2,2,1,2,1,2,1,1,1,1,1,1,4,1,4,4,0,460,1,1,2,0
1090,8.17,71,0,4,2,1,2,2,1,1,1,2,1,1,1,0,8,1,4,2,1,411,2,2,2,1
1091,8.15,90,0,3,1,0,2,0,2,2,0,2,1,1,0,0,5,1,4,1,0,283,1,2,0,0
1092,8.18,72,0,4,1,1,1,2,1,1,1,1,1,1,0,0,2,1,4,3,0,244,1,2,0,0
1093,6.91,85,3,4,1,0,1,0,0,1,1,1,0,0,0,0,0,0,0,1,0,10,1,1,0,2
1094,9.25,93,0,4,1,0,1,1,1,2,1,1,0,0,0,0,1,0,1,1,0,99,1,1,1,0
1095,8.01,82,1,4,2,1,2,2,2,1,1,1,1,1,1,0,5,1,3,2,0,443,2,2,1,0
1096,5.68,65,1,4,0,0,0,1,0,0,0,1,1,1,0,0,2,1,0,1,0,56,1,0,1,2
1097,8.09,90,2,2,1,2,1,1,2,2,1,0,1,1,0,0,2,0,2,0,0,214,2,2,0,0
1098,7.26,85,2,4,2,0,1,2,2,1,0,0,1,1,0,0,4,1,1,2,0,255,2,1,1,0
1099,7.06,78,0,4,2,1,2,2,1,1,0,0,1,1,1,0,7,1,2,1,1,607,2,2,0,1
1100,7.59,86,0,4,1,1,2,2,2,2,0,0,1,1,0,0,2,1,2,3,0,271,2,1,1,0
1101,8.56,90,0,4,1,1,1,1,2,1,1,2,1,1,0,0,3,1,0,0,0,20,1,2,0,2
1102,7.14,84,2,4,2,1,1,2,1,2,1,1,1,1,0,0,5,1,2,2,1,300,2,1,1,1
1103,6.83,59,2,4,1,0,1,0,0,1,1,1,0,0,0,0,1,0,0,1,0,34,1,1,0,2
1104,8.04,76,1,3,2,1,1,1,1,1,0,0,1,1,0,0,4,1,4,3,0,199,1,1,0,0
1105,6.25,56,4,2,0,1,1,1,1,0,1,0,0,0,0,0,0,0,1,1,0,62,1,1,1,2
1106,8.92,88,0,3,2,2,2,1,1,1,1,2,1,1,1,1,4,1,5,2,1,603,2,1,1,1
1107,8.5,80,1,4,1,0,1,2,1,1,1,2,1,1,0,0,4,1,4,0,0,144,1,2,1,2
1108,9.35,87,0,3,2,1,2,2,2,2,2,2,1,1,1,1,5,1,5,2,0,483,1,2,1,1
1109,6.21,60,5,2,0,1,0,1,0,0,1,0,0,0,0,0,1,0,1,0,0,27,1,0,0,2
1110,9.41,98,0,4,2,1,2,2,2,2,2,2,1,1,1,1,6,1,6,5,0,686,1,2,2,1
1111,6.93,82,2,3,2,2,2,2,2,2,0,1,1,1,1,0,4,1,1,4,1,707,2,1,2,0
1112,5.93,75,3,2,0,1,1,1,0,0,1,0,0,0,0,0,2,0,0,1,0,21,0,1,0,2
1113,8.19,83,2,3,2,1,2,1,2,1,2,0,1,1,1,0,7,1,2,3,1,423,2,2,0,1
1114,9.82,96,0,2,2,1,2,1,2,2,1,1,1,1,1,1,8,1,4,5,0,629,1,1,2,1
1115,7.12,66,0,4,2,1,2,2,2,1,0,2,1,1,1,0,6,1,2,2,1,781,2,1,0,1
1116,6.29,71,1,4,0,0,1,0,0,0,0,0,0,0,0,0,1,0,0,0,0,24,0,1,0,2
1117,7.0,80,0,3,2,2,2,1,2,1,0,1,1,1,0,0,5,0,2,1,0,283,1,1,1,0
1118,9.07,93,0,4,2,2,2,1,2,2,1,1,1,1,1,1,6,1,7,5,1,564,1,2,1,1
1119,7.23,83,0,3,2,2,2,2,1,2,2,2,1,1,1,0,8,0,2,3,0,429,1,2,0,1
1120,7.19,73,2,2,2,2,2,2,1,2,0,2,1,1,1,0,7,1,4,5,0,690,1,1,2,0
1121,6.5,68,1,4,1,0,0,1,1,1,1,1,0,0,0,0,1,0,1,0,0,2,1,1,1,2
1122,7.48,65,0,3,2,1,2,2,2,2,0,1,1,1,1,0,5,0,4,5,0,735,2,2,0,1
1123,8.5,91,0,4,1,0,1,1,2,2,1,1,0,0,0,0,1,0,2,1,0,20,1,2,1,0
1124,5.62,71,5,4,1,0,0,0,1,1,1,1,0,0,0,0,2,0,1,1,0,15,1,1,0,2
1125,9.52,100,0,2,2,2,2,2,2,2,1,2,1,1,1,1,8,1,7,4,0,816,1,1,2,1
1126,6.2,85,5,3,0,1,0,1,0,0,1,1,0,0,0,0,0,0,1,0,0,67,1,1,0,2
1127,6.44,70,2,2,1,1,1,0,0,0,0,1,0,0,0,0,1,0,0,0,0,48,0,1,1,0
1128,6.61,82,1,4,0,1,1,0,0,0,1,1,0,0,0,0,2,0,0,0,0,63,1,0,0,2
1129,7.33,90,0,2,1,1,1,2,1,1,1,1,1,1,0,0,2,1,1,1,0,210,2,2,1,0
1130,7.79,70,1,4,2,1,2,1,2,2,2,0,1,1,1,0,6,0,2,5,1,370,2,1,2,1
1131,7.22,68,2,3,2,1,2,1,1,1,2,0,1,1,1,0,8,1,4,2,0,380,1,2,2,1
1132,6.01,67,5,3,1,1,0,1,1,0,1,1,0,0,0,0,2,0,0,1,0,75,0,0,0,2
1133,8.2,81,1,2,2,0,1,1,1,1,0,1,1,1,0,0,3,1,3,1,1,140,2,2,0,0
1134,8.17,85,1,2,1,1,2,1,1,1,2,1,1,1,1,1,5,1,4,4,1,538,1,2,2,0
1135,6.16,62,4,2,0,0,0,0,1,1,1,0,0,0,0,0,1,0,1,1,0,34,1,1,1,2
1136,8.98,97,0,4,1,0,1,1,2,2,1,2,1,0,0,0,3,1,0,1,0,86,1,1,1,0
1137,6.85,81,1,2,2,2,2,2,1,1,1,1,1,1,1,0,4,1,3,5,0,783,2,1,0,0
1138,7.85,86,1,3,1,1,2,2,2,1,0,2,1,1,0,0,3,1,4,1,1,211,1,1,1,1
1139,6.4,58,3,2,0,0,1,0,0,1,1,1,0,0,0,0,0,0,0,0,0,35,1,1,1,2
1140,8.8,95,1,3,1,1,1,1,2,1,2,1,1,1,1,1,4,0,5,4,1,532,1,1,1,0
1141,5.72,59,1,4,0,1,0,1,1,0,1,0,0,0,0,0,0,0,1,1,0,8,0,1,0,2
1142,8.39,94,2,2,2,0,2,2,2,2,2,2,1,1,0,0,4,0,2,1,1,280,1,2,0,0
1143,7.2,74,1,2,2,2,2,1,2,2,1,2,1,1,1,0,4,1,3,4,1,359,1,1,0,0
1144,7.48,79,1,3,2,2,1,1,2,2,1,0,1,1,0,0,5,1,2,0,0,441,1,1,1,0
1145,9.1,93,0,3,1,1,1,0,2,2,1,2,0,0,0,0,1,0,0,0,0,26,0,1,1,2
1146,8.44,91,1,4,2,2,2,2,2,1,1,1,1,1,0,0,4,1,2,2,0,193,2,2,1,0
1147,7.75,80,0,3,2,1,2,1,1,1,2,1,1,1,1,0,8,1,4,5,1,541,2,2,0,1
1148,7.48,86,2,3,2,2,2,1,1,1,1,1,1,1,1,0,6,1,4,3,0,461,1,1,1,1
1149,8.88,95,0,4,2,1,2,1,2,2,1,2,1,1,1,1,7,1,6,5,1,524,2,2,1,1
1150,8.14,82,1,4,1,1,2,1,2,2,2,1,1,1,1,1,5,1,3,2,1,314,2,1,0,1
1151,8.17,73,1,3,2,1,2,1,2,1,0,2,1,1,1,0,4,1,2,1,0,665,2,2,2,0
1152,5.5,75,2,4,0,0,0,0,1,1,0,0,0,0,0,0,0,0,0,0,0,30,1,1,0,2
1153,7.93,78,0,4,2,2,2,1,1,2,0,2,1,1,1,0,4,0,2,5,1,579,1,2,0,0
1154,6.75,78,2,3,0,1,0,1,0,0,1,1,0,0,0,0,0,0,1,1,0,51,0,0,1,2
1155,7.94,75,2,3,2,1,2,2,1,2,1,2,1,1,1,0,6,1,4,2,1,627,2,1,1,1
1156,8.47,91,0,3,1,1,2,1,1,1,1,2,1,1,1,1,6,0,4,4,0,644,1,1,2,0
1157,8.45,81,1,4,1,0,1,2,2,2,1,1,1,1,0,0,5,1,4,1,0,237,2,1,1,0
1158,6.6,76,1,2,1,1,1,0,0,0,0,1,0,0,0,0,2,0,0,0,0,1,1,1,1,2
1159,7.7,82,0,3,2,2,2,1,2,2,0,1,1,1,0,0,5,1,2,2,0,263,1,1,0,0
1160,6.08,72,1,4,1,0,0,1,0,1,0,0,0,0,0,0,0,0,1,1,0,4,0,1,1,2
1161,5.99,67,3,2,0,1,1,1,1,1,0,1,0,0,0,0,0,0,1,1,0,53,0,1,1,0
1162,8.76,80,1,2,2,1,2,1,1,2,2,2,1,1,1,1,5,1,2,4,0,317,2,1,2,0
1163,9.16,95,0,3,2,2,2,1,2,2,1,1,1,1,1,1,5,1,4,5,1,460,1,2,2,1
1164,8.2,71,2,4,1,0,1,0,2,2,0,2,1,1,0,0,3,1,3,3,1,110,2,1,1,0
1165,9.64,97,0,3,1,0,1,0,1,1,2,2,0,0,0,0,2,0,0,1,0,70,2,1,0,0
1166,8.98,97,0,4,1,2,2,1,1,2,2,1,1,1,1,1,4,0,5,1,1,631,2,1,2,0
1167,7.1,67,2,4,2,2,2,2,1,1,1,1,1,1,1,0,8,1,4,4,1,598,1,1,1,1
1168,8.96,90,0,4,2,2,2,2,2,2,1,2,1,1,1,1,6,1,6,2,1,492,1,2,2,1
1169,8.02,74,2,3,2,2,2,1,2,1,0,1,1,1,1,0,7,0,2,4,1,618,1,1,0,0
1170,7.45,87,2,4,2,2,2,2,2,1,1,1,1,1,1,0,6,1,2,3,1,508,1,1,0,0
1171,8.93,81,1,3,2,1,2,2,2,2,1,2,1,1,1,1,6,1,4,3,0,341,1,2,1,1
1172,8.03,80,0,3,1,1,1,2,1,2,1,2,1,1,1,1,6,1,5,2,0,313,1,2,2,0
1173,8.98,92,0,2,2,2,2,2,2,2,1,2,1,1,1,1,5,1,3,5,1,816,2,2,1,1
1174,8.2,92,0,3,2,2,1,1,2,1,2,1,1,1,0,0,2,0,4,0,0,204,1,2,1,0
1175,8.41,97,0,3,1,2,1,2,1,2,2,1,1,1,1,1,6,1,2,1,1,455,1,2,0,0
1176,9.17,96,0,4,0,1,1,1,2,2,1,1,0,0,0,0,0,0,2,1,0,15,2,1,1,2
1177,7.2,82,2,4,1,2,1,0,1,2,0,0,1,1,0,0,2,0,3,1,0,105,0,2,1,2
1178,7.08,71,2,3,1,1,1,0,2,1,1,0,1,1,0,0,4,1,3,3,0,221,2,2,1,0
1179,5.97,65,5,3,0,1,0,1,1,1,1,0,0,0,0,0,2,0,1,1,0,75,0,0,0,2
1180,8.51,87,0,4,1,2,2,2,2,2,1,1,1,1,1,1,7,1,5,2,0,626,1,1,1,1
1181,8.33,87,0,2,1,1,1,1,1,2,1,1,1,1,1,1,5,0,2,4,1,525,2,1,1,0
1182,8.29,93,1,4,2,2,1,1,1,2,1,1,1,1,1,1,7,1,2,1,1,422,2,1,1,1
1183,8.35,73,0,3,1,0,2,1,1,1,1,1,1,1,0,0,5,0,2,3,1,108,2,2,0,0
1184,6.42,68,1,3,1,0,1,0,1,1,0,0,0,0,0,0,2,0,0,1,0,71,0,0,1,2
1185,8.25,96,0,3,2,2,2,2,1,1,2,1,1,1,1,1,7,0,3,2,0,541,2,1,1,1
1186,7.71,67,1,4,2,1,2,1,2,1,0,0,1,1,1,0,7,0,2,3,0,575,2,2,1,0
1187,7.36,80,2,4,2,2,2,2,1,1,2,2,1,1,0,0,5,1,2,3,1,315,2,1,0,0
1188,9.75,95,0,2,1,0,1,0,1,1,2,2,0,0,0,0,1,0,1,0,0,18,2,2,0,2
1189,9.82,85,0,4,2,1,2,1,2,2,2,2,1,1,1,1,6,1,5,3,1,686,2,2,2,1
1190,8.36,100,1,3,1,2,2,2,2,1,2,1,1,1,1,1,4,1,4,3,0,486,1,2,2,1
1191,9.7,95,0,4,2,2,2,2,2,2,1,1,1,1,1,1,6,1,5,4,0,719,2,1,2,1
1192,6.63,75,4,3,0,0,1,0,1,1,1,1,0,0,0,0,2,0,0,1,0,18,0,1,1,2
1193,5.9,69,3,3,1,1,0,1,1,1,0,1,0,0,0,0,0,0,1,1,0,35,0,0,1,2
1194,7.45,77,2,2,2,2,2,2,1,1,1,0,1,1,1,0,7,1,3,5,1,725,2,1,2,1
1195,6.6,67,1,3,1,1,1,1,1,1,0,0,0,0,0,0,0,0,0,1,0,31,1,1,1,2
1196,6.35,74,1,2,1,0,0,0,0,1,1,1,0,0,0,0,0,0,0,1,0,68,1,0,1,2
1197,7.34,82,2,2,2,2,2,1,2,2,1,2,1,1,1,0,5,1,4,4,0,370,1,2,2,0
1198,8.28,84,0,4,1,2,1,1,2,1,2,1,1,1,1,1,6,1,4,1,1,563,2,2,1,0
1199,7.74,92,2,4,1,0,1,1,2,2,1,2,1,1,0,0,2,1,4,1,0,203,1,2,0,0
1200,9.52,90,0,3,1,1,1,0,1,2,2,2,0,0,0,0,2,0,1,1,0,30,1,1,1,2
1201,7.07,76,1,4,2,1,1,2,1,1,1,2,1,1,0,0,4,1,1,1,1,357,1,2,0,0
1202,7.81,81,0,3,1,2,2,0,2,2,0,0,1,1,0,0,4,0,3,0,0,377,2,2,0,0
1203,7.14,73,1,4,2,1,2,2,2,1,1,0,1,1,1,0,5,1,3,5,0,696,2,1,0,0
1204,8.44,98,0,2,0,1,0,0,2,1,2,1,0,0,0,0,2,0,2,1,0,91,1,1,1,2
1205,7.73,92,2,4,2,2,2,1,1,1,0,2,1,1,0,0,4,0,4,2,0,212,0,2,0,1
1206,7.41,71,2,4,2,2,2,1,1,1,1,1,1,1,0,0,3,1,3,3,0,189,1,1,1,0
1207,7.11,75,2,4,2,2,2,2,1,1,1,1,1,1,1,0,6,0,4,1,0,462,1,2,2,1
1208,6.84,86,2,3,2,1,2,1,2,1,0,2,1,1,1,0,5,1,3,1,1,494,2,1,0,0
1209,7.46,76,2,3,2,0,2,2,1,2,1,0,1,1,0,0,4,1,1,1,1,145,2,1,1,0
1210,8.27,83,0,3,2,2,1,1,2,2,1,1,1,1,1,1,7,1,4,4,1,413,2,2,0,0
1211,8.86,86,0,3,2,1,1,2,1,2,2,2,1,1,1,1,7,1,4,2,0,322,2,2,0,0
1212,9.77,95,0,2,2,1,2,2,2,2,2,1,1,1,1,1,6,0,7,4,1,806,2,2,2,1
1213,9.9,95,0,2,2,2,2,2,2,2,1,2,1,1,1,1,8,1,7,5,0,500,1,1,1,1
1214,7.43,72,2,3,2,1,2,2,1,1,1,1,1,1,1,0,5,1,2,2,0,657,1,2,2,0
1215,5.89,66,5,3,1,1,1,1,1,1,0,0,0,0,0,0,2,0,1,1,0,61,1,0,0,2
1216,8.88,99,0,4,0,1,0,0,1,1,1,1,0,0,0,0,2,0,2,1,0,85,1,1,1,0
1217,8.42,87,0,2,2,2,2,1,2,1,2,2,1,1,1,1,7,1,3,4,0,649,2,2,1,1
1218,5.67,66,3,4,0,0,1,0,0,1,1,0,1,1,0,0,3,0,1,0,1,17,1,1,0,2
1219,9.24,85,0,4,2,2,2,2,2,2,2,2,1,1,1,1,8,1,7,4,0,567,2,2,1,1
1220,8.08,70,1,4,2,1,1,2,2,2,1,0,1,1,0,0,4,0,2,2,1,112,1,2,1,0
1221,8.53,97,0,2,1,0,0,0,1,1,1,1,0,0,0,0,1,0,0,0,0,42,0,2,1,2
1222,7.13,76,0,2,2,1,2,2,1,2,0,0,1,1,0,0,5,0,3,0,0,235,1,1,1,0
1223,8.13,87,1,3,2,2,2,2,2,1,0,2,1,1,1,0,5,1,4,4,0,588,2,1,0,0
1224,6.63,76,2,4,2,2,2,1,1,1,1,1,1,1,1,0,5,0,2,3,1,512,2,2,0,0
1225,7.95,70,0,3,2,1,1,1,1,1,1,2,1,1,0,0,5,0,2,2,0,410,0,1,0,0
1226,8.89,93,1,3,2,1,1,2,1,2,2,1,1,1,1,1,6,1,2,4,0,349,2,1,0,0
1227,7.84,78,0,2,2,1,2,2,1,2,1,0,1,1,1,0,7,0,3,2,1,495,1,1,2,0
1228,8.18,88,1,3,2,2,2,2,1,2,2,1,1,1,1,0,7,1,3,5,1,617,2,2,2,1
1229,7.9,96,1,4,1,1,2,1,2,1,1,2,1,1,1,1,4,1,3,3,0,616,1,2,1,0
1230,8.45,75,2,2,1,2,2,0,1,1,0,0,1,1,0,0,3,1,1,0,1,402,1,1,1,0
1231,7.51,76,1,3,2,1,2,2,1,1,1,0,1,1,0,0,5,1,4,3,0,333,1,1,1,0
1232,6.79,85,2,2,2,1,2,1,2,1,0,0,1,1,1,0,6,1,2,5,1,382,2,2,1,0
1233,8.38,80,2,3,1,1,1,0,2,1,1,1,1,1,0,0,5,1,2,1,1,351,1,2,0,2
1234,6.56,83,1,3,2,2,2,2,2,2,2,1,1,1,1,0,4,1,2,1,0,402,1,2,0,0
1235,5.85,64,5,3,1,0,1,1,0,1,0,1,0,0,0,0,1,0,1,1,0,71,0,1,1,2
1236,8.85,96,0,2,1,0,1,1,1,2,2,1,1,1,0,0,2,1,0,1,0,57,1,2,0,0
1237,7.12,92,0,4,2,2,1,2,2,2,2,2,1,1,0,0,2,1,4,2,0,198,1,2,1,0
1238,6.13,79,2,3,0,1,1,1,1,1,1,0,0,0,0,0,0,0,1,0,0,17,0,0,0,2
1239,7.29,72,2,4,2,2,2,2,1,2,0,2,1,1,1,0,5,0,3,1,0,538,1,2,0,0
1240,7.92,88,1,3,2,2,1,1,1,2,2,2,1,1,0,0,3,1,2,2,0,252,2,2,0,0
1241,9.23,94,0,3,0,1,1,0,2,1,1,2,1,0,0,0,3,1,2,0,0,21,1,2,0,2
1242,7.79,74,1,3,1,1,2,2,2,1,0,1,1,1,0,0,2,1,2,0,0,277,2,1,1,0
1243,7.93,98,1,3,2,1,1,1,1,1,2,2,1,1,1,1,7,1,4,1,1,375,2,2,1,0
1244,7.91,99,1,2,2,1,1,2,2,1,1,2,1,1,1,1,4,0,5,3,0,454,1,1,1,0
1245,8.41,93,1,4,1,1,2,2,1,2,1,2,1,1,1,1,5,1,3,2,1,426,1,1,0,0
1246,7.97,84,2,3,2,1,2,1,2,1,1,2,1,1,0,0,4,0,4,0,1,226,0,2,0,0
1247,5.81,68,4,4,0,1,0,1,1,1,1,0,0,0,0,0,0,0,1,1,0,25,1,0,0,2
1248,7.07,83,2,2,2,2,2,1,2,2,2,2,1,1,0,0,5,0,3,2,0,272,1,1,0,0
1249,7.54,92,1,3,1,0,2,2,1,2,1,1,1,1,0,0,4,1,3,1,0,306,1,2,1,0
1250,9.46,90,0,3,2,1,2,1,2,2,1,1,1,1,1,1,6,1,4,4,1,834,2,2,2,1
1251,9.54,90,0,3,0,1,1,1,2,1,2,1,0,0,0,0,1,0,1,0,0,7,0,2,1,2
1252,6.3,79,5,4,1,0,0,0,0,0,1,1,0,0,0,0,1,0,0,1,0,63,1,0,0,2
1253,7.28,74,1,4,2,0,1,1,1,1,1,0,1,1,0,0,5,0,2,2,0,252,1,1,1,2
1254,9.15,88,0,2,1,2,1,1,2,2,1,2,1,1,1,1,7,1,2,4,0,305,1,2,1,1
1255,8.19,69,0,2,2,2,2,1,1,2,0,1,1,1,1,0,4,1,1,2,1,510,1,2,0,0
1256,9.0,100,0,3,2,1,2,1,2,2,1,1,1,1,1,1,6,1,7,4,1,789,1,2,1,1
1257,6.68,82,0,3,2,1,2,2,1,2,1,1,1,1,1,0,8,1,3,4,0,412,1,2,0,1
1258,6.47,83,2,4,0,1,0,0,1,1,0,1,0,0,0,0,1,0,0,0,0,1,0,1,1,0
1259,8.12,84,1,4,2,2,2,2,2,2,2,1,1,1,0,0,3,1,1,0,1,269,1,2,1,0
1260,6.44,64,4,2,0,1,0,0,0,1,1,1,0,0,0,0,1,0,1,1,0,66,1,1,0,2
1261,7.88,86,0,4,1,2,2,1,2,1,0,2,1,1,0,0,3,1,4,0,0,211,1,2,0,0
1262,8.33,83,1,4,1,2,2,2,1,2,1,2,1,1,1,1,6,1,3,2,0,254,1,1,2,0
1263,7.23,75,1,2,2,2,2,1,1,2,2,1,1,1,0,0,4,0,2,2,1,104,2,2,1,0
1264,7.51,71,1,2,1,0,2,1,2,2,2,1,1,1,0,0,4,1,2,0,1,416,1,2,1,0
1265,8.15,76,2,3,2,1,2,2,1,2,1,1,1,1,1,0,5,0,2,3,1,643,1,2,0,1
1266,9.26,97,0,4,1,0,1,0,1,1,1,2,0,0,0,0,1,0,0,0,0,105,0,2,0,2
1267,7.81,76,1,4,2,1,2,1,2,1,2,0,1,1,1,0,8,1,4,2,1,350,1,2,2,0
1268,7.1,83,1,4,2,0,2,1,1,1,2,2,1,1,0,0,5,0,2,1,0,229,2,2,1,0
1269,9.11,94,1,4,1,1,2,2,2,1,1,2,1,1,1,1,7,1,2,1,0,604,1,1,1,0
1270,6.19,73,2,3,0,1,1,1,0,0,0,1,0,0,0,0,1,0,1,1,0,32,0,0,1,2
1271,9.28,95,0,3,0,0,0,0,1,2,1,1,0,0,0,0,1,0,1,0,0,58,0,1,1,2
1272,6.01,56,2,4,0,0,1,0,1,0,1,0,1,1,0,0,4,1,1,1,0,64,1,0,1,2
1273,7.04,90,2,2,2,1,1,1,1,1,1,2,1,1,0,0,3,0,3,0,1,222,0,1,0,0
1274,9.67,99,0,4,0,1,1,1,2,2,1,2,1,0,0,0,3,0,1,1,1,103,2,2,0,0
1275,8.48,87,1,4,2,2,2,2,2,1,2,1,1,1,1,1,5,1,4,2,1,290,1,2,0,0
1276,8.93,96,0,2,0,0,1,0,1,1,2,1,0,0,0,0,0,0,2,0,0,109,2,1,1,2
1277,7.47,73,0,4,1,2,1,0,1,1,1,0,1,1,0,0,5,0,2,1,0,423,1,2,0,0
1278,9.27,98,0,4,0,0,0,1,2,2,2,2,0,0,0,0,2,0,0,0,0,0,0,2,0,2
1279,8.57,98,0,4,2,2,2,2,2,1,2,2,1,1,1,1,7,1,4,3,1,648,2,1,0,1
1280,9.59,97,0,4,0,0,1,1,1,2,1,2,1,1,0,0,3,0,1,0,1,88,2,2,0,0
1281,8.2,89,1,4,2,1,2,2,1,2,2,1,1,1,1,0,6,1,3,3,1,797,1,2,1,1
1282,7.65,67,1,2,2,1,2,1,1,2,0,2,1,1,1,0,8,1,2,3,0,634,1,1,0,1
1283,8.08,86,1,4,1,2,1,2,1,1,1,1,1,1,1,1,7,1,4,2,0,574,1,2,2,1
1284,8.44,81,1,4,2,1,2,2,2,2,2,0,1,1,0,0,3,0,2,0,1,420,0,2,0,0
1285,9.06,100,0,3,1,0,0,0,2,1,1,1,0,0,0,0,2,0,0,1,0,67,1,2,0,0
1286,9.6,100,0,3,2,2,2,2,2,2,1,2,1,1,1,1,6,1,5,4,1,689,2,2,2,1
1287,7.96,97,0,3,2,2,1,2,1,1,2,1,1,1,1,1,4,1,2,1,0,520,2,1,0,0
1288,8.84,91,0,2,1,1,0,1,1,2,1,2,1,1,0,0,3,1,1,0,1,73,1,1,0,0
1289,7.2,73,0,3,2,1,2,2,1,1,0,1,1,1,1,0,6,1,2,3,0,724,1,2,1,1
1290,6.65,72,0,2,2,2,2,2,2,2,1,1,1,1,1,0,8,1,4,2,0,750,2,2,0,1
1291,9.34,89,0,3,2,1,2,2,2,2,1,2,1,1,1,1,7,1,3,3,1,597,1,2,2,1
1292,8.03,80,0,4,2,2,2,1,2,2,2,2,1,1,0,0,4,0,4,2,1,208,0,1,0,0
1293,6.76,64,3,4,0,0,0,0,0,0,0,0,0,0,0,0,1,0,0,1,0,45,1,1,0,2
1294,9.61,100,0,4,0,1,0,1,2,1,1,2,0,0,0,0,1,0,1,0,0,1,2,2,0,2
1295,5.96,63,2,2,0,1,0,0,1,0,0,0,0,0,0,0,0,0,0,1,0,38,0,1,0,2
1296,5.56,83,5,2,0,0,0,1,0,1,1,1,0,0,0,0,2,0,1,1,0,23,1,0,0,2
1297,8.1,89,1,4,2,1,1,2,1,1,1,1,1,1,1,1,5,0,5,2,0,478,2,1,2,1
1298,8.16,79,0,4,2,1,2,1,2,2,1,2,1,1,1,0,5,1,2,2,1,787,1,2,1,1
1299,8.13,83,0,4,2,1,2,1,1,2,2,0,1,1,1,0,7,1,4,4,0,782,1,2,2,0
1300,5.98,82,2,4,1,0,1,1,1,0,0,0,0,0,0,0,1,0,1,1,0,20,1,1,1,2
1301,8.98,84,1,3,2,1,1,1,1,2,2,1,1,1,1,1,5,1,3,3,1,478,2,2,2,0
1302,9.35,90,0,2,1,1,1,1,2,2,1,1,0,0,0,0,1,0,0,1,0,84,1,1,0,0
1303,7.4,67,2,4,2,1,2,2,2,2,0,0,1,1,1,0,6,1,3,5,1,738,2,2,0,1
1304,7.31,75,1,4,2,1,2,2,1,2,2,1,1,1,1,0,6,1,2,2,1,537,1,1,1,0
1305,6.14,56,1,4,1,0,0,1,0,1,1,0,0,0,0,0,0,0,1,1,0,63,1,1,1,2
1306,9.05,96,0,4,0,0,0,0,1,1,1,1,0,0,0,0,0,0,0,1,0,4,1,2,0,2
1307,8.18,86,2,3,2,2,1,1,1,1,1,1,1,1,0,0,3,1,1,0,0,431,1,1,0,2
1308,7.82,82,0,4,2,2,2,1,1,1,1,0,1,1,1,0,8,0,4,2,1,492,2,2,2,1
1309,8.02,81,0,4,2,2,2,2,2,1,1,2,1,1,1,1,7,1,5,3,0,368,2,2,2,1
1310,9.42,98,0,4,0,1,1,0,2,2,2,1,1,1,0,0,4,1,2,1,0,97,1,1,1,2
1311,9.75,99,0,2,1,1,0,0,1,1,1,1,0,0,0,0,2,0,1,1,0,31,2,2,1,2
1312,7.94,99,1,4,2,2,2,2,2,1,1,2,1,1,1,1,7,1,2,3,0,506,1,2,1,1
1313,9.12,86,1,3,2,1,1,2,2,1,2,2,1,1,1,1,5,1,4,2,0,389,1,2,2,1
1314,7.47,72,1,4,2,1,2,2,1,1,0,1,1,1,1,0,5,1,2,4,1,568,2,1,2,1
1315,7.12,89,0,2,2,0,2,2,1,2,0,0,1,1,0,0,4,0,3,3,0,129,2,2,1,0
1316,8.08,70,0,3,1,2,1,0,2,1,0,2,1,1,0,0,3,0,3,1,1,285,2,2,0,0
1317,7.41,81,1,4,1,0,2,0,2,2,2,1,1,1,0,0,4,0,1,3,0,275,2,2,0,0
1318,8.4,75,0,4,1,0,1,0,1,2,0,1,1,1,0,0,5,1,4,3,1,348,1,2,0,0
1319,7.09,82,2,4,2,1,2,1,1,1,1,2,1,1,1,0,4,1,4,2,1,618,2,1,1,1
1320,7.47,77,0,2,2,2,2,1,2,2,1,1,1,1,0,0,5,0,3,0,0,388,0,2,1,0
1321,5.69,73,5,2,0,1,1,1,1,0,1,1,0,0,0,0,0,0,0,1,0,35,0,1,1,0
1322,8.88,93,1,4,1,1,2,1,2,1,1,2,1,1,1,1,5,1,5,4,1,333,2,2,2,1
1323,8.45,92,0,2,2,2,2,1,2,2,2,1,1,1,1,1,4,1,3,4,1,452,2,1,1,0
1324,9.67,88,0,2,2,1,2,2,2,2,2,2,1,1,1,1,7,1,5,3,1,815,2,1,1,1
1325,6.89,56,5,2,1,1,1,1,0,0,1,0,0,0,0,0,0,0,1,1,0,43,0,1,0,2
1326,7.93,72,1,3,1,0,2,1,1,1,1,1,1,1,0,0,2,0,4,3,0,119,0,1,0,0
1327,7.23,74,0,2,2,1,2,2,2,2,2,0,1,1,0,0,4,1,4,2,0,124,1,1,1,1
1328,7.55,83,0,4,2,2,1,1,2,2,2,2,1,1,0,0,4,1,2,2,1,212,1,1,1,0
1329,7.41,71,2,4,2,1,2,1,2,1,1,2,1,1,1,0,8,0,3,5,0,465,2,2,0,0
1330,6.78,87,0,4,2,1,2,1,1,1,0,0,1,1,1,0,4,1,1,1,0,661,1,1,0,0
1331,6.87,76,2,3,1,1,1,0,0,0,0,1,0,0,0,0,1,0,0,0,0,71,1,0,0,2
1332,9.9,95,0,3,2,1,2,2,2,2,1,2,1,1,1,1,8,1,4,2,1,714,1,1,2,1
1333,8.24,72,0,3,2,2,2,2,1,1,0,2,1,1,0,0,5,1,2,3,0,349,1,1,1,0
1334,7.16,75,0,4,1,1,2,2,2,2,1,1,1,1,0,0,3,0,3,2,0,246,0,1,0,0
1335,7.72,85,0,4,1,1,2,2,2,2,2,0,1,1,0,0,5,0,2,0,0,231,2,2,0,0
1336,9.44,92,0,4,2,1,2,2,2,2,2,1,1,1,1,1,7,1,5,5,0,655,2,2,1,1
1337,7.69,78,0,4,1,2,2,0,2,2,0,2,1,1,0,0,4,0,1,0,1,412,0,2,0,0
1338,8.04,90,0,4,2,1,2,1,2,1,0,1,1,1,0,0,3,0,1,2,0,258,1,1,1,0
1339,7.25,79,2,2,2,2,1,2,2,2,1,0,1,1,0,0,3,0,3,1,0,131,2,2,0,0
1340,7.88,89,0,4,1,2,1,2,1,1,1,1,1,1,0,0,3,0,2,3,1,394,1,2,0,0
1341,8.36,88,1,4,1,2,2,2,1,2,0,2,1,1,0,0,5,1,3,2,0,165,2,2,0,0
1342,7.04,79,0,3,2,1,2,2,1,1,1,2,1,1,0,0,5,1,2,3,1,345,2,2,0,1
1343,8.49,91,1,4,1,2,2,2,1,2,2,1,1,1,1,1,6,1,3,2,1,415,1,2,0,1
1344,8.36,90,1,3,1,2,2,0,1,2,2,2,1,1,0,0,4,1,3,1,0,218,1,2,1,0
1345,7.47,71,0,2,1,0,2,0,1,2,0,2,1,1,0,0,3,1,4,2,0,309,2,1,1,0
1346,5.66,68,2,3,1,1,1,1,1,1,0,1,0,0,0,0,0,0,0,1,0,24,0,1,0,0
1347,6.88,78,0,3,2,2,2,2,1,2,2,1,1,1,1,0,7,1,2,2,1,782,1,1,1,1
1348,8.87,98,1,4,2,2,2,1,1,1,2,1,1,1,1,1,4,1,3,2,1,396,1,1,0,0
1349,7.55,81,0,4,1,0,2,1,2,1,0,2,1,1,0,0,5,1,3,0,0,436,2,2,1,1
1350,6.73,59,1,3,0,1,1,1,0,0,0,0,0,0,0,0,2,0,1,0,0,69,1,1,1,2
1351,6.95,86,1,4,2,2,2,1,1,2,2,0,1,1,1,0,8,1,2,4,0,639,2,2,1,1
1352,9.55,99,0,2,2,2,2,1,2,2,1,1,1,1,1,1,7,1,7,5,1,594,2,2,1,1
1353,8.93,98,0,3,1,1,1,1,2,2,2,2,0,0,0,0,2,0,1,1,0,88,2,1,1,0
1354,7.11,88,2,4,1,0,1,1,1,2,0,1,1,1,0,0,3,1,3,2,1,302,2,1,1,0
1355,8.79,96,0,4,1,1,1,0,1,1,2,1,0,0,0,0,0,0,2,1,0,15,2,2,0,2
1356,6.59,67,1,3,2,1,2,1,1,1,1,2,1,1,1,0,5,1,4,2,0,744,2,2,2,1
1357,5.57,62,4,2,1,1,0,0,0,0,0,0,0,0,0,0,2,0,1,1,0,58,1,0,1,2
1358,7.15,75,2,4,2,1,2,2,2,2,0,2,1,1,1,0,5,0,2,2,0,524,2,2,1,1
1359,7.95,89,2,4,1,1,2,1,2,2,1,2,1,1,0,0,3,1,2,3,0,445,1,2,0,0
1360,9.77,95,0,4,2,2,2,2,2,2,1,2,1,1,1,1,6,1,4,4,1,665,1,1,1,1
1361,6.0,68,1,4,0,1,0,1,0,1,0,1,0,0,0,0,0,0,0,1,0,57,1,0,0,2
1362,8.43,96,0,3,0,1,0,0,2,1,2,1,0,0,0,0,2,0,2,1,0,58,1,1,0,2
1363,5.9,76,4,4,1,0,1,1,0,0,1,0,1,0,0,0,3,0,1,0,1,60,1,1,1,0
1364,8.41,93,0,4,1,1,0,1,1,1,2,2,1,1,0,0,3,0,0,0,1,6,0,1,0,0
1365,7.46,84,2,4,2,0,1,1,1,1,0,1,1,1,0,0,4,1,1,3,1,180,1,2,1,0
1366,7.23,67,0,3,2,2,2,1,2,1,1,0,1,1,1,0,6,1,2,2,0,389,1,2,0,1
1367,8.66,82,0,3,2,1,1,1,2,1,2,1,1,1,1,1,4,1,5,4,1,587,1,1,1,1
1368,8.09,91,1,4,1,2,1,2,2,1,2,2,1,1,1,1,5,1,3,1,0,581,2,1,0,0
1369,7.95,83,1,2,1,0,1,2,1,1,0,1,1,1,0,0,2,1,2,1,0,295,1,1,1,0
1370,7.75,75,1,2,1,2,2,0,1,1,0,2,1,1,0,0,5,1,2,3,1,442,1,2,0,0
1371,9.05,91,0,4,0,1,0,1,2,2,1,1,0,0,0,0,0,0,0,1,0,8,0,2,0,0
1372,7.77,65,1,4,2,2,2,2,1,2,0,0,1,1,1,0,8,1,2,4,1,705,1,1,0,0
1373,7.26,81,1,3,1,1,2,0,2,2,0,0,1,1,0,0,3,0,4,1,0,401,1,1,0,0
1374,8.95,99,0,3,2,1,2,2,2,2,1,2,1,1,1,1,5,1,4,2,0,448,1,2,2,1
1375,6.99,58,1,2,0,0,1,1,0,0,0,0,0,0,0,0,1,0,0,0,0,53,0,0,0,2
1376,7.13,65,2,3,2,1,2,2,1,2,1,0,1,1,1,0,4,1,4,5,0,589,1,2,2,1
1377,7.96,85,0,3,2,1,2,1,2,2,1,1,1,1,1,1,5,1,2,4,1,316,2,2,0,1
1378,7.37,83,2,3,2,0,1,1,1,2,2,2,1,1,0,0,5,0,4,1,1,269,2,1,0,1
1379,9.12,89,0,2,2,1,2,2,2,2,1,2,1,1,1,1,6,1,6,4,1,604,2,1,2,1
1380,9.19,92,0,4,1,1,0,1,2,1,1,1,0,0,0,0,2,0,2,0,0,68,0,2,0,2
1381,8.86,90,0,2,0,0,1,0,2,1,2,1,0,0,0,0,1,0,2,1,0,62,2,1,1,2
1382,9.34,90,0,2,0,0,0,0,2,1,1,2,1,1,0,0,3,1,1,1,0,27,1,1,1,2
1383,7.81,94,2,3,2,0,1,2,1,2,1,2,1,1,0,0,4,1,4,2,1,139,1,1,0,0
1384,9.61,91,0,4,2,2,2,1,2,2,2,2,1,1,1,1,8,1,4,3,1,680,2,2,1,1
1385,7.1,75,2,4,2,2,1,1,1,1,2,0,1,1,0,0,4,0,4,1,1,247,0,1,1,2
1386,9.46,90,0,4,1,1,0,1,2,2,1,2,1,1,0,0,4,1,0,0,0,6,2,1,0,0
1387,5.91,83,5,3,1,1,1,0,1,1,1,0,0,0,0,0,1,0,1,1,0,15,0,1,1,2
1388,8.85,87,0,2,1,1,2,2,1,2,1,2,1,1,1,1,6,0,2,3,0,373,2,1,2,1
1389,7.0,77,1,4,2,1,2,2,1,2,2,1,1,1,1,0,6,1,2,2,0,686,1,1,0,0
1390,7.72,85,0,3,2,1,2,1,1,1,2,1,1,1,0,0,5,1,2,0,0,312,1,1,1,0
1391,7.32,72,2,3,2,1,2,1,2,1,0,2,1,1,0,0,3,1,3,1,0,333,2,2,1,0
1392,7.5,87,0,4,2,1,2,2,1,1,0,1,1,1,1,0,5,0,2,3,1,359,2,2,0,0
1393,8.48,95,0,4,0,0,0,0,2,1,1,2,0,0,0,0,2,0,1,1,0,1,0,1,1,2
1394,9.55,90,0,3,1,1,1,0,2,1,2,2,0,0,0,0,1,0,1,1,0,76,1,1,0,2
1395,8.44,100,0,2,2,2,1,2,2,2,2,2,1,1,1,1,7,1,2,1,1,516,1,1,0,0
1396,8.35,81,1,3,1,2,2,1,2,2,0,2,1,1,0,0,2,1,2,2,0,429,1,2,0,0
1397,8.73,100,0,3,1,2,2,2,2,2,2,2,1,1,1,1,7,1,4,3,0,264,2,2,2,1
1398,6.53,77,0,2,2,2,2,1,1,1,1,1,1,1,1,0,6,1,3,5,0,548,1,1,1,1
1399,7.01,74,2,3,1,2,1,1,2,1,2,2,1,1,0,0,2,0,2,1,0,433,2,2,0,0
1400,8.21,85,0,3,2,1,1,1,2,2,2,2,1,1,0,0,2,0,1,0,0,441,1,2,1,0
1401,7.37,85,1,2,2,1,2,2,2,2,1,0,1,1,1,0,8,1,4,2,1,561,2,1,1,1
1402,6.05,83,4,4,0,1,1,0,0,1,0,1,0,0,0,0,0,0,1,1,0,24,0,0,1,2
1403,8.71,90,1,4,1,2,2,1,2,2,2,1,1,1,1,1,7,1,3,2,0,501,2,2,1,1
1404,9.05,93,0,3,2,2,1,2,1,1,1,2,1,1,1,1,5,1,5,3,1,324,2,1,0,0
1405,5.77,77,5,3,0,0,1,0,1,1,1,0,0,0,0,0,0,0,1,0,0,7,1,0,1,2
1406,7.59,93,1,4,1,0,1,2,1,1,0,2,1,1,0,0,3,1,1,3,0,110,2,2,0,0
1407,9.11,91,0,4,0,1,0,1,2,1,2,1,1,1,0,0,3,1,1,1,0,110,1,2,1,2
1408,6.88,78,2,3,2,1,2,1,2,2,1,0,1,1,1,0,5,0,2,3,1,499,1,1,0,1
1409,7.31,72,2,2,2,0,1,1,2,2,2,1,1,1,0,0,5,0,3,3,1,136,1,1,1,0
1410,8.36,80,1,3,2,2,2,1,2,1,1,2,1,1,1,1,4,1,2,3,0,591,1,2,1,1
1411,7.92,70,2,3,2,0,1,2,1,2,0,0,1,1,0,0,5,0,3,3,1,241,2,1,0,0
1412,6.74,74,0,3,2,1,2,2,2,1,1,1,1,1,1,0,8,1,2,1,1,402,1,1,2,0
1413,6.86,70,0,3,2,2,2,1,2,1,2,0,1,1,1,0,4,1,1,4,0,487,2,2,2,0
1414,6.34,59,3,3,0,1,1,0,0,1,0,1,0,0,0,0,1,0,1,1,0,31,0,0,1,2
1415,6.14,57,5,2,1,1,1,0,1,0,0,1,0,0,0,0,0,0,0,1,0,67,0,0,0,2
1416,7.39,82,2,4,2,1,2,1,2,2,1,1,1,1,1,0,5,1,2,5,1,437,1,1,1,0
1417,7.31,73,0,4,2,1,1,1,2,2,2,2,1,1,0,0,4,1,4,0,0,191,1,1,0,0
1418,6.92,61,2,2,0,0,0,0,0,1,0,1,0,0,0,0,2,0,0,1,0,46,0,1,0,2
1419,8.47,99,0,4,0,1,1,0,2,1,1,2,1,1,0,0,2,1,0,0,0,116,2,2,1,2
1420,9.17,90,0,4,1,1,0,1,2,2,2,2,0,0,0,0,0,0,1,0,0,67,0,1,0,0
1421,8.9,85,1,4,1,1,1,1,2,1,1,2,1,1,1,1,6,1,5,2,0,353,1,2,0,0
1422,6.67,82,0,2,2,2,2,1,1,1,2,0,1,1,1,0,8,1,2,4,0,599,2,1,2,1
1423,5.61,66,4,3,0,0,0,0,1,1,0,1,0,0,0,0,1,0,0,1,0,58,1,1,1,2
1424,7.82,85,0,4,1,1,1,1,1,2,1,1,1,1,1,1,5,1,4,3,1,422,1,2,0,0
1425,6.48,62,2,4,0,0,0,0,1,1,1,1,0,0,0,0,1,0,0,0,0,37,1,0,0,2
1426,8.38,92,0,2,1,2,2,2,2,1,0,2,1,1,0,0,4,1,3,2,0,450,1,2,1,1
1427,9.42,94,0,3,1,0,0,1,1,1,1,1,0,0,0,0,2,0,0,1,0,104,1,2,0,0
1428,7.57,88,1,3,2,1,2,2,1,1,1,2,1,1,0,0,3,0,3,2,0,382,2,2,1,0
1429,7.55,70,2,2,2,1,1,1,1,2,0,1,1,1,0,0,4,0,2,3,0,383,1,2,0,1
1430,8.13,76,2,4,2,2,2,2,1,1,0,0,1,1,1,0,7,0,2,1,1,519,1,2,0,0
1431,7.36,89,1,4,2,2,2,1,1,1,2,1,1,1,1,0,5,0,2,3,0,700,2,1,2,1
1432,9.49,94,0,3,1,0,0,1,2,1,2,2,0,0,0,0,0,0,0,1,0,24,2,1,0,2
1433,7.7,92,1,2,2,1,1,1,1,1,2,0,1,1,0,0,3,0,2,0,1,223,1,2,0,2
1434,9.3,100,0,3,0,0,1,0,1,1,1,1,0,0,0,0,2,0,0,1,0,94,2,2,0,2
1435,9.14,99,0,3,2,1,2,1,2,2,2,1,1,1,1,1,8,1,6,3,1,664,1,1,2,1
1436,7.58,84,2,3,1,2,1,2,2,1,2,0,1,1,0,0,3,0,3,0,0,218,1,1,0,0
1437,6.38,65,4,3,1,0,0,1,0,1,0,0,0,0,0,0,2,0,1,0,0,40,0,1,1,2
1438,8.96,93,0,2,2,2,2,1,2,2,2,1,1,1,1,1,6,1,4,4,1,675,1,2,2,1
1439,9.75,100,0,2,1,1,0,0,1,2,2,1,0,0,0,0,1,0,0,1,0,29,0,2,1,2
1440,7.64,87,2,4,2,1,2,1,2,1,0,2,1,1,1,0,5,1,4,1,0,727,2,1,0,0
1441,8.0,87,2,4,2,2,2,2,2,2,2,2,1,1,1,0,5,1,4,4,0,352,2,2,2,1
1442,8.03,72,0,4,2,1,1,2,1,2,0,2,1,1,0,0,5,0,2,3,0,251,0,1,1,0
1443,6.17,85,4,3,1,0,1,0,0,0,1,0,1,1,0,0,2,1,1,0,0,1,1,1,0,2
1444,8.1,76,2,3,2,1,2,1,2,2,1,1,1,1,0,0,5,0,3,3,1,440,2,1,1,1
1445,8.14,69,0,4,2,2,2,2,2,2,1,0,1,1,1,0,7,1,4,5,1,640,2,1,1,1
1446,7.97,89,0,3,1,2,2,1,1,2,2,1,1,1,1,1,5,1,4,2,0,299,1,2,1,0
1447,7.86,80,0,2,2,2,1,2,1,2,1,2,1,1,1,1,4,1,5,4,1,445,2,1,0,0
1448,6.87,85,2,3,2,1,2,2,1,1,1,1,1,1,1,0,7,1,4,5,0,647,1,2,2,1
1449,7.01,90,2,4,1,0,1,0,1,1,1,0,1,1,0,0,4,0,2,2,0,185,2,2,0,2
1450,8.82,98,0,3,0,0,0,0,2,2,2,1,0,0,0,0,0,0,2,1,0,120,2,2,0,2
1451,5.52,76,5,2,1,1,0,1,1,0,0,1,0,0,0,0,2,0,1,0,0,45,0,1,1,0
1452,6.89,57,5,4,0,1,0,1,1,0,0,0,0,0,0,0,2,0,0,1,0,34,0,0,1,2
1453,7.66,81,1,4,2,1,2,1,2,1,1,2,1,1,1,0,4,1,2,4,1,721,1,1,2,0
1454,8.56,84,1,3,1,2,2,1,1,1,2,2,1,1,1,1,7,1,4,1,0,506,1,1,0,1
1455,9.8,96,0,4,0,1,1,1,2,1,1,2,0,0,0,0,0,0,0,1,0,31,1,1,0,0
1456,6.31,74,1,4,1,1,0,1,1,1,0,0,0,0,0,0,2,0,1,1,0,49,1,1,0,0
1457,9.52,88,0,2,2,2,2,1,2,2,2,1,1,1,1,1,8,1,4,5,1,512,2,2,1,1
1458,9.89,100,0,2,2,1,2,2,2,2,2,2,1,1,1,1,5,1,5,4,1,562,2,2,1,1
1459,8.48,99,0,2,0,0,1,0,2,2,2,1,0,0,0,0,2,0,0,0,0,43,0,1,0,2
1460,6.02,81,5,3,1,0,1,0,1,1,0,1,0,0,0,0,0,0,1,1,0,48,1,1,0,2
1461,8.29,79,2,4,1,2,2,0,2,2,2,2,1,1,0,0,3,1,4,3,0,415,2,2,1,0
1462,7.68,76,1,3,1,2,1,2,1,2,0,2,1,1,0,0,3,1,1,2,0,314,1,1,0,0
1463,9.08,92,1,4,1,1,2,2,1,2,2,2,1,1,1,1,5,1,2,4,0,337,1,2,1,0
1464,6.98,80,2,4,2,1,2,2,2,1,0,0,1,1,1,0,8,1,2,1,1,402,2,2,2,1
1465,5.86,71,5,3,0,0,0,1,1,0,1,0,0,0,0,0,2,0,1,0,0,1,1,1,1,2
1466,6.07,79,5,4,0,0,1,0,0,0,1,1,0,0,0,0,2,0,1,0,0,78,1,1,0,2
1467,8.77,100,0,4,0,1,0,1,2,1,1,1,0,0,0,0,1,0,0,0,0,29,2,1,0,2
1468,7.36,78,0,4,2,0,1,1,2,1,2,2,1,1,0,0,2,0,4,1,0,441,1,1,0,0
1469,7.97,98,0,3,1,1,2,1,1,1,1,2,1,1,1,1,6,1,2,1,0,335,2,1,2,0
1470,7.88,86,1,3,2,1,2,2,2,2,0,1,1,1,1,0,4,1,3,3,1,626,2,1,2,1
1471,8.35,81,2,3,2,2,1,1,1,1,0,2,1,1,0,0,5,1,2,3,1,413,1,1,0,0
1472,6.78,82,2,2,2,2,2,2,1,1,2,0,1,1,1,0,7,0,2,5,1,785,2,2,2,1
1473,7.0,75,1,4,1,1,1,2,2,2,2,0,1,1,0,0,2,0,1,3,0,281,0,2,1,0
1474,7.69,74,2,3,2,1,2,2,2,2,2,1,1,1,1,0,7,1,3,1,1,676,2,2,1,1
1475,8.56,95,0,4,1,1,1,1,1,2,1,1,1,1,1,1,4,1,2,1,1,469,2,2,0,0
1476,7.67,80,2,4,2,2,2,1,2,1,0,0,1,1,1,0,4,1,2,4,0,557,2,2,2,1
1477,9.31,97,0,4,2,2,2,1,2,2,1,1,1,1,1,1,7,1,4,3,0,825,2,1,2,1
1478,7.42,90,2,3,2,2,2,2,2,2,2,2,1,1,1,0,7,1,3,3,0,412,2,2,2,1
1479,8.7,99,0,4,1,0,1,1,2,2,2,2,0,0,0,0,1,0,0,1,0,32,0,1,0,2
1480,7.33,65,2,2,2,2,2,2,2,2,0,0,1,1,1,0,6,1,2,5,1,754,2,2,1,1
1481,9.5,88,0,2,2,1,2,2,2,2,1,2,1,1,1,1,6,1,3,5,1,790,2,1,2,1
1482,6.39,76,1,4,0,0,0,0,1,1,1,1,0,0,0,0,0,0,1,0,0,52,0,1,0,2
1483,7.77,68,1,4,2,1,2,2,1,1,1,0,1,1,1,0,5,1,2,3,1,632,1,2,1,1
1484,6.97,77,1,2,2,1,2,2,2,2,0,2,1,1,1,0,5,0,3,3,1,600,2,2,1,0
1485,8.29,89,0,4,2,2,2,2,1,1,2,1,1,1,1,1,7,0,4,3,0,414,2,2,0,1
1486,8.31,95,0,4,2,1,2,2,1,1,1,1,1,1,0,0,5,0,3,1,0,394,1,1,0,0
1487,7.12,84,1,2,2,2,2,1,1,2,1,2,1,1,0,0,5,1,2,3,0,359,1,2,0,1
1488,8.17,82,0,3,2,1,1,1,1,2,1,0,1,1,0,0,3,0,1,2,1,241,0,1,0,0
1489,7.51,87,0,4,2,1,2,1,1,2,0,0,1,1,0,0,3,0,3,0,0,196,1,1,1,0
1490,7.95,73,0,2,2,2,2,2,1,1,2,2,1,1,1,0,7,1,3,2,1,385,2,2,0,1
1491,6.4,69,5,3,0,1,0,0,0,0,1,1,0,0,0,0,0,0,0,0,0,59,0,0,1,2
1492,9.35,92,0,4,1,0,0,0,2,1,2,1,1,0,0,0,2,1,1,0,0,113,2,1,1,0
1493,8.43,74,0,3,2,1,1,1,1,2,1,2,1,1,0,0,5,0,2,2,1,310,1,2,1,0
1494,5.78,85,5,2,0,1,0,0,1,1,0,0,0,0,0,0,0,0,0,0,0,80,0,1,0,2
1495,8.81,82,0,4,2,1,1,2,1,1,2,1,1,1,1,1,7,1,4,3,1,567,2,1,0,1
1496,9.53,93,0,3,0,1,0,0,2,1,1,1,0,0,0,0,0,0,1,1,0,15,2,1,1,0
1497,9.89,89,0,4,2,2,2,2,2,2,2,2,1,1,1,1,6,1,6,4,0,809,1,1,1,1
1498,9.44,90,0,4,1,0,0,0,1,2,1,2,0,0,0,0,1,0,1,1,0,76,2,1,0,0
1499,6.32,77,3,4,1,1,1,1,0,1,1,1,0,0,0,0,2,0,0,1,0,7,1,0,1,2
1500,7.73,70,0,3,1,0,2,2,2,1,0,0,1,1,0,0,4,0,4,3,1,188,2,2,1,0
1501,7.3,70,2,3,2,1,1,1,1,1,0,0,1,1,0,0,4,1,2,0,0,347,1,2,0,0
1502,7.72,82,1,3,2,1,2,1,1,2,2,1,1,1,1,0,5,1,4,2,1,766,1,2,0,1
1503,8.93,84,0,2,2,2,1,2,1,1,1,1,1,1,1,1,5,1,2,1,1,424,2,1,0,1
1504,8.16,68,1,4,2,2,2,2,2,2,2,0,1,1,1,0,7,1,2,1,1,394,2,1,1,1
1505,8.31,86,1,4,2,1,1,2,1,1,2,1,1,1,1,1,4,1,2,2,0,568,1,2,1,0
1506,7.6,77,1,3,2,1,2,2,2,2,0,1,1,1,0,0,5,0,4,3,1,120,2,2,0,1
1507,7.65,74,2,4,2,2,2,2,1,1,2,0,1,1,1,0,5,1,2,4,0,444,1,2,1,0
1508,8.07,90,0,2,1,1,1,0,1,2,2,1,1,1,0,0,5,0,2,2,0,105,1,1,1,2
1509,7.18,80,2,3,2,0,1,2,2,2,1,0,1,1,0,0,3,1,1,2,0,154,1,1,0,0
1510,6.1,61,1,2,1,0,1,1,0,0,0,0,0,0,0,0,1,0,0,0,0,73,0,0,0,2
1511,7.72,79,1,4,2,1,2,1,2,2,2,0,1,1,1,0,8,1,2,1,1,534,1,2,0,1
1512,6.91,73,1,4,0,0,0,0,0,1,1,0,0,0,0,0,2,0,1,1,0,78,0,0,1,2
1513,7.4,80,0,4,1,0,2,1,1,2,0,0,1,1,0,0,2,0,3,2,0,316,0,2,0,2
1514,5.59,82,2,2,1,1,1,0,0,0,1,0,0,0,0,0,0,0,1,1,0,25,0,1,1,2
1515,5.72,62,4,2,1,0,1,1,1,0,1,0,0,0,0,0,1,0,0,1,0,79,0,0,0,0
1516,8.91,89,0,4,2,2,2,2,2,2,1,2,1,1,1,1,6,1,7,4,1,707,2,1,1,1
1517,6.45,66,1,2,1,0,0,0,1,1,1,0,0,0,0,0,1,0,1,0,0,74,0,0,0,2
1518,9.83,91,0,3,2,1,2,2,2,2,1,1,1,1,1,1,7,1,3,2,0,758,1,2,1,1
1519,7.25,66,2,4,2,2,2,1,2,1,0,1,1,1,1,0,5,1,3,3,0,355,2,1,2,1
1520,9.13,98,0,3,2,1,2,1,2,2,2,2,1,1,1,1,5,1,3,4,0,648,1,1,2,1
1521,9.62,100,0,2,2,1,2,2,2,2,2,1,1,1,1,1,5,1,7,2,1,563,2,1,1,1
1522,7.4,79,2,3,2,2,2,1,1,2,1,0,1,1,0,0,5,0,2,2,1,124,0,2,1,0
1523,7.48,88,2,4,2,1,2,1,1,2,2,1,1,1,1,0,5,0,3,4,1,770,1,2,2,1
1524,8.28,91,0,4,2,2,1,1,1,2,0,0,1,1,0,0,5,0,2,0,0,378,1,1,1,2
1525,8.09,81,1,4,2,2,2,1,1,1,0,2,1,1,1,0,5,0,4,1,1,577,1,2,1,0
1526,8.39,82,0,2,1,2,2,2,2,1,2,2,1,1,1,1,6,1,5,4,0,507,1,1,0,0
1527,8.81,90,0,3,1,1,1,0,2,1,1,1,0,0,0,0,2,0,1,1,0,114,0,2,1,0
1528,8.74,94,0,3,2,1,1,2,1,2,1,2,1,1,1,1,5,1,5,3,1,368,2,1,0,1
1529,8.88,100,0,4,0,1,0,0,2,1,2,1,0,0,0,0,0,0,0,0,0,73,2,2,1,2
1530,7.29,75,1,4,1,1,1,2,1,2,2,1,1,1,0,0,4,1,2,0,0,173,1,2,0,0
1531,7.34,87,1,4,2,0,2,1,2,2,0,1,1,1,0,0,4,1,1,0,0,295,1,2,1,0
1532,8.27,75,2,3,2,2,2,1,2,1,0,0,1,1,0,0,5,0,4,1,1,220,1,2,0,0
1533,9.14,89,0,2,2,1,2,2,2,2,2,1,1,1,1,1,7,1,5,2,1,801,1,2,2,1
1534,9.89,93,0,3,2,2,2,2,2,2,2,2,1,1,1,1,7,1,6,2,1,811,2,1,1,1
1535,7.07,85,0,3,1,1,1,1,1,2,1,2,1,1,0,0,5,1,3,3,0,370,1,2,0,0
1536,5.76,66,4,4,1,0,0,0,1,0,1,1,0,0,0,0,2,0,0,1,0,73,1,1,0,2
1537,6.69,66,0,2,2,2,2,1,1,2,1,1,1,1,1,0,5,0,2,4,0,681,1,2,2,1
1538,7.57,95,0,2,2,0,2,1,2,2,0,1,1,1,0,0,5,0,2,1,0,309,0,1,0,0
1539,7.91,86,0,4,2,1,2,1,1,2,1,0,1,1,1,0,4,0,2,4,1,464,1,1,1,0
1540,6.72,72,2,3,2,1,2,2,2,2,1,2,1,1,1,0,6,0,4,4,1,473,1,1,0,0
1541,6.04,63,5,3,1,1,0,0,0,0,1,0,0,0,0,0,2,0,0,1,0,9,1,0,0,2
1542,9.66,98,0,4,0,1,1,0,1,2,2,1,0,0,0,0,1,0,0,1,0,72,2,2,0,0
1543,5.83,80,3,3,1,0,1,1,1,0,1,0,0,0,0,0,2,0,0,0,0,69,0,1,1,2
1544,6.77,86,0,2,2,2,2,1,2,1,2,2,1,1,1,0,8,1,3,1,1,427,1,2,2,1
1545,9.29,96,0,4,0,1,0,1,2,1,1,1,0,0,0,0,2,0,0,0,0,116,0,1,1,0
1546,9.66,92,0,4,0,0,1,1,1,2,2,2,0,0,0,0,0,0,1,1,0,16,1,2,1,2
1547,8.35,76,2,3,1,2,2,2,1,1,2,0,1,1,0,0,3,1,3,0,0,234,1,1,1,0
1548,6.88,90,1,3,2,2,2,2,1,2,2,2,1,1,1,0,7,1,4,5,1,607,1,2,1,0
1549,9.42,98,0,2,2,2,2,2,2,2,2,1,1,1,1,1,7,1,5,2,1,699,1,1,2,1
1550,7.95,74,1,4,2,1,2,1,2,1,0,2,1,1,1,0,5,0,2,3,1,754,2,2,0,1
1551,7.23,73,1,4,1,1,2,0,1,1,2,1,1,1,0,0,5,0,3,0,1,333,2,2,1,0
1552,9.01,100,1,2,1,1,2,1,1,2,1,2,1,1,1,1,6,1,3,4,0,618,1,1,1,0
1553,8.13,88,2,4,1,1,2,2,1,2,1,2,1,1,0,0,3,1,3,3,0,311,2,2,1,0
1554,6.67,73,2,2,2,2,2,1,1,1,1,2,1,1,1,0,4,0,1,1,1,728,1,1,1,1
1555,6.79,68,2,4,2,2,2,1,2,2,2,1,1,1,1,0,6,1,3,3,1,543,2,2,0,1
1556,8.44,74,0,4,1,1,1,1,2,1,1,1,1,1,0,0,5,1,4,3,0,255,1,2,0,0
1557,5.68,82,5,2,0,1,0,1,1,1,0,0,0,0,0,0,2,0,0,1,0,25,0,0,0,2
1558,8.48,82,0,4,1,1,2,1,2,1,1,2,1,1,1,1,5,1,4,4,0,632,2,2,0,0
1559,7.92,90,0,3,1,1,1,2,2,2,2,2,1,1,1,1,7,1,3,3,0,429,1,2,2,0
1560,7.33,67,2,3,2,1,2,1,1,2,0,0,1,1,1,0,4,0,3,3,1,392,1,1,2,0
1561,7.84,72,1,3,1,2,2,0,1,2,2,2,1,1,0,0,4,0,2,2,1,133,0,1,1,0
1562,9.2,82,0,4,2,1,1,1,2,1,1,2,1,1,1,1,5,1,3,3,1,362,1,1,0,0
1563,9.0,98,0,3,1,1,1,1,1,1,1,2,0,0,0,0,0,0,2,1,0,66,0,1,1,0
1564,6.54,71,0,3,2,1,2,1,2,2,2,1,1,1,1,0,5,1,4,4,0,488,1,1,1,1
1565,7.26,91,0,4,1,2,1,0,2,1,0,0,1,1,0,0,3,1,3,1,0,141,1,1,0,2
1566,6.91,83,1,4,2,2,2,2,2,2,1,1,1,1,1,0,5,1,4,4,0,399,1,2,1,1
1567,8.42,97,0,2,0,1,0,0,2,2,1,2,0,0,0,0,0,0,1,0,0,99,2,2,1,2
1568,7.52,88,1,3,2,2,2,2,2,1,0,1,1,1,1,0,5,1,3,2,0,455,2,1,1,0
1569,8.89,97,0,2,0,1,0,0,1,2,1,2,0,0,0,0,2,0,2,1,0,4,0,2,0,2
1570,7.13,94,2,4,2,1,1,1,2,2,0,0,1,1,0,0,4,1,2,2,1,401,2,2,1,0
1571,8.11,75,0,4,2,1,2,2,2,1,0,0,1,1,1,0,6,1,4,3,1,778,2,1,1,1
1572,9.04,96,0,2,2,2,2,1,2,2,2,1,1,1,1,1,7,1,3,3,1,451,2,2,2,1
1573,8.14,79,0,4,1,0,1,2,1,1,0,1,1,1,0,0,3,1,1,0,0,227,1,2,1,0
1574,5.93,59,3,3,0,1,1,1,1,0,1,0,0,0,0,0,0,0,1,0,0,12,1,1,0,2
1575,9.14,94,1,3,2,2,1,2,1,2,1,1,1,1,1,1,5,1,5,1,0,556,1,1,1,0
1576,8.06,100,0,3,2,1,2,2,2,1,2,2,1,1,1,1,5,1,2,2,1,502,1,2,2,1
1577,8.82,90,1,3,1,2,1,2,1,2,1,2,1,1,1,1,5,1,3,4,0,372,1,1,2,0
1578,6.1,69,2,2,0,0,1,0,0,1,0,0,0,0,0,0,0,0,0,0,0,24,1,1,0,2
1579,9.19,83,1,2,2,1,2,1,2,2,1,1,1,1,1,1,7,1,3,4,0,356,2,1,2,1
1580,5.76,80,5,4,0,1,0,1,1,0,0,0,0,0,0,0,0,0,1,0,0,13,0,0,1,2
1581,7.67,88,0,2,2,1,2,1,2,1,1,2,1,1,1,0,6,1,4,4,1,584,1,1,1,0
1582,7.45,84,1,2,2,2,2,1,2,1,1,2,1,1,1,0,7,0,2,2,0,429,1,2,1,0
1583,8.11,76,0,3,1,2,2,0,1,2,1,0,1,1,0,0,5,0,3,1,0,147,2,1,1,0
1584,8.25,87,1,3,2,2,2,2,1,2,2,2,1,1,1,1,5,1,5,3,0,320,1,2,1,1
1585,5.7,61,2,3,1,1,0,1,0,0,1,0,1,0,0,0,2,1,1,1,0,2,1,0,1,2
1586,5.71,65,5,3,0,1,1,0,1,0,0,0,0,0,0,0,0,0,1,1,0,23,1,1,1,2
1587,6.55,80,2,4,2,1,2,2,2,2,1,1,1,1,1,0,7,1,4,3,1,412,1,2,2,0
1588,8.03,72,2,3,2,1,2,2,2,1,1,1,1,1,1,0,7,1,3,5,1,755,1,2,0,1
1589,8.08,80,1,3,1,2,1,0,2,2,1,2,1,1,0,0,4,0,4,3,1,403,1,1,1,0
1590,5.99,83,5,3,0,0,1,1,0,1,0,0,0,0,0,0,1,0,1,1,0,28,1,1,1,2
1591,5.71,77,5,2,1,1,0,0,1,0,1,0,1,1,0,0,3,1,0,0,0,73,1,1,0,2
1592,6.7,66,2,3,2,1,2,1,2,2,1,0,1,1,1,0,6,0,3,4,0,451,1,2,2,0
1593,9.39,95,0,4,2,2,2,2,2,2,1,2,1,1,1,1,6,1,5,4,1,721,2,1,2,1
1594,7.24,81,0,3,2,0,1,1,2,1,2,2,1,1,0,0,4,1,1,2,0,392,2,2,0,2
1595,8.44,90,1,3,2,1,2,1,2,2,0,2,1,1,0,0,4,1,3,3,0,279,1,1,0,0
1596,8.46,92,0,4,0,1,0,0,2,2,2,1,0,0,0,0,1,0,0,0,0,102,0,1,0,2
1597,7.8,74,1,3,2,1,2,1,1,1,2,1,1,1,1,0,7,1,2,5,0,577,1,1,2,1
1598,7.32,78,1,3,2,1,2,2,1,1,2,0,1,1,1,0,6,1,4,4,0,400,1,1,0,1
1599,8.22,92,1,4,2,0,1,2,2,1,1,1,1,1,0,0,3,1,2,3,1,337,1,1,1,0
1600,7.89,68,2,2,2,1,2,2,2,2,2,2,1,1,1,0,7,0,2,1,1,406,2,1,0,1
1601,7.65,77,2,4,2,2,2,2,1,1,2,1,1,1,1,0,7,1,4,5,1,367,1,1,1,0
1602,7.53,76,0,3,2,1,2,1,1,2,2,2,1,1,1,0,5,1,2,5,1,359,1,2,1,0
1603,5.51,59,5,2,0,1,0,0,1,1,1,1,0,0,0,0,0,0,0,1,0,12,0,1,1,2
1604,9.05,96,0,2,0,1,0,1,2,2,1,1,0,0,0,0,1,0,1,0,0,65,0,2,1,2
1605,9.72,90,0,4,1,1,0,1,2,1,1,2,0,0,0,0,2,0,0,0,0,26,0,1,1,2
1606,8.82,83,1,4,1,2,1,1,2,2,1,2,1,1,1,1,5,1,2,3,0,458,2,1,2,0
1607,7.73,74,0,4,2,2,2,1,2,2,0,2,1,1,1,0,7,1,2,4,1,623,1,1,1,1
1608,8.18,73,0,3,2,2,2,2,2,2,0,2,1,1,1,0,6,0,2,1,1,451,2,1,0,1
1609,8.86,100,0,3,2,2,2,2,2,2,1,2,1,1,1,1,5,1,6,3,0,792,2,2,2,1
1610,7.78,86,1,2,2,1,2,1,1,2,1,1,1,1,1,0,6,1,4,2,0,690,1,1,2,1
1611,7.17,81,1,2,2,1,2,1,2,2,0,1,1,1,1,0,8,1,2,5,0,708,1,2,2,1
1612,9.08,88,0,3,2,2,2,2,2,2,2,1,1,1,1,1,6,1,4,2,0,767,1,1,1,0
1613,7.14,91,2,2,2,0,1,1,1,2,0,1,1,1,0,0,4,0,4,2,0,204,2,2,1,0
1614,6.93,90,2,4,2,1,2,2,1,2,2,1,1,1,1,0,6,1,4,5,0,639,2,2,2,1
1615,9.84,89,0,3,2,2,2,1,2,2,1,2,1,1,1,1,8,1,5,5,1,548,2,2,1,1
1616,8.04,70,0,2,2,1,2,2,1,2,1,1,1,1,0,0,3,0,2,0,0,394,1,2,1,0
1617,8.41,83,0,2,1,2,1,1,1,2,1,1,1,1,1,1,4,1,3,2,1,446,1,2,1,0
1618,9.34,94,0,4,2,2,2,1,2,2,2,1,1,1,1,1,6,1,7,2,1,599,1,2,2,1
1619,8.37,75,0,3,2,1,1,1,2,2,1,2,1,1,0,0,4,0,2,0,0,368,0,2,1,0
1620,7.0,85,0,4,1,1,1,1,1,2,1,2,1,1,0,0,3,0,1,0,1,268,1,1,0,0
1621,6.89,86,1,2,2,2,2,1,1,1,0,0,1,1,1,0,7,1,2,1,1,420,1,2,0,0
1622,7.59,90,2,3,2,2,2,2,2,1,1,0,1,1,1,0,8,1,2,2,1,474,2,1,0,1
1623,8.01,82,0,3,2,2,2,1,1,2,2,0,1,1,1,0,6,0,4,1,0,658,2,2,0,1
1624,7.68,75,2,2,2,0,2,2,2,1,1,1,1,1,0,0,5,0,2,2,1,163,2,1,0,1
1625,9.65,94,0,3,2,2,2,1,2,2,1,2,1,1,1,1,5,1,5,2,1,614,2,2,1,1
1626,7.24,82,0,2,2,1,2,2,2,1,1,2,1,1,1,0,6,1,2,4,0,444,1,1,0,0
1627,7.81,74,2,3,2,1,2,2,2,2,0,1,1,1,0,0,5,1,2,3,0,449,1,2,0,1
1628,9.88,100,0,3,2,1,2,2,2,2,1,2,1,1,1,1,8,1,7,2,1,736,1,1,1,1
1629,7.46,83,0,3,2,1,2,1,1,2,1,0,1,1,1,0,7,1,2,5,0,761,2,1,1,1
1630,7.0,78,0,4,1,1,1,1,1,1,0,2,1,1,0,0,2,0,2,0,0,127,2,1,0,0
1631,9.33,94,0,4,1,1,0,1,2,1,2,2,0,0,0,0,2,0,2,1,0,80,2,1,0,0
1632,9.56,100,0,3,2,2,2,1,2,2,1,2,1,1,1,1,5,1,4,5,1,863,2,1,1,1
1633,8.18,77,1,2,1,0,2,1,2,1,2,1,1,1,0,0,4,1,2,3,0,149,2,1,1,0
1634,6.97,82,1,2,2,1,2,1,2,2,1,1,1,1,1,0,8,1,3,3,0,383,2,1,1,1
1635,9.95,100,0,2,2,2,2,1,2,2,1,1,1,1,1,1,7,1,5,5,1,849,1,1,1,0
1636,9.28,98,0,4,0,0,0,1,2,1,2,1,0,0,0,0,1,0,2,1,0,33,2,1,0,0
1637,9.83,90,0,4,2,1,2,1,2,2,2,1,1,1,1,1,5,1,3,5,0,824,1,1,1,0
1638,8.89,95,0,3,2,1,1,1,1,2,2,2,1,1,1,1,6,1,2,4,0,387,2,1,2,0
1639,8.97,95,0,2,1,1,0,0,1,2,2,1,0,0,0,0,2,0,0,0,0,109,0,1,0,2
1640,9.2,90,0,3,1,1,0,1,2,1,2,2,0,0,0,0,1,0,2,1,0,55,1,1,0,0
1641,9.28,94,0,3,1,1,1,0,1,2,1,2,0,0,0,0,2,0,0,0,0,24,2,1,1,0
1642,7.69,78,1,4,2,1,2,2,1,2,0,0,1,1,1,0,8,1,4,2,0,592,1,1,2,1
1643,6.88,55,1,2,1,0,1,0,0,0,1,0,0,0,0,0,2,0,1,0,0,74,1,1,1,2
1644,6.59,60,4,3,0,1,0,0,0,1,0,1,0,0,0,0,0,0,0,0,0,59,0,1,0,2
1645,7.18,79,0,3,2,1,2,1,2,1,2,1,1,1,1,0,8,1,2,1,0,474,1,2,2,1
1646,7.27,81,0,3,2,2,2,2,2,1,0,0,1,1,1,0,7,1,2,1,0,369,1,2,0,1
1647,7.29,88,1,4,2,0,2,2,1,1,1,2,1,1,0,0,4,0,3,3,1,429,2,1,0,0
1648,7.92,75,2,2,2,0,1,1,2,2,1,1,1,1,0,0,3,1,3,3,0,311,1,2,1,0
1649,8.48,78,0,4,2,2,2,1,1,2,1,1,1,1,0,0,5,0,2,0,1,228,2,2,1,1
1650,6.29,66,3,3,0,0,1,1,1,1,0,0,1,0,0,0,2,1,0,1,0,28,1,1,0,2
1651,6.9,76,1,3,2,1,2,2,1,1,1,1,1,1,1,0,8,1,4,5,1,354,2,1,1,1
1652,7.53,74,1,3,1,0,2,0,2,2,0,1,1,1,0,0,3,0,1,2,1,253,1,1,0,0
1653,9.5,98,0,2,0,1,1,0,1,1,2,2,0,0,0,0,2,0,0,0,0,119,1,1,0,2
1654,8.81,95,0,2,2,1,2,2,2,2,2,1,1,1,1,1,8,1,5,4,1,767,2,2,1,1
1655,9.47,93,0,4,2,2,2,1,2,2,1,1,1,1,1,1,5,1,6,2,0,538,1,2,1,1
1656,8.35,89,0,4,2,2,2,2,2,1,2,1,1,1,0,0,5,1,4,3,0,237,2,2,0,0
1657,9.55,87,0,2,2,1,2,2,2,2,2,2,1,1,1,1,5,1,4,4,0,810,2,2,2,1
1658,9.05,99,0,2,0,0,0,0,2,2,2,2,0,0,0,0,0,0,2,0,0,102,2,1,1,2
1659,7.55,70,0,4,2,1,2,1,1,1,0,0,1,1,1,0,7,1,2,1,1,631,2,1,1,1
1660,6.71,76,0,4,2,2,2,2,1,1,2,2,1,1,1,0,7,1,4,4,1,730,2,1,1,1
1661,7.3,89,0,4,2,2,2,1,2,2,1,1,1,1,0,0,5,0,2,0,1,312,0,1,1,0
1662,7.1,81,2,2,1,1,2,2,1,1,0,0,1,1,0,0,3,1,1,1,1,263,1,2,1,0
1663,7.95,89,0,4,2,1,2,2,2,1,1,1,1,1,1,0,8,1,2,3,0,725,1,1,1,0
1664,7.13,65,0,4,2,2,2,1,1,1,1,2,1,1,1,0,8,1,3,4,0,597,1,1,2,1
1665,8.18,81,2,3,2,1,2,2,2,1,1,0,1,1,1,0,8,0,2,3,1,443,1,2,2,0
1666,7.96,71,2,4,2,1,2,1,1,1,1,1,1,1,1,0,6,1,4,5,1,760,1,1,1,1
1667,9.23,98,0,3,2,2,2,2,2,2,2,1,1,1,1,1,6,1,4,4,1,542,1,1,2,1
1668,7.79,75,0,4,2,1,2,1,2,2,1,0,1,1,0,0,5,1,4,3,1,100,1,2,1,0
1669,5.84,73,4,4,1,0,0,1,1,0,1,0,1,1,0,0,2,1,1,1,0,26,1,1,1,2
1670,6.55,60,1,4,1,1,1,0,0,1,1,1,1,1,0,0,3,0,0,1,1,19,0,0,0,2
1671,6.91,87,1,2,2,1,2,1,2,2,1,0,1,1,1,0,6,1,3,4,1,746,2,2,0,1
1672,7.94,96,0,3,1,1,1,2,2,2,2,2,1,1,1,1,4,1,5,2,1,558,1,1,2,0
1673,6.66,73,3,4,0,1,1,0,1,0,0,0,0,0,0,0,2,0,1,0,0,55,0,0,1,2
1674,5.85,60,5,4,1,1,0,0,0,1,0,0,0,0,0,0,0,0,0,1,0,69,1,1,0,2
1675,8.81,100,0,4,1,1,1,1,1,1,2,2,1,1,0,0,2,1,2,0,0,37,1,1,1,0
1676,9.93,93,0,2,2,1,2,1,2,2,1,1,1,1,1,1,5,1,6,3,0,512,2,2,1,1
1677,5.81,83,4,2,0,0,0,1,1,1,1,0,0,0,0,0,1,0,1,0,0,18,1,1,1,0
1678,7.83,92,0,3,1,1,2,1,2,2,1,1,1,1,1,1,6,1,3,3,1,572,2,2,0,1
1679,9.15,96,0,3,2,1,2,2,1,1,1,1,1,1,1,1,5,1,3,3,0,320,2,2,0,0
1680,6.93,78,1,2,2,2,2,1,2,2,1,1,1,1,1,0,7,1,3,2,1,749,1,1,1,1
1681,9.09,99,0,3,1,0,1,1,1,1,2,1,1,1,0,0,2,1,0,0,0,77,1,2,1,0
1682,7.18,72,0,3,1,2,2,2,1,2,0,1,1,1,0,0,3,1,2,3,1,147,1,2,0,0
1683,8.23,78,0,4,2,2,2,1,2,2,0,0,1,1,0,0,5,1,4,0,1,276,1,1,1,1
1684,9.24,99,0,4,2,1,2,2,2,2,2,2,1,1,1,1,5,1,6,2,0,491,1,1,2,1
1685,9.12,100,1,2,2,2,2,2,2,2,2,1,1,1,1,1,7,1,4,4,0,609,2,2,1,1
1686,7.76,81,1,2,2,2,2,1,2,1,1,0,1,1,0,0,5,0,2,0,1,381,1,2,1,0
1687,6.3,65,1,2,1,1,0,0,1,1,0,1,0,0,0,0,0,0,1,0,0,59,0,0,0,2
1688,9.72,97,0,2,0,0,1,0,2,2,2,1,0,0,0,0,0,0,0,1,0,111,2,2,0,0
1689,7.4,71,1,3,1,0,2,1,2,2,2,0,1,1,0,0,4,1,2,0,1,159,1,2,1,0
1690,7.83,74,1,4,2,2,1,1,2,2,1,2,1,1,0,0,3,1,4,2,0,411,2,2,0,0
1691,7.15,86,0,3,1,0,2,1,1,2,1,2,1,1,0,0,3,0,4,1,0,278,0,1,1,0
1692,7.56,86,1,4,2,2,2,2,1,2,1,2,1,1,0,0,4,0,2,2,0,339,0,2,1,0
1693,9.79,89,0,4,2,2,2,1,2,2,2,1,1,1,1,1,5,1,4,5,1,625,2,1,1,1
1694,8.34,87,2,3,2,0,2,1,1,1,1,0,1,1,0,0,5,1,2,2,0,372,1,2,0,0
1695,8.22,84,2,2,2,2,1,1,1,1,2,2,1,1,0,0,4,1,1,2,0,402,1,2,0,0
1696,8.2,78,2,3,2,1,1,1,1,2,1,1,1,1,0,0,5,1,4,0,0,129,1,1,0,0
1697,9.48,95,0,4,0,0,0,1,2,1,1,1,0,0,0,0,0,0,0,0,0,13,2,2,1,2
1698,6.1,73,3,3,1,0,0,1,0,0,0,0,0,0,0,0,0,0,1,0,0,27,1,0,1,2
1699,7.43,75,0,3,1,1,1,1,2,1,2,1,1,1,0,0,2,1,1,0,0,434,1,2,0,0
1700,8.94,91,0,2,1,1,0,0,1,1,2,1,1,1,0,0,2,1,1,0,0,87,1,2,0,2
1701,5.64,83,1,3,1,1,0,1,1,1,1,0,0,0,0,0,1,0,0,1,0,53,1,0,1,2
1702,8.85,83,1,2,2,2,1,2,2,2,1,2,1,1,1,1,5,1,2,3,0,590,1,1,2,0
1703,8.56,97,0,3,1,0,1,1,1,2,1,2,0,0,0,0,0,0,0,1,0,34,1,2,0,0
1704,9.78,92,0,4,1,1,0,0,2,1,2,1,0,0,0,0,0,0,2,0,0,63,2,1,1,0
1705,9.35,91,0,3,0,1,0,0,1,1,2,2,0,0,0,0,1,0,1,0,0,32,2,1,0,2
1706,5.84,77,2,4,0,0,1,0,0,1,1,0,0,0,0,0,1,0,0,0,0,32,0,0,0,2
1707,8.1,91,0,3,1,0,1,2,2,1,1,2,1,1,0,0,5,0,2,2,0,421,1,2,1,0
1708,9.43,95,0,4,2,2,2,2,2,2,2,1,1,1,1,1,5,1,4,5,1,499,1,1,1,1
1709,8.89,93,0,3,0,0,0,0,1,2,1,1,0,0,0,0,2,0,0,1,0,84,2,2,0,0
1710,8.98,94,0,4,1,1,1,2,2,1,1,2,1,1,1,1,7,0,3,1,0,341,2,2,0,0
1711,8.69,91,0,2,0,1,1,1,2,2,1,1,0,0,0,0,1,0,0,1,0,65,2,2,0,0
1712,8.14,80,2,4,2,2,2,2,2,2,1,0,1,1,1,0,6,1,3,1,0,707,1,1,2,1
1713,5.72,71,5,3,0,1,1,1,0,1,1,0,0,0,0,0,1,0,0,1,0,57,0,1,1,2
1714,8.96,81,0,2,1,2,2,2,1,2,2,2,1,1,1,1,4,1,3,4,0,534,1,1,0,0
1715,6.72,90,2,3,2,2,2,2,2,2,2,1,1,1,1,0,6,0,3,5,1,609,2,1,2,1
1716,5.6,61,1,4,1,1,0,0,0,1,1,0,0,0,0,0,0,0,1,1,0,59,1,1,1,2
1717,7.53,70,0,3,1,1,1,0,2,2,1,1,1,1,0,0,5,1,2,3,1,131,1,2,1,0
1718,8.09,76,2,4,1,2,2,1,2,1,0,1,1,1,0,0,4,0,3,1,0,118,2,2,0,0
1719,8.98,99,0,4,0,0,0,0,1,2,2,2,0,0,0,0,0,0,2,0,0,30,2,1,1,0
1720,7.29,68,2,3,2,2,2,1,2,1,0,2,1,1,1,0,5,1,3,4,1,762,1,1,1,1
1721,8.59,90,1,4,2,1,2,1,1,2,2,2,1,1,1,1,7,1,3,3,1,379,2,2,2,1
1722,8.19,84,1,4,2,1,1,2,2,1,1,0,1,1,0,0,4,0,3,2,0,266,2,1,0,0
1723,5.6,83,3,2,0,0,0,0,0,0,0,1,1,1,0,0,2,1,1,0,0,1,1,0,0,2
1724,8.26,88,0,2,1,1,1,2,2,2,2,2,1,1,1,1,7,1,2,3,1,379,1,2,2,0
1725,7.17,66,2,4,2,1,2,2,1,2,1,2,1,1,1,0,6,1,2,2,1,720,2,2,0,1
1726,7.02,86,2,4,2,1,2,1,1,1,0,1,1,1,1,0,7,1,4,4,1,790,2,1,1,1
1727,6.71,85,2,4,2,1,2,2,1,2,2,0,1,1,1,0,8,1,2,4,0,415,2,2,0,1
1728,9.01,88,1,4,2,2,2,1,2,2,2,1,1,1,1,1,4,1,3,4,0,611,2,2,2,1
1729,8.64,99,0,3,0,0,1,0,1,2,2,2,1,1,0,0,3,1,2,0,0,34,2,1,0,2
1730,9.25,88,0,3,2,2,2,1,2,2,1,1,1,1,1,1,8,1,4,3,1,646,1,1,2,1
1731,8.57,95,0,2,1,0,0,0,2,1,1,1,0,0,0,0,2,0,2,0,0,54,1,2,1,0
1732,7.68,88,2,4,1,0,1,0,1,1,2,0,1,1,0,0,3,0,1,1,0,334,0,2,0,0
1733,6.86,85,0,4,2,1,2,1,2,2,2,2,1,1,1,0,6,1,2,5,1,621,1,1,1,0
1734,7.91,94,1,4,2,1,1,2,2,1,0,2,1,1,0,0,5,1,4,0,0,369,1,1,1,0
1735,7.5,82,0,3,2,1,2,2,1,2,1,0,1,1,1,0,4,1,3,5,1,679,2,2,1,1
1736,6.63,64,2,3,0,1,0,0,0,1,1,1,0,0,0,0,2,0,1,1,0,41,0,1,1,2
1737,7.63,68,1,4,2,1,2,2,1,2,0,2,1,1,1,0,6,1,3,1,1,747,2,1,2,0
1738,5.6,66,5,3,0,1,1,0,0,1,0,1,0,0,0,0,1,0,0,0,0,2,1,0,1,2
1739,8.51,93,0,4,0,0,1,0,2,1,1,1,0,0,0,0,2,0,1,1,0,100,0,1,0,2
1740,9.1,95,0,2,0,1,1,1,2,1,1,2,0,0,0,0,1,0,2,1,0,43,1,1,0,2
1741,8.34,89,0,4,1,1,1,2,2,2,2,2,1,1,0,0,4,0,1,1,0,436,2,2,1,0
1742,7.09,65,2,3,2,2,2,2,1,1,2,2,1,1,1,0,4,0,4,1,0,682,1,2,2,1
1743,9.61,97,0,4,1,0,1,1,2,2,1,2,0,0,0,0,0,0,0,1,0,31,0,1,1,0
1744,8.77,88,0,3,2,2,2,2,2,2,2,2,1,1,1,1,4,1,4,1,0,596,2,2,0,0
1745,9.63,96,0,2,0,0,1,1,1,1,2,1,0,0,0,0,2,0,0,1,0,29,0,1,0,2
1746,6.89,90,1,2,2,1,2,1,1,1,2,0,1,1,1,0,7,1,2,2,1,690,2,2,2,1
1747,6.05,68,3,3,1,1,0,1,1,1,1,1,0,0,0,0,2,0,1,0,0,43,0,0,0,2
1748,8.46,90,0,3,1,0,1,0,2,1,1,2,1,1,0,0,2,1,1,0,0,438,1,2,0,0
1749,9.29,93,0,3,2,1,2,1,2,2,2,2,1,1,1,1,8,1,3,5,1,839,2,1,2,1
1750,9.54,97,0,2,2,1,2,1,2,2,1,2,1,1,1,1,7,1,7,3,0,547,1,2,1,1
1751,7.46,88,0,4,1,0,2,1,2,2,2,1,1,1,0,0,2,1,4,2,0,189,2,1,1,0
1752,6.66,84,2,3,2,2,2,2,1,2,1,0,1,1,1,0,7,0,3,5,1,482,2,2,0,1
1753,9.3,91,0,4,1,0,1,0,2,1,2,2,0,0,0,0,2,0,2,0,0,39,2,2,1,0
1754,6.83,76,2,2,2,2,2,1,2,1,2,1,1,1,1,0,6,0,2,3,0,503,2,2,2,0
1755,7.86,82,2,2,1,0,2,1,2,2,0,1,1,1,0,0,2,1,2,3,0,339,1,2,1,0
1756,6.0,81,3,4,0,1,1,1,1,1,0,1,0,0,0,0,1,0,1,1,0,66,0,0,0,2
1757,9.23,91,0,3,0,1,0,1,2,2,1,1,1,0,0,0,2,1,1,0,0,43,1,2,0,0
1758,7.69,72,1,3,1,2,1,2,2,2,0,2,1,1,0,0,2,1,2,3,0,448,2,1,0,0
1759,6.2,65,5,4,0,0,1,1,1,0,1,0,0,0,0,0,2,0,1,0,0,51,1,0,1,0
1760,8.51,92,0,4,1,1,0,1,1,2,1,2,0,0,0,0,0,0,2,0,0,91,1,2,1,2
1761,7.28,83,2,4,1,1,2,0,2,1,0,1,1,1,0,0,3,1,2,2,0,425,2,1,0,0
1762,7.49,71,1,3,2,1,2,1,2,2,1,1,1,1,1,0,8,0,2,3,1,354,2,1,1,1
1763,8.32,87,0,3,2,1,2,1,1,2,2,1,1,1,0,0,3,0,3,1,0,312,2,1,0,0
1764,7.01,70,2,2,1,0,2,1,2,1,1,0,1,1,0,0,3,1,3,0,0,242,1,1,1,2
1765,7.15,86,0,3,2,2,2,1,2,2,1,0,1,1,1,0,5,0,3,3,0,404,1,2,1,0
1766,9.11,92,1,4,2,1,2,2,1,2,2,2,1,1,1,1,7,1,5,3,1,518,2,1,0,1
1767,7.52,87,2,4,1,0,1,2,1,1,0,2,1,1,0,0,5,1,4,0,1,377,1,2,0,0
1768,7.12,94,1,3,2,0,2,1,1,1,1,1,1,1,0,0,5,0,4,3,1,244,1,2,0,0
1769,8.98,100,0,2,0,0,0,0,1,1,1,1,0,0,0,0,0,0,1,1,0,84,2,2,0,2
1770,7.08,94,2,2,1,0,1,2,2,2,1,1,1,1,0,0,4,0,3,1,1,352,1,1,1,0
1771,5.5,84,5,4,1,0,0,1,0,0,0,0,0,0,0,0,0,0,1,0,0,25,0,0,1,2
1772,9.67,90,0,3,2,2,2,2,2,2,2,2,1,1,1,1,7,1,6,2,1,628,2,2,1,1
1773,8.64,94,0,4,1,1,1,0,2,2,1,2,0,0,0,0,1,0,1,1,0,79,0,2,0,2
1774,6.14,63,1,4,1,1,1,1,0,1,1,0,0,0,0,0,1,0,1,0,0,66,0,1,0,2
1775,7.27,91,2,2,2,2,2,1,2,1,2,0,1,1,0,0,5,1,3,1,1,127,1,2,0,0
1776,8.84,96,0,2,1,1,1,1,2,1,2,2,0,0,0,0,0,0,1,0,0,84,1,1,0,0
1777,7.36,84,1,4,1,2,1,0,1,1,1,2,1,1,0,0,4,1,2,0,0,138,2,2,1,0
1778,9.56,96,0,4,0,1,0,0,2,1,1,1,0,0,0,0,2,0,1,1,0,72,2,2,0,2
1779,7.83,89,0,4,2,2,1,2,1,2,1,2,1,1,1,1,7,1,5,4,0,356,1,1,2,1
1780,7.23,88,0,3,2,2,2,1,2,1,2,1,1,1,1,0,8,1,3,1,1,623,2,2,1,1
1781,8.99,87,1,3,1,2,1,2,2,2,2,2,1,1,1,1,5,1,5,1,0,491,2,1,1,0
1782,8.27,81,0,4,1,2,1,2,1,1,1,1,1,1,1,1,5,1,4,3,1,422,2,2,2,1
1783,6.61,83,2,2,2,2,2,2,1,1,0,1,1,1,1,0,7,1,2,2,1,380,1,1,1,0
1784,9.57,99,0,3,2,1,2,2,2,2,2,1,1,1,1,1,7,1,5,5,1,682,1,2,2,1
1785,8.41,81,1,4,1,1,2,1,1,1,1,1,1,1,1,1,7,0,2,1,0,465,1,1,2,0
1786,8.88,94,0,3,2,2,2,1,1,1,2,1,1,1,1,1,4,1,4,2,0,624,1,2,2,1
1787,8.45,93,0,2,0,0,0,0,2,2,2,2,0,0,0,0,0,0,0,1,0,13,0,2,1,2
1788,7.02,71,2,3,2,2,2,1,1,2,0,1,1,1,1,0,8,1,3,4,0,718,2,1,1,0
1789,8.15,85,1,4,2,2,2,2,1,2,2,2,1,1,1,0,7,1,3,5,0,434,1,1,0,0
1790,8.1,89,1,4,1,2,2,0,2,1,2,1,1,1,0,0,4,1,1,0,1,178,2,2,0,1
1791,8.88,95,1,4,1,2,1,2,2,1,2,2,1,1,1,1,7,1,3,3,0,386,1,1,0,1
1792,8.01,96,1,3,2,1,2,1,1,1,2,1,1,1,1,1,5,1,2,4,0,588,2,1,1,1
1793,8.44,100,1,3,1,2,1,2,1,1,2,2,1,1,1,1,7,1,4,1,0,538,2,2,1,1
1794,6.14,82,3,3,1,0,1,1,0,1,1,0,0,0,0,0,2,0,0,1,0,74,1,1,1,2
1795,9.01,83,1,3,2,1,2,1,2,1,2,1,1,1,1,1,5,1,5,1,1,646,1,2,0,0
1796,7.55,88,2,3,2,2,2,1,2,1,0,0,1,1,0,0,5,0,4,1,0,415,2,2,0,1
1797,6.52,90,0,4,2,2,2,1,2,2,1,0,1,1,1,0,5,1,4,5,1,769,1,1,0,0
1798,7.11,85,1,2,2,1,2,2,2,2,0,0,1,1,0,0,3,0,1,3,0,193,2,1,1,1
1799,5.58,75,5,3,0,1,0,0,0,1,1,0,0,0,0,0,2,0,1,0,0,53,0,0,0,2
1800,6.89,70,0,4,2,1,2,2,2,2,1,0,1,1,1,0,6,0,2,5,1,415,1,1,1,1
1801,8.52,81,0,4,1,2,2,1,1,1,2,1,1,1,1,1,6,1,5,1,1,645,1,2,2,1
1802,9.86,90,0,3,2,2,2,1,2,2,1,1,1,1,1,1,5,1,5,4,1,681,1,1,2,1
1803,6.54,72,4,4,0,1,0,1,1,0,0,1,0,0,0,0,1,0,0,1,0,43,0,1,1,2
1804,7.14,79,0,3,1,1,1,1,2,2,1,0,1,1,0,0,5,0,2,3,0,342,0,2,0,0
1805,7.13,74,0,4,2,2,2,1,1,1,1,0,1,1,1,0,6,1,2,2,1,730,2,2,0,1
1806,7.82,93,2,4,2,0,1,2,1,1,2,0,1,1,0,0,3,1,1,2,1,316,1,2,0,0
1807,6.25,70,1,4,0,0,0,0,1,0,1,1,0,0,0,0,2,0,0,1,0,32,1,1,1,2
1808,5.77,61,3,2,1,0,1,0,1,1,1,1,0,0,0,0,2,0,1,0,0,24,0,0,1,2
1809,8.64,98,1,4,2,1,1,2,1,1,2,2,1,1,1,1,6,1,2,3,1,284,2,1,0,1
1810,7.61,66,2,2,2,2,2,1,1,2,2,0,1,1,1,0,5,1,2,1,1,718,1,1,1,1
1811,7.0,90,2,3,1,0,1,2,1,2,1,0,1,1,0,0,3,0,2,0,1,328,2,1,0,0
1812,8.51,83,1,3,2,2,2,1,1,2,1,1,1,1,1,1,6,1,3,1,1,629,1,1,2,1
1813,9.18,88,0,3,2,2,2,2,2,1,2,2,1,1,1,1,4,1,3,3,0,626,1,1,0,0
1814,9.45,92,0,4,0,0,0,0,2,2,1,2,0,0,0,0,1,0,0,1,0,56,2,2,1,2
1815,9.68,92,0,2,0,1,1,0,2,2,2,1,0,0,0,0,1,0,1,1,0,42,2,1,0,0
1816,9.24,94,0,4,1,1,1,1,1,1,1,2,0,0,0,0,1,0,1,0,0,107,2,2,0,0
1817,8.17,87,1,3,1,2,2,0,1,2,1,1,1,1,0,0,4,0,2,1,0,185,2,2,1,0
1818,8.52,86,0,4,1,1,2,1,1,1,2,2,1,1,1,1,5,0,4,1,0,325,1,1,0,0
1819,7.45,89,2,4,2,2,2,2,2,2,1,1,1,1,0,0,5,0,2,0,0,222,2,1,1,0
1820,9.02,92,0,2,0,1,1,1,2,2,2,2,0,0,0,0,1,0,1,0,0,96,1,2,1,0
1821,7.41,74,1,4,2,2,2,1,1,1,0,2,1,1,1,0,4,1,1,4,0,701,1,2,0,0
1822,8.43,92,2,3,1,1,2,2,2,2,1,0,1,1,0,0,4,1,1,2,0,336,1,2,1,0
1823,8.64,95,0,4,1,1,0,1,2,2,1,1,0,0,0,0,0,0,0,0,0,70,2,1,0,2
1824,8.72,92,0,3,1,0,0,0,1,1,1,2,0,0,0,0,0,0,0,1,0,42,0,1,1,2
1825,9.04,99,0,2,1,0,0,0,1,1,1,1,0,0,0,0,1,0,1,1,0,31,2,1,1,2
1826,7.11,78,2,3,2,1,1,1,1,2,0,0,1,1,0,0,3,1,2,3,1,191,2,2,1,0
1827,6.81,72,3,4,1,1,0,0,0,1,1,0,0,0,0,0,1,0,0,0,0,49,0,0,0,2
1828,5.81,82,2,3,1,1,0,0,0,0,1,0,0,0,0,0,1,0,1,1,0,17,1,0,1,2
1829,8.92,98,0,3,0,1,0,0,1,1,1,1,0,0,0,0,1,0,2,1,0,13,0,2,1,2
1830,8.27,82,1,3,1,1,1,1,1,2,2,1,1,1,1,1,7,1,3,1,1,258,2,2,1,0
1831,7.44,79,2,3,1,2,1,0,1,1,0,1,1,1,0,0,2,1,2,1,0,354,2,1,0,0
1832,7.44,95,2,3,1,0,2,1,2,2,2,2,1,1,0,0,2,0,2,3,0,424,1,1,1,0
1833,7.83,85,1,4,2,0,1,1,1,1,2,2,1,1,0,0,3,1,3,2,1,177,1,2,0,0
1834,7.53,92,0,3,1,2,1,0,1,2,1,0,1,1,0,0,3,1,3,0,1,402,2,1,0,0
1835,6.8,73,2,4,2,1,2,1,2,1,0,1,1,1,1,0,4,0,2,5,0,391,2,1,2,0
1836,5.72,67,5,2,1,0,0,0,1,0,1,0,0,0,0,0,2,0,0,0,0,69,1,0,0,2
1837,8.75,81,0,4,2,2,2,1,2,2,1,2,1,1,1,1,7,0,3,2,1,477,2,2,1,1
1838,5.89,74,5,4,0,1,0,0,0,0,1,1,0,0,0,0,2,0,1,1,0,44,1,0,1,2
1839,7.08,88,0,2,1,0,1,0,1,2,2,1,1,1,0,0,4,0,1,3,0,227,0,2,1,2
1840,7.88,71,2,4,2,1,2,2,2,1,2,2,1,1,1,0,8,0,3,2,1,365,1,2,0,1
1841,9.68,93,0,3,0,0,0,0,1,1,2,1,0,0,0,0,1,0,1,1,0,116,2,2,1,2
1842,6.31,84,2,4,1,0,0,1,0,0,0,0,1,0,0,0,2,1,0,1,0,21,1,0,1,0
1843,7.82,88,1,4,2,1,2,2,1,2,1,2,1,1,1,0,5,1,3,2,1,385,1,1,2,0
1844,9.59,86,0,4,2,2,2,2,2,2,1,1,1,1,1,1,6,1,5,3,0,454,2,1,1,1
1845,7.93,70,1,3,2,2,2,1,2,2,2,1,1,1,1,0,7,1,4,3,0,477,1,2,1,1
1846,7.14,89,0,3,1,1,1,0,2,2,2,0,1,1,0,0,3,0,2,0,0,113,2,1,1,0
1847,6.26,63,3,4,0,0,0,0,0,1,1,0,0,0,0,0,1,0,1,0,0,27,0,0,1,2
1848,7.91,93,2,2,1,2,2,2,1,1,2,2,1,1,0,0,2,0,1,0,0,444,1,2,1,0
1849,7.03,85,0,2,2,1,2,2,1,1,2,1,1,1,1,0,7,1,3,1,0,647,1,1,0,0
1850,5.84,68,4,4,1,0,0,1,0,0,1,1,0,0,0,0,2,0,1,0,0,34,1,1,0,2
1851,7.47,79,1,4,2,2,2,2,2,1,0,1,1,1,1,0,8,1,3,3,0,644,2,1,1,1
1852,7.06,67,1,3,2,1,2,1,1,1,1,0,1,1,1,0,8,1,4,4,1,491,2,2,0,1
1853,7.51,77,1,4,2,1,2,2,2,2,2,0,1,1,1,0,5,1,2,5,1,614,1,1,1,0
1854,9.13,99,0,4,2,1,2,2,2,1,2,2,1,1,1,1,7,1,2,1,1,537,1,1,0,1
1855,6.74,73,0,4,2,2,2,1,2,2,2,0,1,1,1,0,6,1,2,2,0,417,1,2,0,0
1856,8.05,77,2,4,2,2,1,2,2,2,0,2,1,1,0,0,3,1,4,0,1,360,1,1,1,1
1857,8.37,70,2,3,1,2,1,2,2,1,2,0,1,1,0,0,5,0,3,0,1,182,1,1,1,0
1858,6.7,88,0,4,2,1,2,1,2,2,0,1,1,1,1,0,8,1,2,1,0,640,2,2,1,0
1859,9.55,87,0,3,2,1,2,1,2,2,2,2,1,1,1,1,7,1,7,2,1,544,1,1,1,1
1860,7.84,85,1,4,2,2,1,2,1,2,0,1,1,1,0,0,3,1,4,1,1,341,2,2,1,0
1861,6.64,83,1,2,1,1,1,1,0,1,0,0,0,0,0,0,0,0,1,1,0,9,1,1,1,2
1862,7.8,86,0,3,2,1,1,1,2,2,2,2,1,1,1,1,7,1,5,4,1,496,2,2,1,0
1863,9.07,98,0,3,1,1,1,2,1,2,2,1,1,1,1,1,5,1,4,3,1,428,1,1,0,1
1864,7.87,80,1,4,2,1,2,2,2,1,1,2,1,1,1,1,5,1,5,2,0,426,1,2,0,1
1865,8.04,84,0,3,2,2,2,1,2,1,0,0,1,1,1,0,6,1,4,2,0,746,1,2,0,1
1866,8.3,77,2,3,2,2,2,1,2,1,0,1,1,1,0,0,5,1,3,2,1,174,2,2,1,0
1867,8.96,90,0,2,2,1,2,2,2,2,1,1,1,1,1,1,5,1,5,2,1,698,2,1,2,1
1868,8.47,84,0,3,1,1,2,1,1,2,2,0,1,1,0,0,2,1,3,1,0,412,1,2,1,0
1869,9.26,89,0,3,2,2,2,1,2,2,2,1,1,1,1,1,8,1,6,5,1,833,2,2,2,1
1870,8.13,70,2,2,2,2,1,1,1,1,2,2,1,1,0,0,3,1,3,3,0,216,1,1,0,0
1871,8.49,85,0,4,1,1,2,2,1,1,0,1,1,1,0,0,4,1,4,2,0,310,2,1,1,0
1872,6.88,72,1,4,2,1,2,1,2,1,0,1,1,1,1,0,6,1,3,2,1,434,1,1,2,0
1873,6.24,69,5,3,1,1,1,0,0,0,0,1,0,0,0,0,1,0,0,1,0,68,0,1,0,2
1874,8.28,92,1,3,1,0,2,1,2,2,0,1,1,1,0,0,4,1,4,3,0,435,1,1,1,1
1875,8.75,91,0,3,1,0,0,1,1,1,2,1,0,0,0,0,1,0,2,1,0,20,2,2,1,0
1876,8.18,86,1,4,2,1,2,1,2,1,1,2,1,1,1,1,5,1,2,2,0,416,1,2,0,0
1877,9.4,96,0,2,1,1,0,1,2,1,1,2,0,0,0,0,2,0,2,1,0,63,1,2,0,2
1878,8.04,80,0,4,2,0,1,1,1,2,1,0,1,1,0,0,5,0,3,3,1,318,2,1,1,0
1879,8.62,95,0,4,2,2,1,1,2,2,2,1,1,1,1,1,4,1,4,3,1,325,1,2,2,1
1880,9.48,91,0,3,1,0,1,0,1,1,1,2,0,0,0,0,0,0,2,0,0,106,1,2,1,2
1881,8.06,68,1,4,2,2,2,2,2,1,2,1,1,1,1,0,8,1,3,5,1,671,1,2,0,1
1882,8.62,83,1,3,2,2,2,2,2,1,2,2,1,1,1,1,7,1,3,2,0,368,1,1,0,1
1883,9.78,97,0,4,1,1,0,1,2,2,2,1,0,0,0,0,1,0,0,0,0,39,1,2,0,2
1884,5.62,80,2,3,1,0,1,1,1,0,1,0,0,0,0,0,2,0,0,1,0,18,1,0,0,2
1885,6.41,56,3,2,0,1,0,0,1,0,1,1,0,0,0,0,2,0,1,0,0,8,1,0,0,2
1886,9.74,98,0,4,2,1,2,2,2,2,2,2,1,1,1,1,7,1,7,3,0,616,2,1,1,1
1887,5.56,68,4,4,0,0,1,0,1,1,1,0,0,0,0,0,2,0,1,0,0,9,1,0,0,2
1888,7.11,68,0,4,2,1,2,1,1,2,2,0,1,1,1,0,6,1,3,3,0,589,2,2,0,1
1889,9.21,95,0,3,1,0,0,0,1,2,2,2,0,0,0,0,2,0,0,1,0,80,1,2,0,2
1890,8.74,84,1,2,1,1,2,1,2,1,1,2,1,1,1,1,7,1,2,2,0,334,1,1,0,0
1891,8.08,84,0,4,2,2,2,1,2,1,2,1,1,1,1,0,7,1,4,4,0,691,2,1,1,1
1892,7.07,69,2,2,2,1,2,2,1,2,1,1,1,1,1,0,7,1,3,4,0,493,1,2,2,1
1893,8.59,100,0,4,0,0,0,0,1,2,1,1,0,0,0,0,2,0,1,1,0,71,0,2,1,2
1894,6.05,60,5,4,1,1,1,0,1,1,0,1,1,1,0,0,3,0,0,0,1,60,1,1,1,0
1895,9.74,100,0,4,0,1,0,0,1,1,2,1,0,0,0,0,0,0,0,0,0,30,0,1,1,2
1896,7.09,94,0,2,2,2,2,1,2,2,2,1,1,1,0,0,5,0,2,2,0,174,2,1,1,1
1897,8.14,94,1,3,1,2,1,2,1,2,1,2,1,1,1,1,6,1,3,2,0,390,1,2,0,0
1898,8.75,99,1,4,2,2,2,2,2,2,2,2,1,1,1,1,6,0,2,2,1,270,2,2,0,1
1899,7.65,86,1,4,2,2,2,1,1,2,2,1,1,1,1,0,4,1,3,4,0,774,2,1,1,1
1900,8.64,99,0,4,2,2,2,2,2,1,1,1,1,1,1,1,4,0,4,2,1,366,1,1,1,1
1901,6.33,77,4,4,0,0,0,0,0,1,0,0,0,0,0,0,0,0,0,1,0,2,0,1,1,2
1902,9.32,87,0,2,2,2,2,2,2,2,1,2,1,1,1,1,5,1,5,2,0,532,2,1,2,1
1903,7.36,72,0,3,1,1,2,0,1,1,2,1,1,1,0,0,3,0,4,1,0,398,0,1,1,0
1904,6.59,78,3,4,1,0,1,0,1,0,1,1,0,0,0,0,1,0,1,0,0,52,1,0,1,2
1905,8.03,88,1,2,1,2,2,2,2,1,2,2,1,1,1,1,6,1,3,3,1,265,2,1,0,1
1906,8.68,90,0,4,0,0,0,1,2,1,1,1,0,0,0,0,0,0,0,0,0,23,1,1,1,2
1907,8.45,96,0,4,0,1,1,1,2,1,2,2,0,0,0,0,0,0,2,0,0,21,0,1,0,2
1908,6.66,83,0,4,2,1,2,2,1,1,1,2,1,1,1,0,7,0,2,5,0,426,1,2,1,0
1909,8.13,99,0,2,2,1,2,2,1,2,1,1,1,1,1,1,7,0,5,2,0,448,2,2,2,1
1910,8.23,85,2,3,1,0,1,0,2,1,2,2,1,1,0,0,3,0,3,0,0,281,0,2,0,0
1911,9.17,90,0,4,0,1,1,0,1,1,1,1,0,0,0,0,0,0,1,0,0,39,1,1,1,0
1912,7.14,72,0,3,2,2,2,1,2,2,1,0,1,1,0,0,5,0,2,2,0,373,2,2,1,0
1913,7.24,70,2,3,2,2,2,2,2,2,0,2,1,1,1,0,5,1,4,4,1,792,1,1,2,1
1914,6.87,90,0,4,2,1,2,2,1,1,2,0,1,1,1,0,6,1,2,4,0,527,1,1,0,1
1915,8.22,84,1,3,2,2,2,1,1,2,0,0,1,1,0,0,5,0,2,2,0,383,2,1,0,1
1916,8.46,80,2,4,2,1,2,2,1,1,0,0,1,1,0,0,3,0,1,2,0,273,2,2,1,0
1917,8.62,84,0,4,1,2,2,1,1,1,2,2,1,1,1,1,4,1,3,1,0,522,1,2,1,0
1918,6.9,84,2,2,0,0,0,1,0,0,0,1,0,0,0,0,2,0,1,1,0,72,1,1,1,2
1919,8.59,97,0,3,0,0,1,0,2,1,1,1,0,0,0,0,1,0,0,1,0,10,2,2,0,2
1920,7.23,82,2,3,2,1,2,1,2,2,0,1,1,1,1,0,7,1,3,2,1,753,1,1,2,1
1921,8.22,84,0,2,1,2,1,2,1,1,1,2,1,1,1,1,4,1,2,4,0,468,2,1,0,0
1922,8.44,81,0,4,2,1,2,1,1,2,1,1,1,1,1,1,6,1,5,2,0,502,1,1,0,1
1923,6.95,71,0,3,2,1,2,1,1,2,0,1,1,1,1,0,5,1,2,4,1,487,2,2,0,0
1924,8.02,82,0,3,1,1,1,2,2,1,2,1,1,1,1,1,4,1,2,4,1,303,2,1,2,0
1925,7.89,89,2,4,2,2,2,2,2,2,0,0,1,1,1,0,8,1,4,2,1,412,1,2,1,0
1926,9.26,95,0,3,0,1,0,1,1,1,1,2,0,0,0,0,1,0,1,1,0,112,2,1,1,2
1927,6.91,63,3,4,1,0,0,1,1,0,0,1,0,0,0,0,2,0,1,0,0,21,1,1,1,2
1928,8.07,88,1,3,2,2,2,2,2,2,2,1,1,1,1,0,5,0,3,2,0,699,1,2,2,1
1929,7.4,81,1,4,2,2,2,1,2,2,2,2,1,1,1,0,4,1,4,1,1,695,1,1,2,1
1930,8.12,98,1,4,1,1,2,1,2,1,2,1,1,1,1,1,6,1,4,2,0,290,2,2,1,1
1931,6.94,85,0,2,2,1,2,1,1,2,2,2,1,1,1,0,7,1,2,1,0,697,1,2,1,1
1932,7.61,77,1,4,2,1,2,2,1,2,2,2,1,1,1,0,8,0,4,3,0,504,1,2,0,1
1933,6.69,68,1,3,1,1,1,0,0,1,0,0,0,0,0,0,1,0,0,0,0,12,1,1,1,2
1934,8.15,84,0,2,1,1,2,1,2,1,1,1,1,1,1,1,5,0,2,4,1,571,1,1,2,0
1935,7.94,81,0,4,1,1,2,2,1,1,2,2,1,1,1,1,5,1,3,1,1,295,1,2,2,0
1936,8.15,81,2,4,2,1,2,1,2,2,0,1,1,1,1,0,8,0,2,2,0,693,2,2,1,1
1937,5.59,57,5,2,1,0,0,1,0,1,0,0,0,0,0,0,0,0,1,0,0,41,0,0,1,2
1938,9.33,89,0,3,2,2,2,2,2,2,2,2,1,1,1,1,6,1,6,3,0,817,2,2,2,1
1939,7.03,74,0,3,1,0,2,2,1,2,1,2,1,1,0,0,4,1,4,2,0,360,1,1,0,0
1940,6.2,72,2,3,0,0,0,0,0,0,1,1,0,0,0,0,1,0,0,0,0,39,0,0,1,2
1941,9.61,100,0,4,1,0,0,1,1,2,2,2,0,0,0,0,1,0,1,0,0,32,2,2,1,2
1942,9.57,92,0,3,1,0,0,1,2,2,1,2,1,1,0,0,3,1,2,1,0,64,2,2,0,0
1943,6.0,66,4,3,1,1,1,0,0,1,1,0,0,0,0,0,2,0,0,0,0,77,0,1,0,2
1944,6.73,70,0,3,2,2,2,1,1,2,0,1,1,1,1,0,7,1,3,4,1,623,2,2,2,1
1945,7.8,82,0,3,2,1,1,1,2,2,2,2,1,1,1,1,7,1,2,4,1,350,2,2,1,1
1946,7.61,73,2,4,1,0,1,1,2,2,2,0,1,1,0,0,5,1,2,2,0,387,2,1,0,0
1947,9.35,90,0,3,2,1,2,1,2,2,2,1,1,1,1,1,8,1,5,4,1,732,2,2,1,1
1948,9.19,95,0,2,0,0,0,0,2,2,1,2,1,1,0,0,2,1,2,1,0,37,1,1,1,2
1949,8.83,94,0,3,1,0,0,1,2,1,1,2,1,1,0,0,2,1,1,1,0,47,2,2,1,2
1950,6.57,68,2,4,1,0,0,0,1,0,0,1,0,0,0,0,2,0,1,0,0,80,0,0,1,2
1951,7.89,79,0,3,2,1,2,2,2,2,1,1,1,1,1,0,6,0,2,3,0,608,1,1,0,1
1952,7.17,86,1,3,2,1,2,1,1,2,0,2,1,1,1,0,8,1,3,3,0,557,1,1,0,0
1953,6.49,82,3,3,1,0,0,0,1,1,0,0,1,0,0,0,4,1,0,0,0,63,1,1,1,0
1954,7.84,65,1,4,2,1,2,2,2,2,0,1,1,1,1,0,5,1,2,4,1,570,1,2,1,1
1955,8.29,85,0,3,2,1,2,1,2,2,2,2,1,1,0,0,4,1,2,3,0,265,1,2,1,0
1956,8.78,88,0,4,1,2,1,2,1,2,1,2,1,1,1,1,5,1,3,1,0,301,2,2,0,0
1957,9.11,86,0,4,1,1,1,1,1,2,2,1,1,1,1,1,7,1,4,3,0,258,2,2,1,0
1958,9.95,98,0,4,2,2,2,2,2,2,1,2,1,1,1,1,8,1,6,5,0,818,1,2,2,1
1959,8.37,85,0,2,1,2,1,1,2,1,1,1,1,1,1,1,7,1,5,3,0,479,1,1,0,0
1960,7.55,90,0,3,2,2,2,2,1,1,0,1,1,1,1,0,5,1,2,5,0,356,2,2,2,1
1961,7.75,70,0,4,2,2,2,2,1,2,2,0,1,1,1,0,7,1,4,3,0,360,2,2,2,1
1962,8.14,87,2,3,2,1,2,2,1,2,2,2,1,1,1,0,8,1,2,5,1,578,1,2,0,0
1963,7.53,81,0,2,2,2,2,1,2,1,2,2,1,1,1,0,4,1,4,3,1,721,2,2,1,0
1964,8.85,95,0,4,2,1,2,1,2,2,2,2,1,1,1,1,5,1,4,5,1,588,1,2,1,0
1965,6.1,80,2,3,1,1,1,0,0,1,0,1,0,0,0,0,0,0,1,0,0,18,1,1,0,2
1966,8.0,85,0,3,1,1,2,1,1,2,2,2,1,1,1,1,5,1,3,2,0,584,2,2,2,0
1967,7.62,85,2,4,2,1,2,1,1,2,2,2,1,1,1,0,7,1,4,1,0,459,1,1,2,1
1968,5.67,58,4,4,0,1,0,1,0,0,1,0,0,0,0,0,0,0,0,0,0,56,1,1,0,2
1969,6.23,55,1,4,1,0,1,1,0,0,1,1,0,0,0,0,0,0,0,1,0,73,1,1,1,2
1970,8.21,76,1,3,2,1,2,1,1,2,0,1,1,1,0,0,4,1,4,2,1,397,1,2,1,0
1971,7.19,79,2,4,1,0,2,1,1,1,2,0,1,1,0,0,3,1,2,0,0,203,2,2,0,0
1972,9.06,98,0,3,0,0,1,1,1,1,1,2,1,1,0,0,3,0,2,1,1,47,2,1,1,0
1973,8.13,80,1,4,1,2,1,0,2,1,0,0,1,1,0,0,3,1,2,0,1,176,1,2,0,0
1974,5.68,65,4,3,1,0,1,1,0,0,0,0,1,1,0,0,3,1,1,0,0,72,1,1,1,2
1975,7.53,83,1,3,1,0,2,1,1,2,1,0,1,1,0,0,5,0,2,3,0,359,0,2,1,1
1976,8.46,91,1,4,2,2,2,2,2,2,2,1,1,1,1,1,6,1,4,3,1,496,1,1,1,1
1977,8.04,93,2,3,1,0,1,1,2,2,0,1,1,1,0,0,3,0,4,3,1,386,2,2,0,0
1978,6.68,62,3,4,1,0,1,1,1,0,0,0,0,0,0,0,1,0,1,0,0,46,1,1,1,2
1979,6.96,74,1,3,1,0,1,1,1,1,1,1,0,0,0,0,0,0,1,1,0,29,0,0,1,0
1980,8.23,71,2,3,2,0,2,1,2,1,1,1,1,1,0,0,4,1,4,2,0,405,1,2,1,0
1981,9.8,91,0,2,2,1,2,2,2,2,2,2,1,1,1,1,8,1,5,5,1,882,1,1,2,1
1982,7.91,72,0,4,1,1,2,1,2,1,2,1,1,1,0,0,5,1,2,3,1,239,1,1,1,0
1983,9.51,92,0,3,1,1,0,0,1,1,1,1,0,0,0,0,0,0,1,1,0,36,2,1,1,0
1984,8.24,77,2,2,2,2,2,2,1,2,0,2,1,1,0,0,5,1,2,0,1,164,1,2,1,1
1985,5.67,74,2,4,0,1,0,1,0,1,1,0,1,1,0,0,3,0,0,1,1,18,1,0,1,0
1986,8.15,90,1,4,1,1,2,2,1,1,1,1,1,1,0,0,4,1,1,0,0,345,2,1,1,0
1987,9.92,89,0,2,2,1,2,1,2,2,2,2,1,1,1,1,5,1,3,2,1,472,1,2,2,1
1988,7.92,74,1,2,2,2,2,1,2,2,2,2,1,1,1,0,5,0,2,5,1,619,1,2,1,0
1989,8.14,91,2,3,1,2,2,2,2,2,2,1,1,1,0,0,4,1,2,0,0,419,1,2,1,1
1990,8.03,85,0,2,2,2,2,2,2,2,2,2,1,1,1,1,5,1,5,3,1,321,1,1,2,1
1991,6.74,82,0,4,2,1,2,2,2,1,1,1,1,1,1,0,4,1,4,2,1,705,1,2,1,1
1992,6.53,65,1,4,2,1,2,2,2,1,0,0,1,1,1,0,7,1,4,4,1,393,1,2,2,1
1993,6.42,61,3,3,0,0,0,0,1,0,1,1,0,0,0,0,0,0,0,1,0,8,0,0,1,2
1994,8.43,92,2,3,1,0,1,0,2,2,2,1,1,1,0,0,3,0,3,3,0,209,2,1,1,2
1995,8.16,73,0,3,2,2,2,1,2,2,1,1,1,1,1,0,8,0,2,1,0,655,2,1,0,0
1996,9.5,93,0,4,0,1,0,0,2,2,1,1,0,0,0,0,2,0,2,1,0,30,1,1,1,0
1997,7.86,84,1,3,2,0,1,1,2,1,0,1,1,1,0,0,3,0,3,3,1,235,0,2,1,0
1998,8.91,97,0,4,0,0,0,0,2,2,1,2,0,0,0,0,0,0,0,1,0,39,1,2,0,2
1999,8.59,88,1,4,2,1,2,2,2,1,1,2,1,1,1,1,6,1,3,3,1,629,2,2,0,0
2000,8.58,97,0,2,2,2,2,2,2,1,2,2,1,1,1,1,5,1,2,3,0,496,1,1,2,1
2001,9.14,97,0,4,1,2,2,1,1,2,2,2,1,1,1,1,5,1,4,4,1,620,1,2,1,0
2002,5.98,81,4,4,0,1,1,1,1,0,0,1,0,0,0,0,0,0,1,1,0,63,0,0,0,2
2003,8.89,96,0,3,0,0,0,1,2,1,2,2,0,0,0,0,1,0,1,1,0,18,2,2,1,0
2004,7.65,91,1,3,2,0,1,1,1,2,1,0,1,1,0,0,3,1,1,1,0,220,1,1,1,0
2005,8.7,95,0,4,1,0,1,0,2,1,2,2,0,0,0,0,0,0,0,1,0,84,1,2,0,2
2006,8.8,98,0,4,0,1,0,0,2,1,2,2,0,0,0,0,0,0,0,0,0,37,1,2,0,0
2007,8.78,83,1,4,1,2,2,1,1,2,1,1,1,1,1,1,6,1,5,3,0,633,2,2,1,0
2008,7.31,85,1,4,2,2,2,1,2,1,1,0,1,1,1,0,7,1,2,4,1,508,1,2,1,0
2009,8.12,85,2,4,2,2,2,1,2,2,1,2,1,1,1,0,7,1,3,2,1,640,2,1,2,1
2010,5.76,84,5,4,0,0,0,1,0,0,1,0,0,0,0,0,1,0,0,1,0,16,0,1,1,2
2011,7.34,95,0,4,2,0,2,2,1,2,0,2,1,1,0,0,5,0,2,1,0,310,0,2,0,0
2012,8.49,84,1,2,2,2,1,1,1,1,2,1,1,1,0,0,5,0,4,2,0,240,1,1,1,0
2013,8.66,95,0,4,1,1,1,1,1,1,1,1,1,1,1,1,7,1,3,1,1,582,2,2,2,1
2014,6.54,90,1,4,2,1,2,2,1,1,1,1,1,1,1,0,6,1,2,1,0,759,2,2,0,0
2015,6.24,57,4,4,1,1,0,1,0,1,1,1,0,0,0,0,0,0,0,1,0,10,0,0,0,2
2016,7.99,88,0,2,2,2,2,2,2,2,1,2,1,1,1,1,5,0,3,1,1,478,2,2,2,1
2017,8.41,90,0,2,1,1,1,2,2,2,1,2,1,1,1,1,7,0,2,3,0,496,1,2,0,0
2018,9.04,94,0,2,1,1,1,1,1,2,1,1,0,0,0,0,1,0,1,1,0,76,0,1,1,2
2019,8.15,89,0,3,2,1,2,1,2,1,2,0,1,1,1,0,7,0,3,3,1,435,1,2,0,1
2020,6.08,60,2,4,0,1,0,0,0,1,0,0,0,0,0,0,0,0,1,1,0,42,0,0,1,2
2021,5.74,56,4,3,0,1,1,1,1,0,1,0,0,0,0,0,0,0,0,0,0,67,1,0,1,2
2022,8.31,78,0,4,1,1,2,1,2,2,2,2,1,1,0,0,4,0,3,1,0,406,0,2,1,0
2023,7.81,88,0,4,2,1,2,1,1,2,1,0,1,1,0,0,4,1,3,2,0,104,2,1,0,0
2024,6.99,69,3,3,0,0,1,0,0,1,0,1,0,0,0,0,2,0,0,1,0,45,0,1,1,2
2025,8.17,68,0,2,2,1,2,1,1,1,0,2,1,1,1,0,7,1,2,2,1,771,2,2,2,1
2026,8.28,92,1,2,2,2,1,2,2,2,2,0,1,1,0,0,3,1,1,0,0,263,1,2,0,0
2027,8.35,83,2,3,2,2,2,1,1,2,1,1,1,1,0,0,4,0,1,3,0,268,2,2,0,0
2028,8.2,80,0,3,1,2,2,1,1,1,1,2,1,1,1,1,4,0,3,1,0,632,2,2,2,0
2029,7.81,80,2,3,2,1,1,1,2,1,2,0,1,1,0,0,3,1,1,0,0,415,1,1,1,0
2030,8.83,95,0,3,0,1,0,1,2,2,2,1,1,1,0,0,3,1,0,1,1,51,2,1,0,2
2031,9.68,94,0,3,1,0,1,0,2,2,1,1,0,0,0,0,0,0,1,1,0,95,1,2,0,0
2032,9.05,84,0,3,1,1,2,1,1,2,1,2,1,1,1,1,5,1,4,3,0,644,1,2,2,0
2033,9.69,98,0,3,2,2,2,1,2,2,1,1,1,1,1,1,8,1,6,2,0,798,1,1,1,1
2034,6.73,90,2,4,2,1,2,1,1,1,0,2,1,1,1,0,5,1,2,5,1,451,1,1,1,0
2035,9.71,100,0,4,1,1,1,0,1,1,2,2,1,1,0,0,4,1,0,0,0,85,1,2,1,0
2036,6.51,56,1,4,0,1,0,0,1,1,1,0,0,0,0,0,1,0,1,0,0,34,0,1,0,2
2037,9.29,92,0,3,0,0,0,0,2,1,1,2,0,0,0,0,0,0,0,0,0,105,2,1,0,2
2038,6.54,89,0,4,2,1,2,1,2,1,2,0,1,1,1,0,6,1,4,1,1,421,1,2,2,1
2039,7.03,81,0,2,1,2,2,1,2,1,1,0,1,1,0,0,4,1,1,1,1,264,1,1,0,0
2040,7.44,72,1,4,2,2,2,1,2,2,2,1,1,1,0,0,4,0,4,2,0,291,1,2,1,1
2041,6.59,84,0,3,2,1,2,1,2,2,2,0,1,1,1,0,5,1,2,2,1,735,1,2,0,1
2042,6.51,60,5,2,1,0,0,0,0,0,0,0,0,0,0,0,0,0,0,1,0,69,0,0,1,2
2043,7.2,84,1,4,2,1,1,2,1,1,0,2,1,1,0,0,3,0,2,1,0,283,0,2,0,0
2044,9.82,92,0,2,2,2,2,1,2,2,2,2,1,1,1,1,5,1,4,2,1,881,2,1,1,1
2045,8.42,70,1,4,2,0,1,2,1,2,1,0,1,1,0,0,4,0,3,0,0,156,0,2,0,0
2046,6.32,81,5,3,1,0,1,1,1,1,0,1,0,0,0,0,0,0,1,0,0,31,1,0,0,2
2047,8.4,87,0,3,1,0,2,2,2,1,2,1,1,1,0,0,2,0,3,3,0,231,0,2,0,0
2048,7.3,81,0,2,2,1,2,2,2,2,2,0,1,1,0,0,5,1,2,1,0,295,1,2,0,0
2049,7.29,71,1,3,2,2,1,1,1,1,2,0,1,1,0,0,3,0,1,0,0,316,1,2,1,0
2050,7.92,87,2,3,1,1,2,0,1,1,0,2,1,1,0,0,3,1,2,0,0,272,1,2,0,0
2051,7.43,76,1,3,2,0,1,2,1,2,1,1,1,1,0,0,5,1,2,1,1,246,1,2,0,0
2052,7.91,89,1,2,1,1,1,1,2,2,1,2,1,1,1,1,6,1,4,3,1,588,1,2,0,0
2053,8.73,90,0,2,0,0,1,1,1,2,2,2,0,0,0,0,1,0,2,0,0,39,1,1,0,0
2054,7.29,67,1,3,2,1,2,1,2,2,2,2,1,1,1,0,5,1,2,2,1,794,1,2,0,0
2055,6.93,56,3,3,0,1,0,0,0,0,0,1,0,0,0,0,0,0,0,0,0,19,0,1,0,2
2056,5.65,60,1,3,0,0,0,1,0,1,0,0,0,0,0,0,1,0,1,0,0,23,0,0,1,2
2057,8.72,96,0,2,1,1,0,1,1,1,2,1,0,0,0,0,2,0,0,0,0,75,2,1,1,2
2058,8.76,100,0,3,0,1,0,1,1,2,1,2,0,0,0,0,1,0,0,0,0,104,0,1,0,2
2059,5.87,58,5,2,0,1,1,1,1,1,0,1,0,0,0,0,0,0,1,0,0,25,0,0,0,2
2060,7.21,90,0,2,2,2,2,1,2,2,2,2,1,1,1,0,7,1,4,2,1,425,1,1,2,0
2061,7.64,66,0,3,2,1,2,2,1,2,0,1,1,1,1,0,8,1,4,5,0,723,2,1,0,1
2062,6.31,71,4,4,0,0,1,1,0,1,1,0,0,0,0,0,0,0,1,1,0,58,0,0,1,2
2063,6.71,65,4,2,0,0,1,0,0,0,1,1,0,0,0,0,2,0,0,1,0,65,1,0,1,2
2064,6.71,89,0,2,2,1,2,2,1,1,1,2,1,1,1,0,6,1,4,1,0,762,2,1,0,0
2065,5.82,57,1,2,0,0,0,0,0,0,0,0,0,0,0,0,2,0,1,0,0,69,0,0,1,2
2066,6.08,64,5,3,0,1,0,0,1,1,1,1,0,0,0,0,2,0,0,1,0,40,0,1,0,2
2067,7.34,83,1,4,2,1,2,1,2,1,0,0,1,1,0,0,3,1,4,0,1,155,2,1,1,1
2068,5.97,80,5,2,0,1,1,0,1,1,0,1,0,0,0,0,2,0,1,0,0,23,1,1,1,2
2069,5.98,56,4,4,0,1,1,0,0,0,0,0,0,0,0,0,2,0,1,0,0,68,1,1,0,2
2070,8.35,97,1,4,1,2,2,1,2,1,2,2,1,1,1,1,6,1,2,2,1,394,1,2,1,0
2071,8.87,93,0,4,2,2,2,1,2,2,2,2,1,1,1,1,6,1,3,3,1,566,2,1,1,1
2072,8.51,86,0,3,1,2,2,1,2,2,1,2,1,1,1,1,6,1,3,2,0,395,1,2,0,0
2073,9.68,91,0,4,2,1,2,1,2,2,2,2,1,1,1,1,5,1,6,5,1,579,1,2,2,1
2074,7.42,95,0,4,1,2,2,0,2,1,1,2,1,1,0,0,3,0,2,0,1,353,0,1,1,0
2075,9.67,92,0,3,0,1,1,1,2,2,2,2,1,1,0,0,2,1,1,1,0,96,1,1,1,0
2076,6.8,56,1,2,0,1,1,1,1,0,1,1,0,0,0,0,2,0,0,1,0,42,0,0,1,2
2077,8.0,96,1,4,1,1,1,2,1,2,2,1,1,1,1,1,5,1,3,1,1,477,1,1,0,1
2078,9.6,98,0,3,0,1,1,0,1,1,2,2,0,0,0,0,0,0,2,1,0,79,2,1,1,2
2079,5.71,55,5,2,1,0,0,1,1,1,1,0,0,0,0,0,2,0,1,1,0,9,1,1,1,2
2080,6.6,88,1,4,2,2,2,1,2,2,2,1,1,1,1,0,4,1,1,3,0,529,1,1,2,0
2081,7.71,74,1,3,2,1,1,1,2,1,2,2,1,1,0,0,5,1,4,0,0,323,1,1,1,0
2082,8.98,94,0,4,2,2,2,2,2,2,2,1,1,1,1,1,7,1,3,2,0,512,1,2,2,0
2083,8.22,75,1,2,2,0,1,2,2,1,0,0,1,1,0,0,4,0,1,3,0,418,2,2,1,0
2084,7.89,80,1,3,2,1,1,1,1,1,0,0,1,1,0,0,4,1,2,3,0,389,1,1,1,0
2085,8.0,81,1,3,2,1,2,1,1,1,1,1,1,1,1,0,5,0,4,3,1,584,1,2,0,1
2086,7.55,69,1,4,2,1,2,2,2,2,1,2,1,1,1,0,6,1,3,2,1,428,2,1,0,1
2087,9.4,100,0,3,2,1,2,2,2,2,2,2,1,1,1,1,6,1,5,4,1,820,1,2,2,1
2088,7.21,73,0,4,1,0,2,0,1,2,0,2,1,1,0,0,4,0,4,0,1,381,2,1,1,0
2089,7.06,74,0,2,2,1,2,1,1,2,1,0,1,1,1,0,5,0,2,5,0,573,2,2,1,1
2090,5.56,78,3,2,1,0,1,0,0,0,1,1,1,0,0,0,3,0,0,1,1,47,0,0,1,2
2091,7.4,95,1,3,1,0,1,2,2,1,2,2,1,1,0,0,3,1,4,2,0,219,1,2,0,0
2092,8.61,84,1,2,1,1,1,2,2,2,1,1,1,1,1,1,7,1,4,2,0,583,2,2,1,1
2093,8.2,92,0,3,2,0,2,1,1,2,2,2,1,1,0,0,5,0,4,1,0,143,2,2,1,0
2094,8.25,85,1,3,2,2,2,2,1,1,1,2,1,1,1,1,5,1,2,2,0,301,2,1,2,1
2095,7.59,73,1,4,2,1,2,2,1,1,0,0,1,1,1,0,8,1,2,2,0,777,2,1,1,0
2096,9.58,98,0,3,2,1,2,2,2,2,2,1,1,1,1,1,6,1,4,3,0,521,2,1,2,0
2097,9.51,95,0,3,0,0,1,0,1,2,2,1,0,0,0,0,2,0,0,0,0,73,1,1,0,2
2098,6.89,80,2,4,0,1,0,1,1,1,1,1,0,0,0,0,2,0,0,1,0,59,1,1,1,2
2099,5.68,55,5,3,1,1,1,0,0,0,1,0,0,0,0,0,1,0,1,0,0,75,0,0,0,2
2100,9.09,93,0,2,1,1,1,1,1,2,1,1,0,0,0,0,0,0,1,0,0,5,1,1,1,2
2101,7.9,80,2,3,2,1,1,1,1,2,1,2,1,1,0,0,3,0,4,3,0,416,1,2,0,0
2102,6.6,65,2,3,2,1,2,1,1,2,2,0,1,1,1,0,7,1,2,3,0,476,2,2,2,0
2103,7.48,66,1,2,2,1,2,2,2,1,0,1,1,1,1,0,6,0,4,2,1,415,2,1,0,0
2104,7.87,87,0,3,2,2,2,1,2,1,2,2,1,1,1,1,6,1,2,4,1,277,1,1,0,0
2105,5.85,65,3,4,0,1,0,1,1,1,1,0,0,0,0,0,0,0,0,1,0,32,1,0,0,2
2106,8.06,89,1,4,1,2,1,1,1,2,0,2,1,1,0,0,5,1,3,3,1,187,1,1,1,0
2107,7.85,74,0,4,1,0,2,2,1,1,0,0,1,1,0,0,4,0,3,1,0,211,2,2,0,0
2108,9.02,91,0,4,2,2,2,1,2,2,1,1,1,1,1,1,5,1,5,4,1,631,1,2,1,1
2109,8.44,95,1,3,2,1,1,1,2,1,1,2,1,1,1,1,4,1,5,4,0,512,1,2,2,0
2110,7.03,77,0,3,2,2,1,1,2,1,1,0,1,1,0,0,3,0,1,3,0,414,0,1,0,0
2111,9.41,98,0,4,0,0,0,1,2,2,1,2,0,0,0,0,1,0,2,0,0,56,2,2,0,0
2112,7.66,93,0,2,1,2,2,1,2,1,2,0,1,1,0,0,3,1,4,2,1,229,1,2,1,0
2113,7.52,70,0,3,2,2,2,2,2,2,2,1,1,1,1,0,8,1,3,2,1,381,2,1,0,0
2114,7.02,84,2,4,2,1,2,2,2,2,1,2,1,1,1,0,6,1,2,3,0,510,1,1,2,1
2115,5.84,62,5,4,1,0,1,1,1,1,0,1,0,0,0,0,1,0,1,0,0,30,0,1,1,2
2116,9.11,98,0,3,1,0,1,0,1,2,2,1,0,0,0,0,1,0,1,0,0,62,0,1,1,2
2117,8.1,70,1,2,2,1,2,1,2,1,0,0,1,1,1,0,8,1,2,5,1,790,1,2,2,1
2118,7.59,84,0,4,2,0,1,1,2,1,2,2,1,1,0,0,3,0,4,3,1,386,2,1,1,0
2119,9.86,94,0,4,2,2,2,1,2,2,1,2,1,1,1,1,6,1,4,2,1,714,2,1,2,1
2120,7.23,94,0,3,2,0,1,2,1,2,2,1,1,1,0,0,3,1,4,0,0,189,2,1,0,1
2121,8.19,75,2,2,1,0,2,1,2,1,1,0,1,1,0,0,2,0,1,2,0,229,0,2,0,0
2122,8.16,74,1,3,2,2,2,1,1,2,2,1,1,1,1,0,8,0,2,4,0,405,1,1,2,0
2123,8.87,85,0,2,2,2,2,1,2,2,1,2,1,1,1,1,8,1,6,3,1,645,2,2,2,1
2124,8.0,97,1,2,2,1,2,2,1,1,1,2,1,1,1,1,7,1,5,3,1,466,1,2,1,1
2125,8.94,82,1,3,1,2,2,2,2,1,2,2,1,1,1,1,6,0,2,4,1,547,2,2,1,0
2126,5.97,73,4,4,1,0,0,0,0,0,0,0,0,0,0,0,0,0,1,0,0,39,0,0,0,2
2127,7.65,71,0,3,2,2,2,2,1,1,2,0,1,1,1,0,6,0,2,5,1,690,2,1,0,1
2128,8.6,91,0,4,1,0,1,1,2,1,2,1,1,1,0,0,3,1,2,0,0,23,1,2,1,0
2129,9.72,88,0,4,2,2,2,2,2,2,1,1,1,1,1,1,6,1,5,2,1,682,2,1,1,1
2130,8.94,100,0,3,1,2,1,1,1,2,1,2,1,1,1,1,6,1,5,2,1,270,1,1,2,0
2131,7.84,73,0,4,2,1,1,1,1,1,2,2,1,1,0,0,3,1,3,2,1,294,2,1,1,0
2132,5.69,75,3,4,0,0,1,0,1,1,1,0,0,0,0,0,2,0,1,0,0,73,1,1,0,2
2133,8.92,97,0,3,2,2,2,2,1,1,1,2,1,1,1,1,4,0,4,1,0,312,1,2,0,1
2134,8.93,92,0,2,2,2,2,1,2,2,1,2,1,1,1,1,5,1,4,3,1,485,1,1,1,0
2135,9.09,96,0,4,0,1,1,1,1,2,1,2,0,0,0,0,0,0,2,0,0,119,2,2,0,0
2136,8.15,86,0,4,1,0,2,0,1,1,1,1,1,1,0,0,5,0,4,2,1,401,1,2,0,0
2137,7.68,73,1,3,1,0,1,0,2,1,1,0,1,1,0,0,4,0,2,0,1,438,1,1,0,0
2138,5.57,84,5,4,1,0,0,1,0,1,1,0,0,0,0,0,1,0,1,0,0,62,0,1,0,2
2139,7.6,67,2,3,2,1,2,2,2,1,2,1,1,1,1,0,8,0,3,2,0,391,2,2,2,1
2140,7.2,78,1,4,2,2,2,1,2,1,2,1,1,1,0,0,5,1,4,2,0,269,2,1,0,0
2141,8.94,100,0,4,1,1,0,0,1,1,2,2,1,1,0,0,2,1,0,1,0,13,1,1,1,2
2142,8.07,88,0,3,1,2,2,1,2,1,2,1,1,1,0,0,2,1,1,0,0,170,2,2,0,1
2143,5.63,75,4,4,1,1,0,1,1,1,0,1,0,0,0,0,2,0,1,0,0,72,0,1,1,2
2144,8.18,89,0,4,1,2,1,2,1,2,2,2,1,1,1,1,6,1,3,1,0,292,1,1,0,0
2145,9.06,100,0,4,1,1,0,0,1,2,2,2,0,0,0,0,0,0,2,0,0,73,1,1,1,0
2146,7.65,91,0,3,2,0,2,1,2,2,1,0,1,1,0,0,4,0,1,3,0,401,2,1,0,0
2147,8.87,94,0,4,0,1,1,1,2,1,2,2,0,0,0,0,1,0,1,0,0,29,2,1,1,0
2148,6.76,70,0,4,2,2,2,1,1,2,0,2,1,1,1,0,7,1,4,2,0,642,1,1,0,1
2149,6.99,82,0,4,2,2,2,1,1,1,0,1,1,1,1,0,7,1,2,1,0,760,2,1,0,0
2150,5.79,80,4,2,1,0,0,1,1,1,1,0,0,0,0,0,0,0,0,0,0,70,1,0,1,2
2151,7.0,74,2,4,2,2,2,1,1,1,1,0,1,1,1,0,7,1,4,3,1,702,2,2,2,1
2152,6.34,68,2,3,0,1,0,0,1,1,1,1,0,0,0,0,1,0,1,0,0,67,1,0,1,2
2153,6.7,68,4,4,0,1,1,1,0,1,1,0,0,0,0,0,2,0,0,0,0,20,0,0,0,2
2154,6.3,62,5,3,1,0,0,0,1,1,0,1,0,0,0,0,0,0,1,0,0,49,1,1,0,2
2155,8.69,94,0,2,2,2,2,1,1,2,1,1,1,1,1,1,7,1,4,1,0,420,2,1,2,1
2156,9.48,95,0,2,1,1,0,1,2,1,2,1,0,0,0,0,2,0,1,1,0,98,2,2,0,0
2157,8.89,92,0,4,2,2,2,1,2,2,2,2,1,1,1,1,5,1,6,3,1,789,2,1,2,1
2158,6.59,90,2,3,2,1,2,1,1,1,2,1,1,1,1,0,5,1,2,2,1,748,1,2,2,1
2159,5.77,62,3,3,0,0,0,1,0,0,1,1,0,0,0,0,1,0,1,0,0,27,1,0,1,2
2160,9.76,92,0,4,0,1,1,1,2,1,1,1,0,0,0,0,2,0,2,1,0,108,1,1,0,0
2161,6.96,88,2,4,2,1,2,2,1,1,2,2,1,1,1,0,7,1,2,4,0,362,2,1,1,1
2162,8.88,100,0,3,1,1,0,1,1,1,1,1,1,1,0,0,4,1,1,0,0,40,2,1,0,2
2163,5.94,71,5,4,0,0,1,1,1,0,0,0,0,0,0,0,0,0,0,0,0,11,1,1,1,2
2164,8.52,94,0,3,1,1,1,1,1,2,2,1,0,0,0,0,2,0,1,0,0,120,2,2,0,0
2165,7.55,95,2,3,1,0,1,2,2,2,0,0,1,1,0,0,5,1,3,0,0,360,1,1,0,0
2166,5.57,63,4,4,0,0,1,1,1,1,1,1,0,0,0,0,2,0,1,1,0,55,0,1,1,2
2167,6.75,69,1,2,2,1,2,1,2,2,2,2,1,1,1,0,5,1,2,3,0,519,1,2,0,0
2168,8.51,96,0,4,0,1,0,1,1,1,1,2,0,0,0,0,2,0,1,1,0,71,2,2,0,0
2169,8.63,91,0,4,0,0,0,1,1,1,1,1,0,0,0,0,1,0,2,1,0,117,0,2,1,2
2170,6.24,68,5,4,0,0,1,1,0,1,1,0,0,0,0,0,0,0,0,0,0,17,1,1,1,2
2171,6.52,78,1,4,2,1,2,2,1,1,2,2,1,1,1,0,7,1,2,2,1,624,1,1,1,1
2172,8.27,94,0,3,1,1,1,2,1,1,1,2,1,1,1,1,5,1,2,4,0,280,1,2,2,0
2173,7.3,93,2,3,2,2,2,1,2,2,0,0,1,1,0,0,5,1,4,1,0,252,1,2,0,0
2174,7.28,69,0,3,2,2,2,1,2,2,0,2,1,1,1,0,7,1,3,4,0,737,2,1,0,0
2175,7.71,73,0,3,1,0,1,2,2,2,1,2,1,1,0,0,5,0,4,0,0,237,1,1,1,0
2176,6.51,71,5,3,1,0,1,0,1,0,1,0,0,0,0,0,1,0,0,1,0,14,1,0,0,2
2177,7.49,74,2,4,1,0,1,1,1,1,1,2,1,1,0,0,5,1,4,3,0,193,1,1,0,0
2178,8.05,74,1,3,2,1,2,2,2,2,2,2,1,1,1,0,5,0,2,3,1,767,1,2,1,0
2179,7.91,75,1,2,2,1,2,1,1,2,0,1,1,1,1,0,5,1,2,5,0,400,1,2,1,1
2180,7.76,89,2,4,2,0,2,2,1,2,2,2,1,1,0,0,5,0,3,3,0,370,1,2,0,0
2181,7.72,85,1,4,2,2,2,2,1,2,1,2,1,1,0,0,4,1,4,0,1,300,1,2,1,1
2182,9.54,91,0,4,0,1,1,0,2,2,2,2,1,1,0,0,3,0,2,1,1,0,2,2,0,0
2183,7.32,71,0,3,1,0,1,2,2,1,0,1,1,1,0,0,3,0,3,0,1,427,0,2,0,2
2184,7.04,68,0,4,2,2,2,2,2,2,2,0,1,1,1,0,5,1,2,1,0,699,1,1,0,0
2185,8.03,86,2,4,1,2,1,2,1,2,2,2,1,1,0,0,4,0,4,1,0,245,0,2,0,0
2186,6.73,73,1,3,2,1,2,1,1,1,0,0,1,1,1,0,7,1,3,2,1,473,1,2,2,0
2187,9.62,91,0,3,0,0,0,1,2,1,2,2,1,1,0,0,3,0,2,1,1,24,1,2,1,0
2188,8.13,85,2,4,2,1,2,2,1,1,0,0,1,1,1,0,5,1,2,1,0,683,2,2,1,1
2189,7.95,95,1,4,1,1,2,1,2,2,1,0,1,1,0,0,3,1,1,2,1,221,1,1,0,0
2190,9.41,94,0,3,2,1,2,1,2,2,1,2,1,1,1,1,5,1,5,2,1,762,1,1,2,0
2191,7.89,95,1,4,1,2,2,2,1,1,2,1,1,1,0,0,4,0,1,2,0,308,1,2,1,0
2192,9.62,100,0,4,1,0,1,0,1,2,1,2,0,0,0,0,2,0,1,0,0,18,2,2,1,0
2193,9.67,96,0,3,0,0,0,0,2,1,2,1,0,0,0,0,2,0,2,0,0,52,2,1,1,2
2194,7.13,73,0,3,2,1,1,2,1,1,1,1,1,1,0,0,4,1,2,2,1,312,2,2,1,0
2195,7.29,82,0,4,2,2,2,2,2,2,1,1,1,1,1,0,8,1,2,2,1,541,1,2,0,0
2196,8.09,90,2,2,1,2,2,0,2,2,0,0,1,1,0,0,2,0,1,0,0,166,0,2,0,0
2197,8.49,96,0,4,0,0,1,0,2,2,2,1,0,0,0,0,0,0,2,1,0,12,1,1,1,0
2198,7.12,70,1,3,2,1,2,1,1,2,0,0,1,1,0,0,5,1,4,3,0,187,2,1,0,1
2199,7.84,89,0,3,1,0,1,1,2,1,0,0,1,1,0,0,4,0,1,3,0,440,0,2,1,0
2200,9.82,100,0,2,2,2,2,1,2,2,1,2,1,1,1,1,5,1,7,3,1,731,1,2,2,1
2201,8.26,90,0,4,2,2,2,2,2,1,2,2,1,1,1,1,6,0,2,1,1,458,2,2,0,0
2202,6.4,73,1,3,0,1,0,0,0,0,1,1,0,0,0,0,1,0,1,1,0,51,1,1,0,2
2203,7.19,79,0,3,2,2,2,1,1,2,2,0,1,1,0,0,5,0,4,0,1,108,1,1,1,0
2204,7.7,76,2,4,2,1,2,2,2,2,0,0,1,1,1,0,8,1,2,4,1,435,1,1,1,0
2205,7.52,82,0,4,2,0,1,1,1,1,1,1,1,1,0,0,4,0,1,3,0,299,1,1,0,0
2206,8.17,90,0,4,2,0,1,1,2,1,2,1,1,1,0,0,4,1,4,2,0,402,1,2,0,0
2207,8.89,100,0,4,2,1,2,1,2,2,1,2,1,1,1,1,8,1,6,3,1,552,1,2,1,1
2208,6.51,82,2,3,2,2,2,2,1,2,2,2,1,1,1,0,5,1,2,5,1,714,2,1,2,0
2209,6.68,80,1,4,2,1,2,1,1,2,0,1,1,1,1,0,6,0,2,5,1,763,1,2,0,0
2210,7.66,72,0,4,2,2,2,2,2,2,0,2,1,1,1,0,4,1,3,4,1,552,1,2,1,0
2211,8.39,94,2,4,2,1,1,2,1,1,0,2,1,1,0,0,5,0,4,2,0,376,2,2,1,0
2212,7.56,85,0,4,2,0,1,1,2,1,0,0,1,1,0,0,2,0,3,3,0,348,2,1,0,0
2213,5.7,83,3,3,1,0,0,1,0,0,0,0,0,0,0,0,0,0,0,1,0,51,0,1,1,2
2214,5.75,68,4,3,1,0,0,1,1,0,1,0,0,0,0,0,1,0,1,0,0,1,1,1,1,0
2215,6.07,79,3,2,1,0,0,0,1,1,1,1,0,0,0,0,1,0,0,1,0,26,0,0,1,2
2216,7.24,83,0,4,1,0,2,0,1,1,1,0,1,1,0,0,3,0,2,3,0,313,0,1,0,0
2217,5.91,62,3,4,0,1,1,1,1,0,0,0,0,0,0,0,2,0,1,0,0,51,0,1,0,2
2218,6.59,77,2,4,1,0,0,0,1,1,1,0,0,0,0,0,1,0,1,0,0,14,0,1,0,2
2219,8.68,86,1,3,2,2,1,1,1,1,2,2,1,1,1,1,6,0,3,2,0,338,1,1,2,0
2220,7.31,87,0,3,2,1,2,2,1,1,2,2,1,1,1,0,6,1,4,4,1,607,1,1,0,1
2221,7.22,72,1,4,2,2,2,1,2,1,2,0,1,1,1,0,5,1,3,3,1,599,1,1,2,0
2222,6.79,71,2,3,2,2,2,1,2,2,0,2,1,1,1,0,7,1,2,1,1,378,1,1,2,0
2223,8.15,72,2,2,2,2,2,2,2,2,0,1,1,1,1,0,8,0,3,2,0,712,1,2,0,1
2224,6.48,67,2,2,0,0,0,1,1,1,1,1,0,0,0,0,0,0,1,0,0,24,1,1,1,2
2225,8.77,96,0,3,0,1,0,1,2,1,2,1,1,1,0,0,2,1,2,0,0,27,1,1,0,2
2226,8.29,86,1,3,2,0,1,2,2,2,1,0,1,1,0,0,4,0,1,0,0,221,2,1,0,0
2227,9.09,82,1,4,1,1,2,1,1,1,1,2,1,1,1,1,7,1,2,3,0,643,1,1,0,0
2228,8.84,100,0,3,1,1,0,0,2,2,2,1,0,0,0,0,0,0,2,0,0,9,1,1,0,2
2229,8.22,95,1,4,1,2,2,2,1,1,2,2,1,1,0,0,2,0,4,2,0,428,0,1,1,0
2230,7.2,94,0,4,2,1,2,1,2,2,1,0,1,1,0,0,5,1,2,3,1,307,1,1,0,0
2231,8.36,95,2,3,2,0,2,2,1,2,0,2,1,1,0,0,4,1,4,0,1,301,1,2,0,1
2232,9.56,93,0,4,0,0,1,1,1,2,1,2,0,0,0,0,1,0,0,0,0,73,2,2,0,0
2233,6.59,89,1,4,2,1,2,2,1,1,1,2,1,1,1,0,8,1,4,1,0,429,1,1,1,0
2234,7.09,94,0,2,1,0,2,1,1,1,1,1,1,1,0,0,3,0,3,1,1,410,0,2,0,0
2235,8.17,88,1,4,2,2,2,1,2,1,2,2,1,1,1,0,4,1,1,1,1,503,2,2,1,1
2236,7.33,84,1,4,2,2,1,1,1,1,2,0,1,1,0,0,2,0,2,0,0,247,1,1,0,0
2237,6.89,81,4,3,1,0,1,1,0,1,1,0,0,0,0,0,0,0,0,1,0,3,0,0,1,2
2238,9.09,100,0,4,2,2,2,2,2,2,1,2,1,1,1,1,5,1,7,5,1,849,1,2,1,1
2239,7.74,78,0,4,2,1,2,2,2,2,2,2,1,1,1,0,7,0,2,3,1,391,2,1,2,1
2240,6.69,81,2,4,0,0,1,1,0,1,1,0,0,0,0,0,0,0,1,0,0,63,0,0,1,2
2241,7.95,96,0,2,1,2,2,2,1,2,1,2,1,1,1,1,4,1,2,4,1,503,1,2,2,0
2242,7.3,92,0,2,2,0,2,1,1,1,0,1,1,1,0,0,5,1,3,1,1,100,2,1,1,1
2243,8.19,85,0,4,2,1,2,2,2,1,1,2,1,1,1,1,7,1,3,3,1,259,2,1,0,0
2244,8.1,78,1,3,2,0,2,1,1,2,1,0,1,1,0,0,4,1,1,0,0,100,1,2,0,0
2245,7.33,94,2,3,1,1,1,1,2,1,1,0,1,1,0,0,5,1,2,1,1,228,1,2,0,0
2246,7.66,85,1,3,1,0,2,0,2,1,1,0,1,1,0,0,3,0,3,0,0,244,1,1,1,0
2247,9.19,94,0,4,1,2,2,1,2,2,2,1,1,1,1,1,7,0,3,4,0,419,1,1,0,0
2248,7.2,83,1,2,2,1,2,1,1,1,0,0,1,1,0,0,3,1,3,1,0,282,1,2,0,1
2249,8.85,82,1,4,1,2,2,1,2,2,1,1,1,1,1,1,7,1,2,3,0,619,2,1,2,1
2250,6.25,74,3,3,0,0,0,0,0,1,1,0,0,0,0,0,2,0,1,0,0,80,1,1,1,0
2251,6.99,77,2,3,2,1,2,2,2,2,2,1,1,1,1,0,7,1,3,2,1,467,1,2,1,1
2252,7.9,84,1,3,2,1,1,2,2,1,2,2,1,1,1,1,7,0,4,3,0,471,2,2,2,1
2253,7.13,86,0,3,2,0,1,1,1,1,2,1,1,1,0,0,5,1,2,0,1,377,1,1,1,0
2254,9.4,93,0,3,1,0,0,0,1,2,2,1,0,0,0,0,0,0,2,1,0,99,1,1,1,2
2255,9.07,94,0,4,0,0,1,0,2,1,2,2,1,1,0,0,2,1,2,0,0,98,1,2,0,0
2256,8.52,93,0,4,0,0,0,1,2,2,1,2,1,1,0,0,3,1,0,1,0,4,2,1,0,0
2257,9.26,89,0,4,2,1,2,1,2,2,2,2,1,1,1,1,6,1,5,3,1,525,1,2,2,1
2258,8.33,88,1,2,1,1,1,2,2,1,2,2,1,1,1,1,4,1,4,3,0,495,2,1,2,0
2259,6.59,73,2,2,2,1,2,1,1,2,0,2,1,1,1,0,4,1,3,5,0,792,1,2,1,0
2260,8.41,100,1,3,2,1,2,2,2,2,1,2,1,1,1,1,6,0,4,4,0,423,2,1,0,1
2261,7.87,79,2,4,1,0,2,0,1,2,1,1,1,1,0,0,2,1,1,3,0,384,1,2,1,0
2262,6.52,76,1,3,2,1,2,2,2,2,2,0,1,1,1,0,6,1,2,1,1,742,2,1,2,1
2263,8.23,90,0,4,2,1,1,2,2,2,2,2,1,1,1,1,5,0,3,4,0,418,2,1,1,0
2264,9.07,91,0,4,1,1,2,1,1,2,1,1,1,1,1,1,4,0,2,1,0,452,1,1,2,0
2265,9.44,92,0,4,2,2,2,1,2,2,1,2,1,1,1,1,8,1,5,4,1,897,2,1,2,1
2266,8.42,94,0,2,2,2,2,1,1,2,2,2,1,1,0,0,5,1,3,1,0,219,2,1,0,1
2267,7.83,82,2,3,2,1,1,1,2,2,0,2,1,1,0,0,5,0,4,2,0,224,1,2,1,0
2268,7.47,84,2,4,2,2,2,1,2,1,2,0,1,1,1,0,4,1,1,1,0,538,2,2,1,1
2269,8.19,80,1,3,2,2,2,1,1,1,2,2,1,1,1,0,5,1,2,3,0,435,2,1,2,0
2270,7.55,71,0,4,2,2,2,1,2,1,2,0,1,1,1,0,5,1,3,1,1,457,1,2,1,1
2271,8.43,73,2,4,1,1,2,2,2,2,2,2,1,1,0,0,5,0,4,1,1,320,0,2,0,0
2272,6.74,69,5,4,0,1,0,0,0,1,0,1,0,0,0,0,1,0,0,0,0,0,1,1,0,2
2273,8.39,76,1,4,1,0,2,0,2,2,1,0,1,1,0,0,3,1,1,1,0,229,1,1,0,0
2274,9.96,91,0,4,2,2,2,1,2,2,2,1,1,1,1,1,7,1,4,4,0,864,1,2,2,0
2275,5.73,84,4,3,0,1,1,1,1,0,1,0,1,1,0,0,3,0,0,1,1,14,1,0,1,0
2276,7.6,84,1,4,2,1,2,2,2,2,2,1,1,1,1,0,7,1,3,5,0,539,2,1,0,1
2277,9.43,99,0,4,2,1,2,1,2,2,2,1,1,1,1,1,5,1,4,3,1,851,1,1,2,0
2278,8.9,87,0,4,2,1,2,2,2,2,1,1,1,1,1,1,8,1,6,5,1,580,2,1,1,1
2279,5.5,79,1,4,0,0,0,0,0,1,0,1,0,0,0,0,0,0,0,1,0,67,1,1,1,2
2280,9.51,99,0,4,1,0,0,0,1,2,2,1,0,0,0,0,0,0,2,1,0,78,1,2,1,0
2281,7.31,83,2,3,1,2,2,0,2,1,0,2,1,1,0,0,3,1,4,3,1,138,2,1,1,0
2282,7.99,73,1,2,2,2,2,1,1,1,0,1,1,1,1,0,5,1,4,3,0,468,1,2,0,0
2283,9.65,87,0,3,2,2,2,2,2,2,1,1,1,1,1,1,5,1,4,4,0,552,2,1,1,1
2284,8.63,85,0,3,1,2,2,1,1,1,2,2,1,1,1,1,6,1,3,2,1,465,2,1,1,0
2285,6.71,77,2,4,1,0,0,1,1,1,1,1,0,0,0,0,2,0,1,0,0,32,0,1,0,2
2286,7.19,74,0,4,2,2,1,2,2,2,2,0,1,1,0,0,2,1,4,3,0,131,1,2,0,0
2287,9.05,94,0,3,0,0,0,0,1,2,1,1,0,0,0,0,2,0,2,1,0,86,2,2,0,2
2288,5.52,68,2,4,1,0,0,0,0,1,1,0,0,0,0,0,0,0,1,0,0,31,0,0,0,2
2289,7.71,93,2,3,2,1,1,1,1,1,1,2,1,1,0,0,4,1,1,0,0,357,2,1,1,0
2290,7.56,67,1,2,2,1,2,1,2,2,2,1,1,1,1,0,7,1,2,5,0,389,1,1,0,0
2291,9.53,89,0,3,2,2,2,2,2,2,2,2,1,1,1,1,6,1,6,5,0,571,2,1,1,1
2292,7.76,81,2,4,2,0,1,1,2,2,1,1,1,1,0,0,2,0,3,1,0,328,2,1,0,0
2293,7.14,76,0,4,2,1,2,1,2,2,2,2,1,1,1,0,6,0,3,2,1,401,1,2,1,1
2294,7.02,71,0,4,2,2,2,1,1,2,2,1,1,1,0,0,5,0,2,2,0,336,2,1,0,0
2295,6.15,72,2,3,0,0,0,1,1,1,1,0,0,0,0,0,0,0,1,1,0,8,0,0,1,2
2296,7.98,94,1,2,1,1,2,2,2,2,2,1,1,1,1,1,5,1,4,2,0,530,1,2,1,0
2297,8.51,83,1,4,1,2,2,1,1,2,2,2,1,1,1,1,7,0,3,4,0,311,1,1,1,0
2298,8.6,93,0,3,2,1,1,2,2,1,2,2,1,1,1,1,7,1,4,2,1,390,1,2,1,0
2299,9.1,91,0,2,1,0,1,0,2,2,2,1,0,0,0,0,1,0,2,1,0,11,0,2,0,0
2300,7.5,79,1,3,2,1,2,1,1,1,2,1,1,1,1,0,5,0,2,5,0,587,1,2,1,0
2301,7.71,67,0,2,2,1,2,2,1,1,1,0,1,1,1,0,6,1,3,5,0,377,1,1,2,0
2302,7.31,88,2,3,2,0,2,2,1,2,2,1,1,1,0,0,5,0,4,3,1,178,2,1,0,0
2303,6.66,75,0,3,2,1,2,2,2,1,1,1,1,1,1,0,7,1,2,1,0,725,2,2,1,1
2304,9.07,90,0,3,1,1,1,2,1,2,1,1,1,1,1,1,4,0,2,2,1,425,1,2,1,0
2305,9.16,92,1,3,1,1,2,2,1,1,1,2,1,1,1,1,6,1,5,4,1,269,1,1,0,0
2306,8.16,78,2,3,2,2,1,1,2,1,0,2,1,1,0,0,3,0,1,2,0,408,1,1,0,0
2307,7.88,90,0,4,2,0,2,1,1,1,0,0,1,1,0,0,5,1,3,1,0,276,1,2,1,0
2308,10.0,91,0,4,2,2,2,1,2,2,1,2,1,1,1,1,5,1,7,5,1,660,2,1,1,1
2309,7.95,76,1,3,2,0,2,2,1,2,2,1,1,1,0,0,5,1,2,0,0,397,1,1,0,1
2310,9.5,88,0,4,2,2,2,1,2,2,1,1,1,1,1,1,5,1,7,4,1,551,2,1,1,1
2311,9.78,95,0,2,0,1,1,1,1,2,1,2,0,0,0,0,0,0,2,0,0,84,2,2,0,2
2312,5.71,85,2,2,1,1,0,1,1,0,0,0,0,0,0,0,2,0,1,1,0,74,0,1,0,2
2313,7.33,89,1,3,2,2,2,1,1,1,0,2,1,1,1,0,6,0,3,1,1,742,2,1,2,1
2314,7.76,76,2,2,2,2,2,1,2,2,0,1,1,1,1,0,4,1,2,4,1,578,1,1,0,0
2315,7.79,77,2,3,1,1,1,2,2,2,0,1,1,1,0,0,3,0,1,3,1,354,0,2,1,0
2316,7.05,90,1,4,2,0,2,1,2,1,2,0,1,1,0,0,5,1,4,1,1,259,1,2,0,0
2317,9.15,95,0,3,2,2,1,1,2,2,2,2,1,1,1,1,7,1,3,4,1,294,2,1,0,0
2318,5.59,61,4,3,1,1,0,1,1,1,1,0,1,1,0,0,3,1,1,0,0,27,1,0,0,2
2319,8.05,79,0,4,1,0,1,2,1,2,0,2,1,1,0,0,3,1,1,2,0,444,1,1,1,0
2320,7.02,87,0,4,2,2,2,2,2,1,0,2,1,1,1,0,7,1,2,4,0,553,2,2,2,0
2321,5.92,61,4,2,1,1,1,0,1,0,1,0,0,0,0,0,0,0,0,0,0,70,1,1,0,2
2322,5.68,82,1,4,0,1,0,0,1,0,0,1,0,0,0,0,2,0,0,0,0,58,1,0,0,2
2323,9.07,90,0,2,2,2,2,2,2,2,1,1,1,1,1,1,5,1,7,5,1,555,1,2,2,1
2324,9.51,100,0,4,1,1,1,0,2,1,2,1,1,1,0,0,2,1,1,0,0,14,2,1,1,0
2325,7.9,71,0,3,2,2,2,1,2,2,2,1,1,1,1,0,7,1,3,4,0,536,1,1,2,0
2326,7.27,72,1,3,1,0,1,1,2,1,2,2,1,1,0,0,2,1,1,1,0,179,1,1,0,0
2327,8.87,96,0,3,2,1,2,1,1,1,2,2,1,1,1,1,5,1,3,4,1,403,2,1,2,1
2328,6.5,81,2,4,0,0,0,1,0,1,0,1,0,0,0,0,2,0,1,1,0,3,0,1,1,2
2329,7.22,68,2,4,2,1,2,1,2,1,1,2,1,1,1,0,5,1,2,2,0,765,2,1,1,0
2330,6.8,65,0,3,2,1,2,1,1,1,1,2,1,1,1,0,7,1,3,4,1,700,1,1,2,1
2331,7.99,99,0,2,1,1,1,1,1,2,2,2,1,1,1,1,7,1,5,3,0,518,2,1,0,0
2332,8.3,76,1,4,2,1,2,2,2,2,2,0,1,1,0,0,5,0,4,1,1,103,0,1,0,0
2333,8.39,99,0,3,1,2,2,2,1,1,1,1,1,1,1,1,6,1,2,2,1,271,1,2,1,1
2334,8.28,85,2,4,1,0,2,0,2,1,0,1,1,1,0,0,2,1,2,2,0,107,1,1,1,0
2335,7.96,67,0,4,2,1,2,1,2,2,2,0,1,1,1,0,8,1,4,1,1,780,2,2,2,0
2336,7.85,81,0,4,2,0,2,2,1,2,2,2,1,1,0,0,5,1,2,2,0,359,1,2,1,0
2337,8.03,66,2,4,2,2,2,2,2,1,2,1,1,1,1,0,8,1,2,4,1,483,2,2,1,1
2338,8.17,85,0,4,2,1,1,2,2,2,0,2,1,1,0,0,3,1,2,0,1,449,2,2,1,0
2339,6.56,77,3,2,1,1,0,1,0,1,0,0,0,0,0,0,1,0,0,0,0,79,0,1,0,2
2340,8.44,73,0,3,1,2,1,2,2,1,1,1,1,1,0,0,3,0,2,2,1,312,0,2,1,0
2341,7.9,68,1,3,2,1,2,2,2,1,1,0,1,1,1,0,5,1,3,5,0,749,1,2,2,1
2342,8.67,95,0,4,1,0,0,0,2,1,1,1,0,0,0,0,2,0,2,1,0,71,0,2,1,0
2343,5.89,75,5,4,1,1,0,1,1,1,0,0,0,0,0,0,1,0,0,0,0,34,1,1,0,0
2344,8.03,93,1,3,2,2,1,1,2,2,1,1,1,1,0,0,5,1,2,3,0,371,2,1,0,0
2345,9.82,96,0,4,2,1,2,2,2,2,1,2,1,1,1,1,5,1,3,2,1,585,2,2,1,1
2346,8.19,89,0,4,2,2,2,1,1,2,0,2,1,1,1,0,5,1,2,4,0,372,1,2,1,0
2347,8.18,82,0,4,2,1,2,2,2,1,2,2,1,1,1,1,7,1,5,2,0,607,2,1,1,1
2348,9.08,96,1,2,2,2,1,2,2,1,1,2,1,1,1,1,5,1,3,3,1,432,2,2,1,1
2349,8.5,94,0,4,2,2,2,2,2,2,1,1,1,1,1,1,7,1,3,2,0,649,1,1,0,1
2350,8.04,83,0,4,2,1,1,2,1,2,1,1,1,1,1,1,5,0,3,1,0,436,1,2,0,1
2351,8.34,76,2,3,1,0,1,2,1,1,0,0,1,1,0,0,3,0,1,0,0,377,0,2,0,2
2352,7.46,81,1,4,2,2,2,2,2,2,0,2,1,1,1,0,8,1,4,2,1,591,2,1,0,1
2353,6.6,71,1,3,1,1,0,1,0,0,0,0,0,0,0,0,2,0,0,1,0,35,1,1,0,2
2354,8.29,93,0,4,1,2,2,2,2,1,2,1,1,1,1,1,7,1,4,2,1,563,1,1,0,1
2355,7.9,68,2,3,2,2,2,2,1,1,0,2,1,1,1,0,8,1,2,1,1,569,2,2,1,1
2356,7.87,91,0,4,1,1,2,2,1,1,2,2,1,1,1,1,7,1,4,2,0,349,2,2,1,0
2357,6.91,79,1,3,2,2,2,2,2,2,2,0,1,1,1,0,4,0,2,1,1,536,1,1,2,0
2358,9.04,95,0,3,1,1,0,1,2,2,1,1,0,0,0,0,2,0,1,1,0,6,1,1,1,0
2359,7.49,69,2,4,2,1,2,1,1,1,2,2,1,1,1,0,4,1,1,3,1,454,1,2,0,0
2360,9.33,94,0,3,2,2,2,2,2,2,1,2,1,1,1,1,7,1,4,2,1,841,2,2,2,1
2361,9.09,98,0,2,1,0,0,0,2,1,1,2,0,0,0,0,1,0,0,0,0,106,2,1,0,2
2362,9.52,97,0,3,1,0,1,0,2,1,1,2,1,1,0,0,2,1,0,1,0,4,2,1,1,0
2363,8.34,75,0,2,1,0,1,0,1,1,1,0,1,1,0,0,5,1,4,1,1,154,2,2,1,0
2364,8.52,92,0,3,1,0,1,1,2,2,2,1,0,0,0,0,2,0,2,0,0,100,1,1,1,2
2365,8.11,77,1,3,1,0,2,1,2,2,1,2,1,1,0,0,3,1,3,0,0,279,1,2,0,0
2366,9.78,85,0,4,2,2,2,1,2,2,1,1,1,1,1,1,5,1,5,5,1,586,1,1,2,1
2367,8.72,91,0,4,0,1,1,1,2,1,1,1,0,0,0,0,1,0,1,0,0,83,0,2,0,2
2368,6.52,79,2,4,2,2,2,1,2,2,2,2,1,1,1,0,8,1,2,4,1,432,1,1,1,0
2369,8.7,83,0,3,1,2,2,2,2,2,2,1,1,1,1,1,7,0,4,3,0,403,1,2,2,1
2370,6.61,68,5,3,0,1,1,1,0,0,0,1,1,1,0,0,2,1,0,1,0,29,1,0,0,2
2371,6.14,71,3,2,0,0,0,0,1,0,1,1,0,0,0,0,0,0,0,0,0,11,1,0,1,2
2372,7.78,87,2,4,1,1,2,2,2,2,1,2,1,1,0,0,3,0,3,0,0,345,1,2,1,0
2373,7.08,89,1,3,1,1,2,0,1,1,2,0,1,1,0,0,4,0,4,1,1,434,0,1,1,0
2374,7.99,96,1,2,2,2,2,2,1,2,1,1,1,1,1,1,5,1,3,3,0,593,2,1,0,0
2375,7.22,66,2,3,2,1,2,2,2,2,1,2,1,1,1,0,4,1,3,4,1,777,2,1,1,1
2376,9.65,98,0,4,0,1,1,0,2,2,2,1,0,0,0,0,1,0,1,0,0,118,2,2,1,2
2377,8.87,94,0,2,0,1,1,1,1,1,1,2,0,0,0,0,1,0,1,0,0,94,0,1,0,2
2378,7.87,94,0,4,2,1,2,1,2,2,1,2,1,1,1,1,5,1,4,2,0,283,1,1,1,1
2379,8.01,77,1,3,2,1,2,1,1,1,1,1,1,1,1,0,8,1,2,4,0,709,1,1,0,0
2380,8.11,71,1,3,2,1,2,1,1,1,1,2,1,1,1,0,8,1,2,1,1,714,2,1,0,1
2381,8.02,88,0,3,1,0,1,1,2,1,2,1,1,1,0,0,5,1,2,2,1,132,1,2,1,2
2382,8.82,92,0,4,1,0,0,0,2,1,1,1,0,0,0,0,2,0,1,0,0,26,0,2,1,2
2383,7.68,87,1,3,2,0,1,1,2,2,1,0,1,1,0,0,3,0,1,0,1,449,1,1,1,0
2384,9.09,85,0,4,1,1,1,1,1,1,1,2,1,1,1,1,7,1,5,1,1,551,1,2,0,0
2385,8.9,91,0,3,2,1,2,2,2,2,1,1,1,1,1,1,7,1,7,2,1,754,1,2,1,1
2386,8.41,93,0,4,0,1,1,1,2,1,1,2,0,0,0,0,2,0,2,1,0,119,0,1,0,2
2387,5.79,79,5,2,1,1,1,0,0,1,1,1,0,0,0,0,1,0,1,0,0,62,1,0,0,2
2388,9.59,99,0,2,2,1,2,2,2,2,2,1,1,1,1,1,6,1,3,5,1,520,2,1,2,1
2389,8.65,86,0,2,2,2,1,1,2,2,2,1,1,1,1,1,5,1,4,3,1,370,2,1,2,1
2390,8.94,91,0,2,2,1,2,1,2,2,2,1,1,1,1,1,5,0,5,4,1,563,2,1,1,1
2391,8.46,85,0,3,2,1,1,2,1,1,2,1,1,1,1,1,5,1,2,4,0,331,1,2,1,1
2392,6.26,63,4,3,1,0,0,1,1,0,1,0,0,0,0,0,0,0,1,1,0,63,0,1,1,2
2393,7.91,91,1,4,2,1,2,1,2,1,2,2,1,1,0,0,5,0,2,1,0,255,1,1,1,0
2394,6.8,63,4,3,0,1,1,0,0,1,1,1,0,0,0,0,1,0,0,0,0,30,1,1,1,2
2395,8.66,93,0,4,0,0,0,0,2,2,2,1,0,0,0,0,2,0,1,1,0,81,1,2,0,2
2396,9.5,92,0,4,1,1,0,0,1,2,1,1,0,0,0,0,1,0,2,0,0,116,0,2,0,0
2397,5.84,59,2,4,0,1,1,1,1,1,0,1,0,0,0,0,0,0,1,0,0,28,0,1,0,2
2398,5.93,79,3,2,1,1,0,1,0,1,0,1,0,0,0,0,1,0,0,0,0,5,0,0,1,2
2399,8.79,98,1,4,2,2,2,1,1,1,1,2,1,1,1,1,7,1,3,1,1,631,1,2,0,1
2400,8.78,90,0,3,1,0,1,0,1,2,2,2,0,0,0,0,2,0,2,0,0,89,1,1,1,0
2401,6.28,78,2,2,0,1,1,1,0,1,1,0,0,0,0,0,2,0,0,0,0,20,0,1,0,2
2402,5.65,68,3,4,0,1,1,0,1,0,1,0,0,0,0,0,1,0,1,1,0,48,1,1,0,2
2403,8.69,88,0,4,1,2,2,2,1,2,2,1,1,1,1,1,6,0,3,1,0,272,1,1,1,0
2404,8.15,73,2,3,1,2,2,2,1,2,1,1,1,1,0,0,4,0,3,1,1,317,0,1,1,0
2405,9.56,90,0,2,1,0,1,0,2,2,1,1,0,0,0,0,2,0,0,0,0,79,2,1,1,2
2406,7.85,92,0,4,2,2,2,2,1,1,1,2,1,1,1,1,4,1,4,1,1,524,2,1,0,0
2407,8.2,75,1,4,2,1,1,2,2,1,0,1,1,1,0,0,3,0,4,2,0,341,1,2,0,0
2408,6.4,67,4,4,1,0,0,1,1,0,0,0,0,0,0,0,1,0,1,1,0,55,0,1,0,2
2409,8.07,86,0,4,2,2,2,1,2,1,0,2,1,1,0,0,4,1,2,3,1,144,1,1,1,0
2410,9.91,99,0,4,2,1,2,1,2,2,2,1,1,1,1,1,8,1,4,4,0,715,2,2,1,1
2411,9.39,94,0,4,0,0,0,0,1,2,2,1,0,0,0,0,1,0,0,0,0,74,0,2,1,2
2412,6.89,76,3,4,1,1,1,1,0,1,1,0,0,0,0,0,2,0,0,1,0,12,0,1,1,2
2413,6.55,75,0,4,2,1,2,1,1,2,0,0,1,1,1,0,7,1,2,5,0,503,1,1,0,0
2414,6.84,69,1,3,2,2,2,2,1,1,0,0,1,1,1,0,7,1,2,2,1,760,2,1,1,1
2415,9.18,95,1,4,2,2,2,2,2,1,1,2,1,1,1,1,6,1,2,1,0,561,2,2,0,1
2416,7.18,66,2,3,2,2,2,1,2,1,0,0,1,1,1,0,6,1,2,2,0,520,2,2,2,1
2417,8.36,84,0,2,2,1,2,1,1,1,2,0,1,1,0,0,4,1,2,3,1,182,1,1,0,0
2418,7.88,81,0,4,2,1,2,2,2,2,2,1,1,1,1,0,6,1,4,2,1,643,2,1,1,1
2419,7.97,71,2,3,2,1,2,2,2,2,1,2,1,1,1,0,5,1,2,4,1,425,2,2,2,1
2420,8.03,76,2,3,2,1,2,1,2,1,1,2,1,1,1,0,5,1,3,5,1,552,1,2,1,1
2421,7.67,86,1,3,2,0,2,1,2,1,1,1,1,1,0,0,5,1,4,0,0,199,2,1,1,0
2422,9.2,97,0,3,1,1,0,0,2,1,2,2,1,1,0,0,3,0,0,0,1,6,2,1,0,0
2423,7.59,86,0,4,2,1,2,2,1,1,2,2,1,1,1,0,4,1,1,4,0,575,2,1,0,0
2424,5.53,64,3,2,1,0,1,1,0,0,0,1,1,1,0,0,3,1,1,1,0,13,1,0,0,0
2425,8.9,92,0,3,0,1,1,0,2,2,2,1,0,0,0,0,1,0,1,0,0,100,2,1,0,2
2426,8.13,92,2,4,1,2,2,1,1,1,1,2,1,1,0,0,2,0,3,1,0,408,1,1,1,0
2427,9.55,87,0,2,2,2,2,2,2,2,1,2,1,1,1,1,5,1,4,3,1,817,2,2,2,1
2428,9.16,100,0,2,2,1,2,1,1,1,2,1,1,1,1,1,6,1,5,3,0,553,2,2,0,1
2429,8.17,79,0,2,1,1,1,2,2,2,2,2,1,1,0,0,5,1,2,1,1,189,1,2,1,0
2430,6.33,82,3,3,0,1,1,0,0,1,1,0,0,0,0,0,1,0,0,0,0,29,0,0,0,2
2431,6.51,67,0,4,2,1,2,1,2,1,0,1,1,1,1,0,6,0,2,5,1,587,1,1,0,0
2432,9.22,87,0,3,2,2,2,2,2,2,2,1,1,1,1,1,6,1,4,5,0,672,2,1,2,1
2433,6.55,76,0,4,2,2,2,1,2,1,1,1,1,1,1,0,8,0,3,1,1,737,2,1,1,1
2434,8.04,67,2,4,2,2,2,1,1,1,1,2,1,1,1,0,8,1,4,1,1,495,1,1,1,1
2435,7.18,73,1,3,2,1,2,1,2,1,2,0,1,1,0,0,4,0,3,2,1,155,0,1,1,0
2436,8.62,90,0,4,1,0,1,0,2,1,2,1,0,0,0,0,0,0,2,0,0,65,2,2,0,2
2437,8.44,80,1,3,2,0,1,2,1,1,0,1,1,1,0,0,3,0,4,3,0,285,1,1,1,0
2438,8.81,99,0,4,2,2,1,1,2,1,1,2,1,1,1,1,7,0,4,1,0,397,1,1,0,0
2439,7.15,85,1,3,2,1,2,1,1,1,2,0,1,1,0,0,4,1,3,3,1,367,1,1,1,0
2440,9.08,91,1,4,1,1,2,2,1,1,1,1,1,1,1,1,5,1,5,1,1,408,1,2,2,1
2441,7.43,68,2,4,2,2,2,1,1,1,1,1,1,1,1,0,8,0,2,1,1,401,1,2,0,0
2442,9.04,88,0,4,2,2,2,1,2,2,2,2,1,1,1,1,8,1,7,2,1,760,2,2,2,1
2443,8.18,88,1,4,2,1,2,1,1,2,0,1,1,1,0,0,3,1,3,0,0,369,1,2,1,0
2444,8.27,82,0,4,2,2,2,2,2,2,1,1,1,1,1,1,6,1,5,2,1,475,1,2,1,0
2445,6.64,76,2,3,2,2,2,2,1,2,0,1,1,1,1,0,6,0,2,5,1,770,1,1,0,0
2446,8.28,80,2,4,1,2,1,1,2,2,0,0,1,1,0,0,2,1,2,2,0,133,1,2,0,0
2447,8.51,97,0,4,1,1,1,0,2,1,1,2,0,0,0,0,0,0,1,1,0,77,0,2,1,0
2448,8.5,96,0,4,0,0,0,0,1,1,1,2,1,0,0,0,3,1,2,0,0,105,1,1,1,0
2449,7.95,85,0,4,1,1,1,2,1,2,2,1,1,1,1,1,7,1,4,2,1,544,1,1,1,1
2450,8.97,97,0,2,2,2,2,1,2,2,1,1,1,1,1,1,8,1,7,4,1,753,2,2,2,1
2451,9.18,98,1,4,1,1,2,2,1,2,2,2,1,1,1,1,6,1,5,1,1,409,2,1,1,1
2452,7.02,92,1,4,2,2,2,2,1,1,0,0,1,1,0,0,4,0,3,2,1,184,2,1,0,0
2453,8.14,84,0,4,2,1,2,1,2,1,0,0,1,1,0,0,5,0,3,3,0,317,2,1,1,0
2454,8.05,83,1,4,2,1,2,1,1,1,2,1,1,1,1,0,4,0,3,2,0,511,1,2,2,0
2455,8.41,92,0,4,1,2,2,2,1,1,2,2,1,1,1,1,7,1,3,1,1,601,1,1,1,1
2456,7.86,96,1,4,2,1,1,2,1,1,1,1,1,1,1,1,6,1,5,3,1,511,2,2,0,1
2457,7.17,86,1,3,2,0,1,2,1,2,1,0,1,1,0,0,4,1,1,2,0,430,2,2,1,0
2458,7.43,78,1,2,1,1,2,0,2,1,0,1,1,1,0,0,3,0,3,2,0,402,2,2,1,0
2459,8.29,72,1,4,2,1,2,1,1,1,1,2,1,1,0,0,5,1,2,2,1,257,1,2,1,0
2460,8.07,82,2,4,2,1,2,2,1,2,2,1,1,1,1,0,5,0,4,1,0,643,1,2,2,0
2461,8.93,87,0,4,2,2,2,1,2,2,2,2,1,1,1,1,6,1,6,5,1,726,1,1,1,1
2462,7.08,93,1,4,2,1,2,2,1,1,1,2,1,1,0,0,4,1,1,0,0,282,2,2,0,0
2463,8.41,93,0,3,1,1,0,1,2,2,2,1,0,0,0,0,2,0,0,0,0,25,1,2,0,2
2464,8.67,93,0,3,1,0,1,1,1,1,1,1,0,0,0,0,2,0,1,0,0,20,2,1,1,0
2465,8.85,91,1,4,2,1,2,2,1,1,1,1,1,1,1,1,6,0,5,4,0,421,1,2,0,0
2466,5.57,62,1,3,1,0,0,1,1,0,1,1,0,0,0,0,1,0,0,1,0,68,1,1,0,2
2467,8.9,92,0,2,1,1,1,0,2,1,2,1,0,0,0,0,0,0,1,0,0,55,2,2,1,0
2468,8.96,92,0,4,2,1,2,2,2,2,2,1,1,1,1,1,8,1,4,5,0,814,2,1,2,1
2469,9.52,91,0,3,1,1,0,0,1,1,1,1,1,0,0,0,3,0,0,1,1,56,0,2,1,2
2470,7.58,91,1,3,2,2,2,2,2,2,0,2,1,1,0,0,4,0,4,0,1,260,2,1,0,0
2471,7.49,77,2,3,1,1,1,1,2,1,0,1,1,1,0,0,5,1,2,2,1,205,1,1,0,2
2472,6.29,82,4,3,0,1,1,0,1,1,0,0,1,1,0,0,3,0,0,1,1,15,0,0,1,2
2473,8.24,92,1,4,1,2,2,2,1,1,2,1,1,1,1,1,4,1,4,4,0,432,2,2,1,0
2474,6.32,68,1,4,1,0,0,1,1,0,0,0,0,0,0,0,1,0,1,0,0,34,1,0,1,2
2475,8.67,97,0,4,1,1,2,1,2,1,1,1,1,1,1,1,6,0,4,4,0,327,2,1,2,0
2476,7.7,77,0,4,1,2,2,1,1,1,0,2,1,1,0,0,3,1,4,0,1,434,2,2,1,1
2477,6.74,85,2,3,2,1,2,2,2,1,0,0,1,1,1,0,5,1,3,3,0,695,2,2,2,1
2478,5.63,76,5,3,1,0,1,1,0,0,1,1,0,0,0,0,2,0,0,1,0,11,0,1,1,2
2479,6.28,64,2,2,1,0,1,0,0,1,0,0,0,0,0,0,2,0,0,1,0,21,1,0,1,2
2480,7.22,89,1,3,2,1,2,1,2,2,1,2,1,1,1,0,8,1,2,5,1,630,2,2,0,1
2481,9.61,98,0,2,2,2,2,2,2,2,1,2,1,1,1,1,5,1,3,2,1,539,1,1,2,1
2482,8.73,95,1,3,2,2,2,2,1,1,2,2,1,1,1,1,5,0,3,2,0,583,1,2,0,1
2483,6.17,83,2,4,1,1,1,0,0,1,0,0,0,0,0,0,2,0,0,0,0,13,1,1,1,2
2484,8.96,94,0,4,2,1,2,1,2,2,1,2,1,1,1,1,6,1,3,3,1,561,1,1,2,1
2485,9.21,96,0,4,2,1,2,1,2,2,1,2,1,1,1,1,7,1,5,5,1,779,1,1,2,1
2486,6.54,90,0,3,2,2,2,2,2,1,2,2,1,1,1,0,6,1,2,2,1,712,2,2,0,1
2487,8.44,96,0,4,1,1,1,0,1,1,2,2,0,0,0,0,1,0,0,1,0,107,2,1,0,0
2488,7.57,75,1,3,2,2,2,2,2,2,1,1,1,1,1,0,6,0,2,3,1,611,1,2,1,0
2489,8.08,81,2,4,2,1,2,2,1,2,2,0,1,1,1,0,4,1,4,1,0,613,2,1,1,1
2490,7.14,76,0,3,2,2,2,2,2,2,2,1,1,1,1,0,6,1,3,5,0,471,1,2,1,0
2491,7.25,71,2,3,2,2,2,1,2,2,2,2,1,1,0,0,5,0,2,1,0,216,2,2,0,1
2492,7.08,88,0,4,2,2,1,1,2,2,0,2,1,1,0,0,4,0,3,1,0,100,2,1,1,0
2493,8.44,98,0,3,0,0,1,0,2,1,2,2,0,0,0,0,2,0,1,1,0,54,1,2,1,2
2494,5.96,83,3,3,1,0,1,0,1,1,1,0,0,0,0,0,1,0,0,0,0,63,1,1,0,2
2495,7.89,89,0,2,1,2,2,0,1,1,2,0,1,1,0,0,4,1,3,0,0,337,1,1,0,0
2496,6.95,90,0,3,2,2,2,2,1,2,2,1,1,1,1,0,7,1,3,5,1,693,2,2,0,1
2497,7.18,88,0,2,2,1,2,2,1,1,2,2,1,1,1,0,5,1,2,4,0,791,2,2,0,0
2498,7.86,90,0,2,2,2,2,1,1,1,1,0,1,1,1,0,8,1,3,5,0,562,2,1,0,0
2499,9.12,97,0,4,2,2,2,2,2,2,2,2,1,1,1,1,6,1,4,4,1,795,2,2,1,1
2500,8.32,79,0,3,1,1,1,0,1,2,0,1,1,1,0,0,2,0,1,3,0,282,0,1,0,0
2501,6.58,65,0,4,2,1,2,1,1,2,2,1,1,1,1,0,6,1,3,2,1,645,1,2,2,1
2502,8.82,90,0,3,2,2,1,1,1,2,1,1,1,1,1,1,4,1,5,2,0,464,2,1,0,0
2503,8.13,95,1,4,1,1,2,2,2,2,2,1,1,1,1,1,5,1,2,2,1,276,1,2,1,0
2504,5.54,74,4,4,1,0,1,1,0,0,0,1,0,0,0,0,2,0,0,0,0,4,0,1,0,2
2505,8.13,89,1,4,1,1,1,1,1,1,1,2,1,1,1,1,7,1,5,2,0,255,1,2,0,0
2506,9.12,99,0,4,1,0,1,0,1,1,1,1,0,0,0,0,1,0,0,0,0,0,1,2,0,0
2507,8.18,73,2,4,1,1,1,0,1,2,2,2,1,1,0,0,2,0,2,0,0,120,0,2,1,2
2508,8.39,95,1,4,2,2,1,1,2,2,1,1,1,1,0,0,3,0,2,2,0,152,1,1,1,0
2509,5.52,57,4,2,0,1,1,1,0,0,1,1,0,0,0,0,2,0,0,1,0,14,1,1,0,2
2510,6.82,72,1,3,2,2,2,2,1,1,2,1,1,1,1,0,7,1,4,1,1,666,2,1,1,1
2511,7.24,76,0,4,2,1,2,1,1,1,2,2,1,1,1,0,8,1,4,4,0,747,1,2,1,1
2512,8.48,81,2,4,1,1,1,0,1,1,1,0,1,1,0,0,3,1,1,0,1,166,2,1,0,0
2513,6.41,61,2,3,0,1,1,0,0,1,1,1,0,0,0,0,0,0,1,1,0,60,0,1,1,2
2514,8.12,92,1,2,1,2,1,1,1,2,1,2,1,1,1,1,7,1,4,3,0,561,2,1,1,0
2515,9.5,96,0,3,1,0,0,0,1,2,1,1,0,0,0,0,2,0,1,0,0,11,0,1,0,2
2516,8.38,79,2,2,2,0,1,1,1,2,1,2,1,1,0,0,5,0,2,1,0,141,0,2,1,0
2517,7.34,88,0,3,1,1,2,2,2,1,1,1,1,1,0,0,5,1,2,1,1,224,1,1,0,0
2518,6.51,76,2,2,2,2,2,1,2,2,1,1,1,1,1,0,6,1,2,2,1,533,1,1,1,0
2519,8.87,86,0,4,2,1,2,2,2,2,2,1,1,1,1,1,6,0,2,2,0,611,1,1,2,0
2520,7.32,79,1,4,2,2,2,2,1,1,2,1,1,1,1,0,7,0,4,1,1,621,1,2,2,0
2521,8.72,93,0,4,1,0,1,0,1,1,2,2,1,1,0,0,4,1,2,0,0,105,2,1,0,0
2522,8.42,91,0,2,1,0,0,0,1,2,1,1,1,1,0,0,2,1,2,1,0,2,1,2,1,2
2523,7.68,69,1,4,2,2,2,2,1,2,2,0,1,1,1,0,6,1,2,3,0,470,2,1,2,0
2524,8.0,77,1,4,2,1,1,1,1,1,2,0,1,1,0,0,5,0,2,3,0,175,1,1,0,0
2525,7.44,81,2,3,2,1,2,1,2,2,0,0,1,1,1,0,5,0,2,5,0,601,2,1,1,0
2526,7.9,88,0,4,1,2,1,1,1,1,1,1,1,1,1,1,7,1,4,3,1,410,2,2,1,0
2527,9.34,99,0,2,1,1,0,0,1,1,2,2,0,0,0,0,0,0,1,0,0,40,0,2,1,2
2528,8.05,79,0,2,1,1,1,0,2,2,1,2,1,1,0,0,2,0,3,1,0,250,2,1,1,2
2529,8.46,92,0,4,0,1,1,0,2,1,2,2,0,0,0,0,1,0,0,0,0,39,0,2,0,2
2530,8.23,82,0,3,2,2,1,2,1,1,2,1,1,1,1,1,6,1,5,3,0,423,1,2,2,1
2531,6.94,58,1,3,1,0,0,0,1,1,1,0,0,0,0,0,2,0,1,0,0,63,0,1,1,2
2532,9.62,93,0,3,0,1,1,0,1,2,2,2,0,0,0,0,0,0,2,0,0,58,1,2,1,2
2533,6.65,80,0,2,2,1,2,2,1,2,1,0,1,1,1,0,8,1,2,4,1,687,1,2,1,1
2534,6.62,88,1,4,2,2,2,1,2,2,0,1,1,1,1,0,5,1,2,2,1,775,2,2,1,1
2535,8.03,70,1,4,2,2,2,1,1,1,1,0,1,1,0,0,3,0,1,2,0,188,0,2,1,0
2536,9.83,95,0,3,2,1,2,2,2,2,2,1,1,1,1,1,8,1,4,5,1,839,2,2,2,1
2537,8.32,81,0,4,1,1,2,1,2,2,2,1,1,1,1,1,6,1,3,4,1,265,2,1,1,0
2538,8.62,99,0,4,1,0,1,1,1,2,2,2,1,1,0,0,3,1,1,0,0,5,1,2,0,0
2539,9.99,97,0,4,2,2,2,1,2,2,1,2,1,1,1,1,6,1,5,3,1,790,2,1,2,1
2540,8.78,83,0,3,1,1,1,1,1,2,1,2,1,1,1,1,7,1,4,1,0,285,1,2,2,0
2541,8.15,93,1,4,1,2,1,1,1,2,2,2,1,1,1,1,5,1,5,4,0,337,1,1,0,0
2542,7.79,74,1,4,2,2,2,1,2,1,2,1,1,1,0,0,3,1,2,0,1,423,1,2,1,0
2543,7.63,83,1,4,2,1,2,2,1,1,0,1,1,1,1,0,8,1,2,1,1,736,1,2,1,1
2544,8.95,91,0,3,1,0,0,0,2,1,1,2,0,0,0,0,0,0,1,0,0,15,1,2,1,0
2545,9.74,95,0,2,0,1,1,1,1,1,1,1,1,0,0,0,2,1,0,0,0,16,1,1,1,0
2546,7.8,75,2,4,2,2,2,2,2,2,0,2,1,1,1,0,5,1,2,2,0,464,2,2,0,0
2547,5.96,78,4,4,0,0,1,1,1,0,0,0,0,0,0,0,2,0,1,0,0,53,1,0,1,2
2548,8.6,93,0,2,1,1,2,2,2,1,1,2,1,1,1,1,4,1,4,4,0,617,2,1,1,0
2549,8.55,89,0,2,2,2,2,1,2,2,1,2,1,1,1,1,5,0,4,3,1,388,2,1,2,0
2550,8.25,94,2,3,1,0,1,1,1,2,0,2,1,1,0,0,5,1,2,1,1,320,2,2,1,0
2551,8.93,82,1,2,1,2,1,1,1,2,2,1,1,1,1,1,4,1,4,3,0,265,2,2,1,0
2552,9.46,100,0,3,1,1,1,1,2,1,2,2,1,0,0,0,2,1,0,1,0,33,1,2,1,0
2553,7.2,90,2,3,2,1,2,1,2,1,1,1,1,1,1,0,8,0,4,1,1,518,1,2,1,0
2554,9.56,94,0,4,1,1,1,1,1,2,2,1,0,0,0,0,0,0,0,1,0,71,2,2,0,0
2555,8.59,82,0,2,2,2,2,2,2,1,1,1,1,1,1,1,5,1,2,1,0,352,1,2,1,0
2556,8.43,91,2,2,2,2,1,2,1,2,2,0,1,1,0,0,5,0,2,1,0,316,0,1,1,0
2557,9.16,87,1,2,2,1,2,2,1,2,2,2,1,1,1,1,7,1,2,3,1,554,1,2,2,1
2558,7.37,86,1,3,1,2,2,0,2,1,2,0,1,1,0,0,2,0,3,1,0,367,0,1,1,0
2559,8.83,97,0,4,2,2,2,2,2,2,1,2,1,1,1,1,6,1,7,2,0,461,2,1,1,0
2560,7.41,78,1,4,1,1,2,2,1,2,0,2,1,1,0,0,4,1,4,2,0,289,2,1,0,0
2561,7.76,86,0,4,2,1,2,2,1,2,1,1,1,1,1,0,6,1,2,1,1,382,2,2,1,1
2562,7.33,72,0,4,2,2,1,1,2,1,1,1,1,1,0,0,3,0,4,1,0,249,1,2,1,0
2563,5.73,76,3,3,0,1,0,0,1,0,0,0,0,0,0,0,2,0,0,0,0,28,1,0,0,2
2564,8.15,85,2,4,2,1,2,2,1,2,2,2,1,1,1,0,7,0,3,2,1,602,2,1,1,1
2565,8.21,81,0,3,2,0,1,2,1,2,1,1,1,1,0,0,4,1,2,0,1,138,2,2,0,0
2566,7.72,72,0,4,2,1,1,2,1,1,1,2,1,1,0,0,4,1,2,2,0,369,2,1,1,1
2567,7.93,87,1,4,2,2,2,2,1,2,0,1,1,1,1,0,5,1,2,2,1,409,2,1,0,1
2568,9.05,94,1,3,1,1,2,2,2,2,2,2,1,1,1,1,4,1,5,2,0,282,2,2,2,0
2569,6.68,84,1,4,2,2,2,1,1,1,2,2,1,1,1,0,8,0,2,5,0,573,2,2,2,1
2570,6.73,72,0,3,2,1,2,2,2,2,1,0,1,1,1,0,6,1,3,2,0,744,1,1,1,1
2571,8.19,70,2,4,2,1,2,2,1,1,1,0,1,1,1,0,4,0,2,2,0,430,1,1,0,0
2572,8.99,88,0,3,2,2,2,1,2,2,2,2,1,1,1,1,8,1,5,5,0,806,2,1,1,1
2573,8.89,87,1,3,1,1,1,1,2,2,2,2,1,1,1,1,7,0,4,3,0,342,2,2,1,0
2574,8.27,88,1,4,1,0,1,1,2,2,2,0,1,1,0,0,2,1,4,1,0,444,2,1,1,0
2575,7.12,88,2,3,1,2,2,1,2,2,1,0,1,1,0,0,3,1,4,2,0,224,2,2,1,0
2576,6.33,78,1,2,0,0,0,0,0,1,0,0,0,0,0,0,1,0,0,1,0,68,0,0,1,2
2577,7.66,79,1,4,2,2,2,2,2,1,2,2,1,1,1,0,6,1,4,2,1,385,2,1,0,1
2578,8.31,82,1,3,2,1,2,1,1,1,1,1,1,1,1,1,4,0,5,4,0,492,2,1,1,0
2579,9.14,80,0,4,2,2,1,1,2,1,2,2,1,1,1,1,7,1,5,1,0,478,1,2,2,1
2580,8.06,84,0,3,1,2,2,0,2,1,0,0,1,1,0,0,5,1,3,1,0,416,2,1,1,0
2581,6.22,67,2,3,1,0,1,1,1,0,0,0,0,0,0,0,1,0,1,0,0,33,1,0,1,2
2582,5.58,61,3,3,1,1,1,0,0,0,1,1,0,0,0,0,1,0,0,0,0,52,1,1,0,2
2583,9.57,85,0,2,2,1,2,2,2,2,1,2,1,1,1,1,8,1,5,4,0,578,2,2,2,1
2584,9.08,92,1,2,1,2,2,2,2,1,1,1,1,1,1,1,4,0,3,3,1,308,2,2,0,0
2585,8.67,92,0,4,1,0,0,1,2,1,1,1,0,0,0,0,2,0,1,1,0,19,0,1,0,2
2586,7.88,77,1,2,2,1,1,2,1,2,2,1,1,1,0,0,4,0,3,0,0,260,2,2,1,1
2587,9.61,89,0,4,2,1,2,2,2,2,2,1,1,1,1,1,8,1,4,2,0,781,1,2,1,1
2588,9.86,89,0,4,2,1,2,2,2,2,2,2,1,1,1,1,8,1,5,5,0,774,1,1,2,1
2589,7.16,84,1,4,1,1,1,2,2,1,1,0,1,1,0,0,4,0,1,1,0,251,0,2,0,0
2590,8.26,82,0,3,1,0,2,0,1,2,1,0,1,1,0,0,5,0,3,1,0,355,2,2,1,0
2591,7.79,80,1,3,2,0,1,1,1,2,1,2,1,1,0,0,4,0,2,0,0,330,2,2,0,0
2592,5.85,78,3,4,1,0,1,0,0,1,1,1,0,0,0,0,2,0,0,1,0,38,1,0,0,2
2593,6.52,58,5,4,1,0,1,1,0,1,0,1,0,0,0,0,0,0,1,1,0,63,0,0,0,2
2594,8.5,81,0,4,2,2,1,1,2,1,1,2,1,1,1,1,5,1,2,2,0,383,1,1,2,0
2595,8.45,76,2,3,2,1,1,1,1,2,0,1,1,1,0,0,5,1,3,0,0,173,1,1,1,0
2596,9.59,94,0,2,2,1,2,1,2,2,1,2,1,1,1,1,6,1,3,3,0,822,1,1,2,1
2597,7.17,77,2,2,1,2,2,2,2,1,2,2,1,1,0,0,2,1,3,2,0,129,1,1,1,0
2598,9.12,83,0,3,1,1,2,1,1,1,1,2,1,1,1,1,6,1,2,3,0,356,1,2,1,0
2599,8.34,91,2,3,1,0,2,0,2,2,2,1,1,1,0,0,5,0,3,2,0,289,1,2,1,0
2600,6.26,62,4,4,1,1,1,0,0,1,1,0,0,0,0,0,2,0,0,0,0,77,0,1,0,2
2601,5.68,85,2,3,1,1,1,1,0,1,0,0,0,0,0,0,2,0,0,0,0,40,0,0,0,2
2602,7.51,76,0,3,2,2,2,2,1,1,0,2,1,1,1,0,7,1,2,4,1,578,1,1,1,1
2603,8.25,80,0,4,1,0,2,0,2,2,0,1,1,1,0,0,4,1,4,1,0,272,1,2,1,0
2604,7.09,80,0,3,2,2,2,1,2,2,2,0,1,1,1,0,6,0,4,2,1,487,1,2,2,0
2605,7.28,92,2,4,2,1,1,1,2,1,1,2,1,1,0,0,4,0,1,3,0,341,0,1,0,0
2606,7.05,76,1,3,2,2,2,2,1,2,1,0,1,1,1,0,6,1,2,1,1,495,1,1,1,1
2607,7.16,76,1,4,2,1,2,1,1,1,0,0,1,1,0,0,5,1,2,1,0,352,1,2,0,0
2608,5.75,65,5,3,1,1,0,0,1,0,1,1,0,0,0,0,0,0,0,0,0,22,0,1,0,2
2609,8.18,76,1,3,2,1,2,1,1,2,2,1,1,1,1,0,7,1,4,4,1,470,2,2,0,1
2610,7.39,81,0,4,2,2,2,1,1,1,1,1,1,1,1,0,5,1,3,2,0,642,1,1,2,1
2611,7.13,76,2,2,2,1,2,2,1,2,2,0,1,1,1,0,7,1,4,1,0,792,2,1,0,1
2612,6.89,78,0,4,2,2,2,1,2,2,1,0,1,1,1,0,5,0,3,4,1,798,2,1,2,1
2613,8.83,83,0,3,1,1,2,1,1,1,2,1,1,1,1,1,6,1,5,3,1,611,1,2,1,1
2614,7.72,87,1,3,2,2,2,2,2,1,0,2,1,1,1,0,7,1,2,3,1,686,1,2,2,1
2615,7.88,79,1,4,2,2,2,1,1,2,2,1,1,1,1,0,8,1,2,4,1,364,1,1,1,0
2616,6.18,83,1,2,0,1,0,1,1,0,0,0,0,0,0,0,2,0,1,1,0,21,1,1,1,2
2617,5.55,62,4,4,1,1,1,1,1,0,1,0,0,0,0,0,1,0,0,1,0,17,1,1,0,2
2618,9.66,97,0,4,2,2,2,1,2,2,1,2,1,1,1,1,8,0,6,5,1,842,2,2,2,1
2619,7.62,72,0,2,2,2,2,2,1,1,1,2,1,1,1,0,4,1,1,4,0,689,2,1,2,0
2620,7.92,80,1,3,1,1,1,1,1,2,1,2,1,1,1,1,7,1,4,3,1,460,2,2,1,0
2621,7.4,82,0,3,2,1,2,1,2,2,1,0,1,1,1,0,4,1,3,4,1,461,1,1,2,0
2622,7.58,79,1,4,2,1,1,2,2,1,0,1,1,1,0,0,5,0,4,3,0,408,2,1,0,0
2623,7.98,87,0,2,1,0,1,0,2,1,0,1,1,1,0,0,2,0,3,2,0,266,1,1,0,0
2624,7.35,94,2,2,1,2,2,2,2,2,1,0,1,1,0,0,5,1,2,1,0,137,2,2,1,0
2625,8.28,77,2,2,2,2,2,1,1,1,2,2,1,1,0,0,4,1,1,2,1,108,1,2,0,1
2626,9.86,95,0,3,2,1,2,1,2,2,2,1,1,1,1,1,6,1,3,4,0,552,2,1,2,1
2627,7.14,80,2,3,2,1,1,1,2,1,2,2,1,1,0,0,4,1,1,0,0,288,1,1,0,0
2628,5.52,57,2,3,1,1,1,1,1,0,1,1,0,0,0,0,0,0,0,1,0,14,1,0,0,2
2629,7.66,68,1,2,2,2,2,2,2,2,2,1,1,1,1,0,5,1,2,2,1,361,2,2,0,1
2630,8.58,91,0,2,2,2,1,2,2,1,1,1,1,1,1,1,7,1,5,2,1,295,2,2,1,1
2631,8.26,89,1,4,1,1,2,2,1,1,1,2,1,1,1,1,6,1,2,4,1,618,1,2,0,1
2632,8.58,86,1,3,2,1,2,1,2,1,1,1,1,1,1,1,5,1,2,2,0,648,2,2,0,1
2633,7.88,95,0,4,1,1,2,1,1,1,2,1,1,1,1,1,5,1,3,3,0,483,1,1,2,0
2634,8.17,88,0,4,2,1,1,1,1,2,1,1,1,1,0,0,3,0,1,0,1,376,2,1,0,0
2635,7.54,68,1,2,2,1,2,1,1,2,0,0,1,1,1,0,5,0,2,1,0,416,1,2,0,1
2636,6.26,85,5,3,0,1,1,1,1,1,1,1,0,0,0,0,0,0,0,0,0,0,0,0,1,2
2637,10.0,95,0,3,2,2,2,2,2,2,1,2,1,1,1,1,5,1,7,4,1,794,1,1,2,1
2638,6.99,69,2,3,2,2,2,1,1,2,0,1,1,1,1,0,5,1,4,3,1,724,2,2,0,1
2639,7.72,79,1,2,2,1,2,2,1,2,0,1,1,1,1,0,5,1,3,5,1,552,2,1,2,1
2640,6.74,85,5,4,1,0,0,0,1,1,1,1,0,0,0,0,1,0,1,1,0,38,0,1,0,2
2641,7.11,91,0,3,2,0,1,1,1,2,2,0,1,1,0,0,5,1,3,2,0,392,1,2,1,0
2642,7.86,88,1,4,2,2,2,1,2,1,1,2,1,1,1,0,5,0,3,2,1,384,2,2,0,1
2643,8.97,97,0,4,1,0,1,0,2,2,2,1,1,0,0,0,2,1,2,1,0,6,2,1,0,2
2644,8.52,83,0,2,2,2,2,1,1,2,1,1,1,1,1,1,5,1,3,3,0,340,1,2,1,0
2645,9.08,87,1,4,1,1,1,1,2,1,1,2,1,1,1,1,6,1,3,1,1,500,2,1,1,0
2646,8.6,89,0,4,2,2,2,2,2,1,2,2,1,1,1,1,5,0,2,2,1,450,2,2,0,1
2647,8.27,87,2,3,2,2,1,1,1,1,1,1,1,1,0,0,3,1,1,3,1,400,2,2,0,0
2648,8.63,91,0,4,1,1,1,0,1,1,2,1,0,0,0,0,1,0,1,1,0,92,0,1,0,2
2649,8.19,89,0,4,1,2,1,1,1,1,2,2,1,1,1,1,7,1,3,1,1,519,2,2,2,1
2650,6.77,79,0,3,2,1,2,2,1,2,2,2,1,1,1,0,6,1,2,1,1,692,1,2,2,1
2651,8.14,86,2,4,1,1,1,0,1,1,1,0,1,1,0,0,4,0,2,2,1,137,0,2,1,2
2652,5.57,64,5,3,0,0,0,1,1,0,1,0,0,0,0,0,2,0,0,1,0,21,1,1,1,2
2653,6.33,66,2,4,0,0,0,1,1,1,0,1,0,0,0,0,2,0,1,0,0,38,0,0,1,2
2654,7.61,82,2,4,2,2,2,2,1,1,0,1,1,1,1,0,6,1,3,4,0,658,1,2,1,1
2655,6.4,68,4,2,1,1,0,0,0,0,0,0,0,0,0,0,1,0,0,0,0,70,0,1,0,2
2656,7.87,88,0,2,2,2,2,1,2,2,0,0,1,1,1,0,4,1,1,1,1,455,2,2,2,0
2657,7.88,66,2,4,2,2,2,1,2,2,0,1,1,1,1,0,4,0,4,4,0,662,2,2,2,1
2658,7.93,72,2,2,2,1,2,1,2,1,0,1,1,1,1,0,8,0,4,3,0,454,2,2,1,0
2659,7.07,77,1,4,1,1,2,1,1,1,1,2,1,1,0,0,2,1,4,3,0,212,1,1,1,0
2660,9.04,97,1,2,2,2,1,2,2,2,2,2,1,1,1,1,4,1,2,3,0,554,1,1,0,1
2661,8.95,90,0,4,1,1,2,1,1,1,1,2,1,1,1,1,6,1,2,2,0,603,2,2,2,0
2662,9.41,92,0,2,2,1,2,2,2,2,1,1,1,1,1,1,7,1,7,3,1,826,1,2,1,1
2663,9.47,99,0,4,2,2,2,1,2,2,2,1,1,1,1,1,6,1,6,4,1,567,1,2,1,1
2664,7.23,83,2,4,1,0,1,2,2,2,2,0,1,1,0,0,2,1,4,0,0,184,1,2,1,0
2665,5.81,56,4,2,1,0,0,0,1,1,0,0,0,0,0,0,0,0,0,1,0,15,0,0,1,2
2666,8.45,85,0,3,1,0,1,2,1,1,0,0,1,1,0,0,3,0,4,2,1,268,2,2,0,0
2667,8.09,98,1,4,1,2,2,1,2,1,1,2,1,1,1,1,7,1,4,2,1,623,2,2,2,0
2668,8.21,98,0,3,1,2,2,1,1,1,1,1,1,1,1,1,7,1,5,3,1,491,2,1,0,1
2669,7.52,76,1,4,2,0,2,1,1,1,1,2,1,1,0,0,3,0,3,3,0,323,0,2,1,0
2670,7.41,80,1,4,2,1,2,1,2,1,1,0,1,1,1,0,8,1,2,5,0,659,1,2,2,1
2671,7.48,84,0,4,2,1,2,1,2,2,0,1,1,1,1,0,6,1,2,1,0,512,1,2,2,1
2672,9.25,96,0,2,1,0,0,0,2,2,2,1,0,0,0,0,2,0,0,1,0,55,1,1,1,2
2673,9.75,87,0,4,2,2,2,1,2,2,1,1,1,1,1,1,8,1,5,4,1,842,1,1,2,1
2674,9.06,91,0,3,2,1,2,2,2,2,2,2,1,1,1,1,5,1,4,4,1,492,1,1,2,1
2675,7.53,82,0,3,2,2,2,1,2,2,1,2,1,1,0,0,4,0,4,0,0,272,1,1,1,0
2676,7.45,65,1,2,2,1,2,2,1,1,2,2,1,1,1,0,6,0,2,5,1,745,2,1,2,1
2677,8.01,80,0,4,1,2,1,2,1,1,0,2,1,1,0,0,3,0,4,2,0,216,1,1,0,0
2678,8.9,98,0,4,2,1,2,1,1,1,2,1,1,1,1,1,6,1,5,2,1,615,1,1,2,1
2679,8.75,96,0,3,1,2,2,1,2,2,1,2,1,1,1,1,5,1,5,4,0,426,2,2,0,1
2680,7.23,85,0,4,1,0,2,0,2,2,2,0,1,1,0,0,5,1,4,2,1,379,1,2,0,0
2681,5.71,66,3,3,0,1,0,1,1,0,0,0,0,0,0,0,1,0,1,1,0,60,1,1,1,2
2682,7.81,92,1,3,1,1,1,1,1,1,2,1,1,1,1,1,7,1,4,2,1,281,2,2,1,0
2683,7.8,72,0,4,1,1,2,1,1,2,1,1,1,1,0,0,4,1,3,2,0,183,2,2,0,0
2684,9.34,91,0,4,1,0,0,1,1,2,2,1,0,0,0,0,0,0,1,0,0,114,2,1,0,2
2685,8.65,92,0,3,1,2,2,2,1,1,1,1,1,1,1,1,6,1,4,2,1,530,2,1,2,1
2686,6.8,77,0,4,2,2,2,2,1,1,0,0,1,1,1,0,5,0,4,5,1,786,1,1,0,1
2687,8.51,82,1,2,2,1,1,1,2,1,2,2,1,1,1,1,7,1,2,4,0,311,1,2,2,0
2688,7.53,70,2,4,2,2,2,1,2,2,2,2,1,1,1,0,7,0,2,1,1,599,1,2,1,1
2689,5.78,56,3,4,0,1,0,1,0,1,1,1,1,1,0,0,3,0,1,0,1,63,0,1,1,2
2690,8.0,71,0,4,2,2,2,2,2,1,1,1,1,1,1,0,5,1,3,1,0,483,2,1,2,1
2691,9.55,87,0,4,2,2,2,2,2,2,2,2,1,1,1,1,5,1,4,3,0,562,1,2,2,0
2692,9.42,96,0,4,2,1,2,2,2,2,1,2,1,1,1,1,6,1,5,2,1,471,2,1,2,1
2693,8.18,95,1,4,1,1,1,1,1,2,2,1,1,1,1,1,4,1,5,2,0,256,1,2,1,0
2694,8.81,94,0,3,1,1,0,0,2,2,2,2,1,1,0,0,4,1,2,0,0,100,1,2,1,0
2695,8.94,82,1,3,2,2,2,2,1,1,1,2,1,1,1,1,4,1,4,1,0,480,2,2,0,1
2696,7.85,83,2,3,2,2,2,1,2,2,2,2,1,1,1,0,5,1,2,3,1,506,2,2,1,1
2697,9.54,99,0,2,0,1,0,1,2,2,2,2,0,0,0,0,0,0,0,0,0,81,2,2,0,2
2698,7.55,76,0,4,1,2,2,1,1,1,0,2,1,1,0,0,2,1,1,0,0,200,1,1,0,2
2699,8.0,76,1,4,2,1,2,1,2,2,2,1,1,1,1,0,8,1,2,1,0,781,1,1,1,1
2700,6.57,66,1,4,2,1,2,2,2,2,1,0,1,1,1,0,8,0,2,3,1,540,1,1,2,0
2701,8.8,90,0,2,2,2,1,2,1,2,2,1,1,1,1,1,7,1,5,3,0,271,1,1,0,1
2702,5.68,70,3,3,1,0,0,1,1,1,1,0,0,0,0,0,1,0,0,1,0,13,0,1,0,2
2703,7.85,80,1,4,1,1,1,0,1,1,1,0,1,1,0,0,5,1,2,1,1,116,1,1,0,0
2704,6.96,74,2,3,2,1,2,2,2,2,1,2,1,1,1,0,6,0,4,3,1,672,2,1,0,1
2705,9.47,91,0,4,2,2,2,2,2,2,2,2,1,1,1,1,8,1,5,5,1,588,2,1,1,1
2706,8.46,100,0,3,2,1,2,1,1,1,2,1,1,1,1,1,7,0,3,1,0,328,1,1,1,0
2707,7.07,90,1,4,2,1,1,1,1,2,1,0,1,1,0,0,3,0,1,3,1,296,1,2,0,0
2708,8.22,94,1,4,2,0,1,1,2,1,0,0,1,1,0,0,3,1,3,1,0,133,1,1,0,0
2709,9.19,93,0,4,2,1,2,1,1,2,2,2,1,1,1,1,7,1,2,4,1,531,2,1,0,1
2710,8.06,86,0,3,2,2,1,2,2,1,1,2,1,1,1,1,6,0,4,4,1,552,2,2,0,0
2711,8.77,90,0,4,1,0,0,1,2,2,2,1,0,0,0,0,1,0,1,1,0,83,0,1,1,0
2712,9.62,95,0,2,2,1,2,1,2,2,1,2,1,1,1,1,6,1,4,4,0,706,2,1,2,1
2713,8.01,89,1,3,2,2,2,2,1,2,0,1,1,1,1,0,5,0,4,4,1,606,2,2,1,1
2714,6.42,77,3,4,1,1,0,1,1,0,0,1,0,0,0,0,1,0,0,1,0,15,0,1,1,2
2715,7.27,77,2,4,2,2,2,1,2,2,2,2,1,1,0,0,5,1,3,0,0,114,1,2,0,1
2716,6.35,68,1,3,0,1,0,1,1,1,0,1,0,0,0,0,2,0,1,1,0,35,1,0,0,2
2717,8.41,82,0,2,2,0,2,1,2,1,0,2,1,1,0,0,5,0,4,1,1,229,0,1,0,0
2718,8.57,96,0,3,1,0,0,0,1,2,2,2,0,0,0,0,1,0,1,1,0,8,2,2,0,2
2719,8.38,88,0,2,2,2,2,1,2,2,1,1,1,1,1,1,6,1,5,4,0,534,1,1,0,1
2720,5.92,82,5,4,0,0,1,1,0,0,0,1,0,0,0,0,1,0,0,0,0,0,1,1,0,2
2721,8.02,91,0,2,1,1,1,2,1,1,1,1,1,1,1,1,5,1,5,1,1,594,2,1,1,0
2722,8.18,70,2,4,2,1,2,2,1,2,0,2,1,1,1,0,8,1,4,5,1,484,1,2,2,1
2723,6.43,74,5,3,0,0,0,1,0,1,1,1,0,0,0,0,2,0,0,1,0,75,0,1,0,2
2724,6.09,77,3,2,0,0,1,1,0,0,1,1,1,0,0,0,2,1,1,0,0,53,1,1,0,2
2725,7.83,89,2,3,2,1,2,2,2,2,2,2,1,1,1,0,7,1,3,1,1,663,1,2,0,1
2726,7.75,80,0,4,2,2,2,1,1,1,2,2,1,1,0,0,5,0,3,0,0,301,2,1,1,0
2727,8.87,95,0,4,0,1,1,1,2,2,2,1,1,1,0,0,2,1,2,0,0,23,1,2,0,0
2728,9.03,95,0,4,2,2,2,1,1,2,1,2,1,1,1,1,5,1,4,3,1,643,1,2,0,1
2729,7.59,77,1,2,1,2,1,0,2,1,0,0,1,1,0,0,5,0,2,2,0,283,1,2,0,0
2730,5.73,60,4,4,0,0,0,0,0,0,1,1,0,0,0,0,2,0,1,1,0,44,0,0,1,2
2731,7.81,84,1,4,2,2,1,1,2,2,1,2,1,1,1,1,6,1,2,1,0,550,2,1,0,0
2732,8.93,81,1,4,2,2,1,2,2,1,1,1,1,1,1,1,7,0,4,4,0,551,1,1,1,0
2733,6.3,60,2,2,0,1,1,0,1,0,1,1,0,0,0,0,2,0,1,0,0,22,1,0,1,2
2734,9.28,96,0,4,2,1,2,2,2,2,2,2,1,1,1,1,6,1,6,4,1,891,2,2,2,1
2735,8.92,93,0,3,1,0,1,0,1,2,2,1,0,0,0,0,2,0,2,1,0,111,2,1,1,0
2736,7.89,97,0,4,2,2,1,2,1,2,1,2,1,1,1,1,6,0,5,1,0,286,1,1,2,0
2737,9.77,99,0,4,1,0,1,0,1,1,1,2,0,0,0,0,1,0,0,0,0,84,0,1,1,2
2738,6.5,90,1,4,2,2,2,1,2,1,0,0,1,1,1,0,7,1,4,5,1,641,1,1,0,0
2739,9.11,96,0,4,1,0,0,1,1,2,1,1,0,0,0,0,1,0,2,1,0,86,0,2,1,0
2740,8.24,87,1,4,1,1,1,2,1,1,0,2,1,1,0,0,5,1,3,0,1,349,1,2,0,0
2741,7.67,74,1,3,2,2,2,2,1,1,1,2,1,1,1,0,6,1,3,2,0,385,1,1,2,1
2742,8.87,91,0,3,1,1,1,1,1,2,2,2,1,1,1,1,5,1,5,4,0,552,1,1,1,0
2743,8.4,85,0,3,1,2,1,0,1,2,2,1,1,1,0,0,3,1,4,3,0,124,1,2,0,0
2744,7.83,92,0,4,2,1,2,1,2,1,1,1,1,1,1,1,6,1,3,2,0,319,1,2,1,1
2745,6.73,57,3,4,1,0,1,0,1,0,0,1,0,0,0,0,2,0,0,1,0,22,0,1,0,2
2746,6.86,55,2,3,0,0,0,1,0,0,1,1,0,0,0,0,2,0,0,1,0,7,0,0,0,2
2747,7.54,79,2,2,2,0,1,1,1,2,1,1,1,1,0,0,4,0,4,3,1,238,0,2,0,0
2748,9.21,95,0,4,0,1,1,0,2,1,1,1,0,0,0,0,2,0,1,1,0,72,2,2,0,2
2749,8.15,82,0,3,2,1,2,1,2,1,1,0,1,1,1,0,7,0,3,3,1,725,1,1,1,1
2750,7.87,93,0,3,1,2,1,2,2,1,2,2,1,1,1,1,6,0,5,4,1,587,1,2,1,0
2751,9.56,87,0,4,2,1,2,2,2,2,1,2,1,1,1,1,5,1,5,2,1,694,2,1,2,1
2752,8.93,92,0,4,1,0,1,0,1,2,2,2,0,0,0,0,2,0,1,1,0,11,2,1,0,0
2753,7.13,88,0,4,1,0,1,2,2,1,0,0,1,1,0,0,4,1,3,3,0,160,2,1,1,0
2754,9.2,91,0,3,2,2,2,2,2,2,1,2,1,1,1,1,5,1,7,5,1,680,2,1,2,1
2755,7.94,72,0,3,2,2,2,2,2,1,1,1,1,1,1,0,4,1,3,5,1,484,1,2,1,0
2756,8.34,87,1,4,2,1,1,2,1,2,1,1,1,1,0,0,3,1,1,3,1,411,2,2,0,0
2757,7.01,80,2,2,1,0,2,2,1,2,0,0,1,1,0,0,3,1,2,3,0,308,2,1,0,0
2758,7.07,88,1,4,2,1,2,1,2,1,2,2,1,1,0,0,4,1,3,1,0,373,1,2,0,0
2759,8.16,76,2,2,1,2,1,0,2,1,1,1,1,1,0,0,3,0,4,0,0,243,0,1,1,0
2760,7.17,74,1,4,1,0,1,0,1,2,0,0,1,1,0,0,4,1,3,2,1,252,1,2,0,0
2761,7.39,87,1,4,1,0,1,2,2,1,1,0,1,1,0,0,4,0,3,3,0,109,2,2,1,0
2762,8.88,93,0,3,2,1,2,1,2,2,2,2,1,1,1,1,7,1,3,5,0,492,1,2,2,0
2763,8.79,99,1,2,2,1,2,1,2,1,2,2,1,1,1,1,5,1,2,2,0,373,1,1,1,0
2764,7.98,87,0,3,1,1,2,0,2,2,1,1,1,1,0,0,3,1,3,0,0,229,2,1,0,0
2765,8.25,75,0,3,2,2,2,2,2,2,2,0,1,1,0,0,5,1,3,2,0,183,1,2,0,0
2766,9.64,92,0,3,1,1,1,1,2,2,1,2,0,0,0,0,0,0,1,1,0,57,0,1,0,2
2767,7.33,76,2,2,2,2,2,2,2,2,2,2,1,1,1,0,7,0,2,1,0,477,2,2,1,1
2768,8.25,73,2,3,1,1,2,0,2,2,1,2,1,1,0,0,3,0,3,3,0,332,0,2,1,0
2769,8.25,84,1,4,1,0,1,0,1,1,1,1,1,1,0,0,3,0,2,1,1,252,2,1,1,0
2770,9.22,88,0,3,2,1,2,2,2,2,1,1,1,1,1,1,7,1,7,2,1,751,2,2,2,1
2771,8.32,97,1,2,1,1,1,2,1,1,1,1,1,1,1,1,7,1,2,1,0,308,1,2,1,0
2772,9.56,90,0,3,2,2,2,1,2,2,1,2,1,1,1,1,5,1,3,2,0,580,2,1,1,1
2773,7.17,73,2,2,2,1,1,2,1,2,0,0,1,1,0,0,5,1,3,2,0,170,1,2,0,1
2774,8.36,90,0,2,1,1,1,2,2,2,1,2,1,1,1,1,5,1,4,4,0,317,1,1,1,0
2775,9.3,90,0,3,0,0,0,0,1,2,2,2,0,0,0,0,0,0,2,1,0,34,1,1,1,2
2776,8.41,70,2,4,2,1,2,1,1,2,2,0,1,1,0,0,5,0,2,3,0,301,2,2,1,1
2777,8.55,99,0,4,0,0,0,0,2,1,2,1,0,0,0,0,2,0,0,1,0,94,2,2,1,2
2778,7.8,66,2,4,2,2,2,1,1,1,2,1,1,1,1,0,7,1,2,3,1,711,2,1,1,1
2779,7.0,81,0,4,2,2,2,1,1,2,2,0,1,1,1,0,5,1,4,4,1,700,2,1,0,1
2780,7.59,83,1,4,2,0,2,1,1,2,1,2,1,1,0,0,5,1,4,3,0,418,2,1,0,0
2781,6.87,63,3,4,1,1,1,0,1,0,1,0,1,1,0,0,3,0,1,1,1,57,1,0,0,2
2782,7.97,86,2,4,2,2,1,1,1,1,0,0,1,1,0,0,5,0,2,0,0,365,2,1,0,0
2783,7.82,85,2,3,2,0,1,1,1,1,1,0,1,1,0,0,5,1,4,2,0,277,1,1,0,0
2784,8.67,94,0,4,0,1,1,1,1,1,2,1,0,0,0,0,2,0,0,1,0,45,2,1,1,2
2785,8.3,81,1,3,2,1,2,1,2,2,1,0,1,1,0,0,4,0,4,1,0,396,2,2,0,0
2786,8.58,88,1,4,1,1,1,1,2,2,2,1,1,1,1,1,6,1,4,2,0,284,2,1,0,1
2787,9.79,91,0,3,0,0,0,1,1,1,2,1,0,0,0,0,0,0,2,0,0,16,2,2,1,2
2788,7.19,72,1,4,2,2,2,1,1,1,1,2,1,1,1,0,8,0,2,1,1,713,1,1,2,1
2789,7.33,90,2,4,2,1,1,2,1,2,0,0,1,1,0,0,5,0,2,2,0,356,1,2,0,0
2790,8.51,86,1,3,2,2,1,1,2,2,2,1,1,1,1,1,7,0,4,1,0,436,2,1,0,0
2791,8.94,92,0,4,1,2,1,2,1,1,1,1,1,1,1,1,5,1,4,3,0,383,1,1,0,1
2792,8.29,79,2,2,2,0,1,2,2,2,0,0,1,1,0,0,4,0,4,2,1,307,0,2,0,0
2793,9.07,84,0,3,1,2,2,1,1,2,1,2,1,1,1,1,6,1,4,2,0,501,2,2,0,0
2794,8.88,95,0,4,2,1,2,2,2,2,2,1,1,1,1,1,7,1,7,3,1,809,2,1,1,1
2795,5.76,66,2,3,1,0,1,1,0,0,0,0,0,0,0,0,1,0,0,0,0,76,1,1,1,2
2796,9.38,86,0,3,2,2,2,2,2,2,2,2,1,1,1,1,7,1,3,3,1,549,2,1,1,1
2797,5.89,61,5,4,1,1,1,1,0,0,0,0,0,0,0,0,1,0,0,1,0,48,0,1,0,2
2798,8.57,85,0,4,2,2,2,1,1,2,2,1,1,1,1,1,4,1,3,1,1,442,2,2,2,1
2799,6.57,63,5,2,1,0,0,1,0,0,0,0,0,0,0,0,0,0,0,0,0,12,1,0,1,2
2800,7.86,89,1,2,1,1,1,0,2,1,0,0,1,1,0,0,2,0,3,0,0,433,0,2,0,0
2801,9.76,93,0,3,1,0,1,1,1,1,1,2,0,0,0,0,0,0,1,0,0,104,1,2,0,2
2802,9.32,91,0,3,1,0,1,0,1,1,1,2,1,1,0,0,2,1,1,0,0,106,1,1,1,0
2803,9.57,92,0,3,0,1,0,1,1,1,2,1,0,0,0,0,0,0,0,0,0,98,1,2,1,2
2804,6.58,89,0,4,2,1,2,2,2,2,0,1,1,1,1,0,5,1,4,1,1,417,2,2,0,1
2805,5.82,72,4,3,1,1,1,1,0,1,0,1,0,0,0,0,0,0,1,0,0,32,0,0,1,2
2806,7.43,89,1,2,1,2,1,0,2,1,1,2,1,1,0,0,5,0,3,3,1,163,2,1,1,0
2807,8.44,84,0,4,1,2,1,2,2,2,1,2,1,1,1,1,5,1,3,4,0,274,1,1,2,0
2808,7.81,74,0,4,1,2,2,0,2,1,2,1,1,1,0,0,4,1,3,3,0,141,1,2,1,0
2809,7.13,79,2,3,2,2,2,1,2,1,0,1,1,1,1,0,7,0,2,4,1,609,1,1,0,0
2810,6.4,79,3,4,0,0,1,1,1,0,0,0,0,0,0,0,2,0,0,1,0,80,0,0,1,2
2811,5.57,82,4,4,1,0,1,0,1,0,0,0,1,1,0,0,2,1,0,1,0,68,1,1,0,2
2812,6.52,88,2,4,2,1,2,1,1,1,2,2,1,1,1,0,6,0,4,5,0,652,2,2,1,0
2813,8.25,72,2,3,1,1,2,1,1,2,1,1,1,1,0,0,3,1,2,1,1,156,1,2,0,0
2814,7.51,78,1,3,2,0,2,1,2,1,1,2,1,1,0,0,4,0,2,3,1,162,1,2,0,0
2815,7.96,86,0,4,2,2,1,2,2,1,1,1,1,1,0,0,3,1,3,1,0,370,1,2,0,0
2816,9.71,100,0,4,1,1,0,1,2,1,2,1,0,0,0,0,1,0,2,0,0,99,1,2,1,0
2817,7.05,86,1,2,2,1,2,1,1,2,1,2,1,1,0,0,5,1,2,1,0,441,1,2,1,0
2818,8.43,96,0,4,1,1,1,0,1,1,1,1,0,0,0,0,1,0,1,1,0,0,1,2,0,0
2819,7.18,89,2,3,2,0,2,1,2,2,2,2,1,1,0,0,5,1,2,2,0,430,1,1,0,0
2820,8.43,97,0,4,1,0,1,0,2,1,2,1,0,0,0,0,1,0,1,1,0,28,1,1,0,2
2821,8.63,98,0,2,1,1,0,0,2,1,2,2,0,0,0,0,0,0,1,0,0,20,2,2,1,0
2822,8.34,73,0,3,1,0,2,2,1,2,2,2,1,1,0,0,2,1,1,3,0,143,1,1,0,0
2823,9.93,90,0,2,2,2,2,2,2,2,1,1,1,1,1,1,8,1,7,2,1,593,1,1,2,1
2824,7.0,75,0,4,2,1,2,1,2,1,0,0,1,1,1,0,7,0,4,4,1,695,1,1,0,0
2825,8.17,86,0,2,2,1,2,1,2,1,2,0,1,1,0,0,4,1,3,1,0,213,1,2,0,1
2826,6.95,89,2,3,2,2,2,2,1,1,2,2,1,1,1,0,5,1,3,3,1,432,2,1,2,1
2827,7.75,78,2,2,2,1,2,1,2,2,1,2,1,1,1,0,7,0,4,2,1,448,2,1,1,1
2828,8.46,100,0,4,1,1,2,1,2,1,2,2,1,1,1,1,4,1,2,4,0,494,2,1,0,0
2829,8.34,80,0,4,1,0,2,2,2,2,1,1,1,1,0,0,4,1,4,2,0,312,1,2,0,0
2830,8.03,89,0,2,1,2,2,1,1,2,1,1,1,1,1,1,6,1,5,2,1,390,1,2,0,1
2831,7.8,74,1,4,2,2,2,1,1,1,2,1,1,1,1,0,8,1,2,5,1,568,1,1,2,0
2832,9.07,94,0,4,2,2,2,1,2,2,1,1,1,1,1,1,7,1,5,3,1,483,2,1,1,1
2833,6.74,58,1,3,0,1,0,1,1,0,1,1,0,0,0,0,1,0,1,0,0,51,1,0,0,2
2834,7.24,71,2,2,1,2,2,2,2,1,1,2,1,1,0,0,5,1,2,2,0,343,1,1,1,0
2835,7.62,68,1,4,2,2,2,1,2,1,2,1,1,1,1,0,8,1,3,3,1,778,1,1,1,0
2836,9.41,98,0,4,2,2,2,2,2,2,2,1,1,1,1,1,7,1,7,5,0,542,2,1,1,1
2837,8.39,75,1,2,1,0,1,1,1,1,2,2,1,1,0,0,3,1,4,3,0,173,1,2,1,0
2838,8.02,65,2,4,2,2,2,1,2,1,0,1,1,1,1,0,5,1,4,2,1,626,1,1,0,0
2839,7.63,85,0,4,2,0,1,2,2,1,2,1,1,1,0,0,3,0,4,3,0,366,0,1,0,0
2840,8.94,90,0,4,0,1,1,1,1,2,1,2,0,0,0,0,2,0,2,1,0,78,2,2,0,0
2841,7.09,88,2,3,2,0,1,1,2,2,2,0,1,1,0,0,2,1,3,1,0,284,2,1,1,0
2842,8.4,90,0,2,1,1,1,1,2,2,2,1,0,0,0,0,0,0,0,0,0,2,2,2,0,0
2843,6.74,76,1,2,2,1,2,1,1,1,0,0,1,1,1,0,6,1,2,5,0,477,2,2,1,1
2844,7.88,89,0,4,2,1,2,2,2,1,2,2,1,1,1,1,6,1,2,4,1,311,1,2,2,1
2845,8.48,87,0,3,2,1,2,1,1,2,2,2,1,1,1,1,6,0,2,1,0,412,1,2,0,0
2846,8.86,100,0,2,2,2,2,2,2,2,1,1,1,1,1,1,6,1,3,4,0,759,1,2,2,1
2847,8.23,87,0,3,2,2,1,2,2,1,2,2,1,1,1,1,7,1,3,3,1,562,2,2,2,1
2848,8.16,77,2,4,2,1,2,1,2,2,1,1,1,1,1,0,7,1,4,1,0,366,2,1,2,1
2849,7.51,68,0,2,2,2,2,1,2,2,2,2,1,1,1,0,8,1,4,1,0,374,1,1,0,1
2850,8.15,82,2,2,1,1,2,0,2,1,1,0,1,1,0,0,3,1,3,2,0,219,1,2,0,0
2851,7.5,86,1,3,1,0,1,1,2,1,2,1,1,1,0,0,3,1,1,0,0,311,2,1,0,0
2852,8.38,83,0,4,2,2,2,2,1,1,1,2,1,1,1,1,5,1,5,2,1,421,2,2,1,1
2853,6.4,70,2,2,1,0,0,1,0,0,0,0,0,0,0,0,0,0,1,1,0,47,1,1,0,2
2854,9.89,95,0,4,2,1,2,1,2,2,2,1,1,1,1,1,8,1,6,4,0,672,2,1,2,1
2855,9.66,90,0,3,0,0,1,1,1,1,1,1,0,0,0,0,1,0,1,1,0,26,2,2,0,0
2856,6.87,73,0,4,2,1,2,2,1,2,0,0,1,1,1,0,6,1,4,5,0,714,1,1,1,0
2857,7.97,96,1,3,2,1,1,1,1,2,2,1,1,1,1,1,6,1,4,3,1,339,1,1,2,1
2858,8.61,92,0,4,1,1,0,1,1,2,1,2,0,0,0,0,1,0,2,0,0,113,0,1,0,2
2859,8.0,67,1,2,2,1,2,1,1,2,1,0,1,1,1,0,5,1,4,3,1,722,2,1,2,1
2860,8.4,77,2,4,1,1,1,1,2,1,1,2,1,1,0,0,2,1,4,1,0,218,1,1,0,0
2861,7.47,89,2,4,2,0,2,2,1,2,0,0,1,1,0,0,4,1,2,0,0,242,1,2,1,1
2862,6.46,72,4,4,0,0,1,0,0,0,0,0,0,0,0,0,1,0,0,1,0,67,1,0,0,2
2863,5.83,79,2,3,0,1,0,0,0,0,0,1,0,0,0,0,0,0,0,0,0,71,1,1,1,2
2864,8.38,82,0,4,2,1,1,1,1,1,2,0,1,1,0,0,4,1,4,0,1,216,1,1,1,0
2865,7.31,78,0,4,1,2,2,0,1,1,0,1,1,1,0,0,3,1,2,0,1,181,1,1,0,0
2866,9.54,99,0,2,2,2,2,2,2,2,1,1,1,1,1,1,8,1,4,5,0,721,1,2,1,0
2867,7.77,82,1,2,2,2,2,2,2,2,0,0,1,1,1,0,7,1,2,3,1,586,1,1,2,1
2868,7.19,77,0,3,2,2,2,1,1,2,1,0,1,1,0,0,4,0,1,2,0,208,0,2,1,0
2869,7.25,94,2,4,2,2,2,1,2,2,2,1,1,1,0,0,5,0,3,3,1,187,2,2,1,0
2870,7.81,92,1,4,2,1,2,1,2,2,2,0,1,1,0,0,5,0,2,2,0,431,2,1,1,0
2871,6.58,79,2,2,2,2,2,1,1,2,0,1,1,1,1,0,8,1,4,4,1,368,2,2,0,1
2872,8.44,87,1,3,2,1,1,1,1,2,2,1,1,1,0,0,2,1,2,1,0,389,2,2,0,0
2873,9.94,93,0,4,2,1,2,2,2,2,1,1,1,1,1,1,7,1,7,5,0,617,1,1,2,1
2874,7.01,85,1,3,2,1,2,2,2,2,0,2,1,1,0,0,3,0,2,1,0,171,2,2,1,1
2875,7.04,74,0,4,2,0,1,1,2,1,0,0,1,1,0,0,4,0,2,0,0,210,0,1,0,2
2876,9.56,97,0,3,0,1,0,1,2,1,1,2,1,1,0,0,2,1,1,1,0,55,2,2,1,0
2877,7.52,86,0,2,2,1,2,1,1,2,0,0,1,1,1,0,7,1,3,5,1,458,2,2,0,1
2878,5.71,61,5,4,1,0,0,1,1,1,0,0,0,0,0,0,0,0,0,1,0,64,0,1,1,2
2879,7.54,75,0,3,2,1,2,2,1,1,0,1,1,1,1,0,6,1,2,2,1,352,1,2,0,0
2880,9.78,91,0,3,0,0,0,1,1,1,1,1,0,0,0,0,0,0,2,1,0,23,1,2,0,2
2881,9.6,97,0,2,1,0,1,0,1,1,1,2,0,0,0,0,2,0,2,0,0,110,2,2,1,2
2882,6.75,90,0,2,2,2,2,2,2,1,2,0,1,1,1,0,6,1,4,1,1,712,1,2,0,1
2883,8.36,99,0,4,1,1,2,2,2,2,2,2,1,1,1,1,4,0,5,3,1,569,1,2,0,0
2884,6.97,85,2,2,2,1,2,2,1,2,2,1,1,1,1,0,5,1,2,2,0,628,1,1,0,1
2885,9.69,99,0,4,2,2,2,2,2,2,1,2,1,1,1,1,5,0,7,2,1,850,2,1,1,1
2886,5.82,75,4,4,1,0,1,1,1,1,1,1,0,0,0,0,0,0,0,1,0,78,1,0,0,2
2887,7.43,65,1,4,2,1,2,1,2,1,1,0,1,1,1,0,7,1,2,4,1,710,1,1,2,1
2888,9.68,97,0,4,1,0,0,1,2,1,1,2,0,0,0,0,1,0,0,1,0,55,1,1,0,0
2889,8.83,83,0,4,1,2,1,2,2,1,2,1,1,1,1,1,7,1,3,3,0,593,1,2,0,1
2890,5.78,64,5,2,1,0,0,0,1,1,1,0,1,0,0,0,2,1,0,1,0,63,1,0,0,2
2891,7.1,84,1,3,1,1,2,0,1,2,0,1,1,1,0,0,2,1,4,3,0,150,1,1,1,0
2892,8.62,90,0,4,1,1,0,0,1,1,1,1,1,0,0,0,2,1,2,0,0,67,1,2,1,0
2893,8.89,90,0,3,0,1,1,1,2,2,1,2,0,0,0,0,1,0,2,1,0,13,1,1,0,0
2894,7.91,86,0,4,2,0,2,1,1,2,0,1,1,1,0,0,3,1,1,1,1,364,1,2,1,2
2895,7.45,94,1,3,2,2,2,2,2,2,0,2,1,1,0,0,5,1,2,0,0,347,1,2,1,0
2896,5.61,80,5,2,0,1,0,0,1,0,1,0,0,0,0,0,0,0,0,1,0,53,1,1,0,2
2897,9.2,88,0,3,2,2,2,1,2,2,2,2,1,1,1,1,7,1,3,3,1,777,1,1,2,1
2898,6.89,69,3,4,1,0,0,1,0,0,1,0,0,0,0,0,2,0,0,1,0,52,1,1,0,2
2899,8.85,100,0,3,2,1,2,1,2,2,1,1,1,1,1,1,5,1,3,5,1,698,2,2,1,1
2900,7.38,70,0,2,2,1,1,1,2,2,0,1,1,1,0,0,4,1,1,3,1,325,1,1,1,0
2901,7.06,68,2,4,2,1,2,2,1,1,1,0,1,1,1,0,5,0,2,2,1,704,1,1,2,0
2902,9.33,95,0,3,0,0,0,1,1,1,2,1,0,0,0,0,2,0,1,1,0,42,1,2,0,2
2903,8.36,96,0,2,1,1,1,2,1,1,2,2,1,1,1,1,4,1,3,3,0,425,1,1,1,0
2904,7.56,83,1,4,2,1,2,1,1,2,2,0,1,1,1,0,5,0,3,4,0,529,1,2,0,0
2905,9.57,85,0,4,2,1,2,1,2,2,2,2,1,1,1,1,8,1,7,2,1,796,2,1,1,1
2906,9.07,85,0,4,2,2,2,2,2,1,2,2,1,1,1,1,7,1,5,4,1,468,2,1,1,1
2907,6.8,85,1,4,2,2,2,1,2,1,0,2,1,1,1,0,5,1,4,4,0,558,1,1,2,1
2908,7.49,77,0,2,2,1,2,1,1,1,2,2,1,1,1,0,4,0,4,3,1,636,2,2,1,1
2909,8.46,93,0,4,1,0,0,0,1,1,2,1,0,0,0,0,2,0,1,1,0,23,0,2,1,2
2910,7.36,73,0,4,2,1,2,1,2,1,1,2,1,1,0,0,5,0,2,2,0,215,1,1,0,0
2911,7.99,77,1,4,2,0,1,1,2,1,0,1,1,1,0,0,5,1,4,3,1,316,1,2,1,1
2912,6.89,84,2,4,0,0,0,0,1,0,0,0,0,0,0,0,1,0,0,0,0,60,1,1,0,2
2913,9.46,93,0,3,0,1,1,1,2,2,1,2,0,0,0,0,1,0,2,0,0,107,0,2,0,0
2914,8.88,91,0,4,0,1,0,0,2,2,1,2,1,1,0,0,4,1,0,1,0,96,1,1,0,2
2915,8.03,87,0,3,1,1,2,2,1,2,1,1,1,1,1,1,5,1,5,2,1,639,1,1,0,0
2916,6.97,75,1,4,0,1,1,1,1,1,1,1,0,0,0,0,0,0,1,0,0,65,0,1,0,2
2917,8.08,82,2,4,2,2,2,2,1,1,2,2,1,1,1,0,5,1,4,4,0,443,2,1,0,0
2918,6.88,78,2,3,2,1,2,2,2,2,1,0,1,1,1,0,5,0,2,4,1,697,2,1,0,1
2919,6.31,72,4,4,0,0,1,1,1,1,0,0,0,0,0,0,0,0,1,1,0,33,0,1,1,2
2920,8.7,92,0,3,0,1,0,1,1,2,1,1,0,0,0,0,0,0,0,0,0,94,2,1,0,0
2921,5.72,81,4,4,0,1,0,0,0,1,0,0,0,0,0,0,0,0,0,1,0,57,1,1,0,2
2922,6.72,59,1,4,1,0,1,0,1,1,0,0,0,0,0,0,0,0,1,0,0,21,0,0,1,2
2923,7.75,66,0,2,2,1,2,1,1,1,0,1,1,1,1,0,4,0,4,4,1,378,2,1,2,0
2924,8.87,90,0,4,1,1,1,0,2,2,2,1,0,0,0,0,0,0,1,1,0,49,2,1,1,0
2925,8.77,93,0,3,0,0,1,0,2,1,1,1,0,0,0,0,2,0,1,0,0,96,2,1,0,0
2926,7.01,84,0,2,2,2,2,1,1,1,0,0,1,1,0,0,3,1,4,3,0,234,1,1,0,0
2927,8.87,96,0,4,1,1,2,1,2,2,2,1,1,1,1,1,6,0,2,2,1,291,1,2,2,0
2928,8.95,84,1,4,2,2,2,1,1,1,1,2,1,1,1,1,5,1,3,4,0,633,1,1,2,1
2929,8.61,99,0,2,2,1,1,1,2,1,1,2,1,1,1,1,7,0,2,1,1,503,2,1,0,0
2930,9.42,90,0,4,2,2,2,2,2,2,1,2,1,1,1,1,6,1,4,3,1,611,2,2,1,1
2931,6.93,68,1,2,2,1,2,1,2,1,0,0,1,1,1,0,5,0,2,3,1,683,2,1,0,1
2932,7.68,68,0,2,2,1,2,2,1,1,2,2,1,1,1,0,6,1,4,5,1,723,2,1,1,1
2933,5.81,79,1,2,1,0,1,0,1,0,1,1,0,0,0,0,2,0,1,1,0,63,0,1,1,2
2934,5.68,78,4,3,0,0,0,1,1,0,0,1,0,0,0,0,1,0,1,0,0,19,1,1,1,2
2935,7.57,83,1,4,1,1,1,0,1,1,1,1,1,1,0,0,3,0,3,2,0,388,0,2,0,2
2936,7.12,72,2,2,1,1,1,0,2,2,0,2,1,1,0,0,5,1,4,0,0,129,1,2,0,0
2937,9.65,88,0,3,2,2,2,2,2,2,1,2,1,1,1,1,8,1,7,2,1,843,2,1,1,1
2938,8.58,82,1,2,2,2,1,2,1,2,1,1,1,1,1,1,7,1,4,1,0,392,2,1,1,0
2939,7.5,79,2,2,2,0,2,1,1,2,1,2,1,1,0,0,4,0,2,3,0,146,2,2,0,0
2940,7.92,87,1,3,2,2,1,1,1,2,0,1,1,1,0,0,3,1,3,1,0,257,1,1,1,0
2941,9.57,93,0,4,1,0,1,1,1,2,2,2,0,0,0,0,1,0,2,1,0,48,2,1,0,0
2942,8.27,72,2,3,2,2,1,1,2,2,1,0,1,1,0,0,5,0,2,3,0,184,0,1,0,2
2943,7.41,83,0,3,2,1,2,1,2,2,0,1,1,1,1,0,6,0,3,5,0,612,2,1,0,0
2944,6.18,55,1,4,0,1,1,0,0,0,0,1,0,0,0,0,0,0,1,1,0,36,1,1,1,2
2945,6.12,66,4,2,0,0,0,0,1,1,0,0,0,0,0,0,1,0,0,1,0,25,1,1,0,2
2946,8.21,90,0,3,1,0,1,0,1,1,0,1,1,1,0,0,2,1,2,1,0,290,2,2,0,0
2947,9.0,93,0,4,1,1,0,1,2,1,2,2,0,0,0,0,0,0,2,0,0,13,0,2,0,2
2948,7.48,95,2,3,1,1,2,1,1,2,1,0,1,1,0,0,4,1,1,1,1,208,1,2,0,0
2949,9.78,92,0,3,2,2,2,1,2,2,2,1,1,1,1,1,8,1,5,3,0,584,1,1,2,1
2950,7.98,83,0,4,2,2,2,1,1,2,1,1,1,1,1,1,5,1,5,3,0,331,2,2,2,1
2951,8.51,96,0,3,0,0,0,0,2,2,2,1,0,0,0,0,0,0,1,1,0,5,0,1,1,2
2952,5.84,63,2,3,0,0,0,1,0,0,0,0,0,0,0,0,1,0,1,1,0,53,0,1,1,2
2953,7.85,77,0,4,2,0,2,1,1,2,2,0,1,1,0,0,4,1,3,2,0,242,2,1,1,0
2954,9.57,95,0,4,2,2,2,1,2,2,1,2,1,1,1,1,6,1,6,4,0,518,1,2,2,1
2955,8.48,99,0,4,0,0,0,0,1,2,1,1,0,0,0,0,0,0,0,0,0,8,1,2,1,2
2956,9.54,90,0,2,0,1,1,1,1,2,1,2,0,0,0,0,2,0,0,1,0,47,2,2,0,0
2957,9.79,88,0,2,2,2,2,2,2,2,2,2,1,1,1,1,5,1,5,5,1,664,2,1,1,1
2958,9.24,97,0,2,0,0,0,0,2,1,2,2,0,0,0,0,0,0,1,0,0,41,1,2,0,2
2959,7.39,94,2,3,1,2,2,1,1,1,2,1,1,1,0,0,2,1,3,3,0,431,1,2,0,0
2960,6.2,59,3,3,0,1,1,0,0,0,0,1,0,0,0,0,2,0,1,0,0,47,1,1,0,2
2961,6.53,61,3,4,0,1,0,0,0,1,1,0,0,0,0,0,0,0,1,0,0,24,0,0,1,2
2962,5.57,79,4,2,1,0,0,1,0,0,0,0,0,0,0,0,2,0,0,1,0,75,0,0,1,2
2963,7.35,88,2,3,2,1,2,1,2,1,0,2,1,1,1,0,8,1,3,5,0,689,1,1,1,0
2964,6.54,69,1,4,2,2,2,2,2,2,0,2,1,1,1,0,4,1,4,5,1,698,1,2,2,1
2965,8.02,70,2,3,1,0,1,2,2,1,1,2,1,1,0,0,2,1,4,0,0,262,1,1,0,0
2966,6.76,58,2,3,1,1,1,0,0,1,1,0,0,0,0,0,2,0,0,0,0,8,1,1,1,2
2967,8.71,95,0,4,0,0,1,0,2,1,1,2,0,0,0,0,1,0,1,0,0,84,0,2,1,2
2968,9.08,95,0,3,0,1,0,1,2,1,2,2,0,0,0,0,2,0,1,0,0,5,0,1,1,2
2969,9.8,100,0,3,0,1,1,1,2,1,2,2,0,0,0,0,0,0,2,0,0,82,1,2,0,0
2970,6.95,84,0,3,2,2,2,1,2,2,1,1,1,1,1,0,6,1,3,5,1,426,1,1,2,1
2971,9.66,90,0,4,2,1,2,2,2,2,2,1,1,1,1,1,6,1,3,2,1,492,1,1,2,1
2972,5.55,75,4,4,1,0,0,0,0,0,0,1,0,0,0,0,0,0,0,1,0,77,1,0,1,2
2973,8.84,98,0,4,0,0,1,0,1,1,1,2,0,0,0,0,2,0,0,1,0,41,1,1,1,2
2974,6.63,78,2,4,2,2,2,1,2,1,0,0,1,1,1,0,6,1,2,5,1,628,1,1,0,0
2975,9.25,90,0,4,0,1,1,1,2,1,2,1,1,1,0,0,2,1,0,1,0,53,1,2,0,2
2976,6.94,80,0,3,2,1,2,2,2,1,1,1,1,1,1,0,6,1,2,4,0,787,1,1,1,0
2977,5.78,65,5,2,0,1,1,1,0,1,0,0,0,0,0,0,2,0,0,1,0,57,1,1,0,0
2978,7.43,70,0,4,2,1,2,1,2,1,2,1,1,1,1,0,5,0,3,4,1,708,2,2,2,1
2979,9.03,97,0,4,2,1,2,1,2,2,1,2,1,1,1,1,7,1,3,2,1,652,1,1,1,1
2980,7.51,66,1,4,2,1,2,2,2,2,0,1,1,1,1,0,7,0,3,2,1,653,1,2,0,1
2981,7.96,76,2,3,2,2,2,1,2,1,2,0,1,1,1,0,6,1,4,5,1,718,2,2,2,1
2982,7.8,77,2,3,2,1,2,2,1,2,0,0,1,1,0,0,5,0,2,0,0,437,0,1,1,0
2983,7.84,94,0,3,1,0,2,2,1,1,2,1,1,1,0,0,5,0,4,2,1,151,1,1,0,0
2984,8.4,72,1,3,2,0,1,1,2,1,0,2,1,1,0,0,2,1,4,1,0,152,1,2,0,0
2985,8.53,91,1,4,1,2,2,2,1,2,1,2,1,1,1,1,5,1,5,1,1,536,1,2,2,1
2986,9.58,85,0,2,2,1,2,2,2,2,1,2,1,1,1,1,6,1,6,2,1,866,1,2,2,1
2987,7.8,95,2,4,1,0,1,1,2,1,1,0,1,1,0,0,4,1,3,1,0,259,1,2,1,0
2988,7.42,94,0,3,2,1,2,2,1,1,2,0,1,1,0,0,4,0,2,1,1,191,1,2,0,0
2989,9.1,89,0,2,2,2,2,1,2,2,2,2,1,1,1,1,7,1,6,5,1,534,2,1,2,1
2990,7.82,85,0,2,2,2,2,2,1,2,1,1,1,1,1,1,5,1,5,2,1,617,1,2,1,0
2991,6.74,66,3,4,1,0,1,0,0,0,1,0,0,0,0,0,0,0,1,0,0,76,0,1,0,2
2992,5.56,84,1,3,1,1,1,1,0,1,0,1,0,0,0,0,1,0,1,1,0,79,0,0,0,2
2993,5.65,72,1,3,1,0,0,0,1,1,0,1,0,0,0,0,0,0,0,1,0,45,0,1,1,2
2994,8.02,89,2,3,1,0,1,2,2,1,1,0,1,1,0,0,4,1,2,0,0,168,1,1,0,0
2995,9.3,99,0,4,2,1,2,2,2,2,1,1,1,1,1,1,7,1,3,2,1,522,1,1,2,1
2996,5.56,71,4,4,0,0,0,1,0,1,0,0,0,0,0,0,2,0,0,0,0,20,0,0,0,2
2997,7.7,79,2,4,1,1,2,2,2,1,2,1,1,1,0,0,5,0,2,1,0,196,1,2,1,0
2998,8.84,86,1,4,2,1,2,1,1,2,2,1,1,1,1,1,5,0,2,3,0,520,2,1,1,0
2999,6.78,81,1,4,2,1,2,2,1,2,2,1,1,1,1,0,5,1,3,3,0,740,2,1,1,0
3000,5.52,72,4,2,1,0,0,1,1,0,1,0,0,0,0,0,0,0,0,1,0,38,1,0,0,2
3001,6.54,87,0,4,2,1,2,1,1,2,0,1,1,1,1,0,8,1,4,5,0,407,1,2,0,1
3002,8.14,90,2,3,2,2,2,2,1,1,0,2,1,1,1,0,7,0,2,2,1,780,1,1,2,1
3003,8.44,81,1,2,2,2,2,1,2,1,2,2,1,1,1,1,5,1,4,2,1,625,1,2,0,1
3004,7.67,70,2,4,1,0,2,1,2,2,1,2,1,1,0,0,3,0,3,0,1,383,1,2,1,0
3005,7.52,70,0,4,1,2,2,2,1,2,0,0,1,1,0,0,3,1,3,3,1,127,2,1,1,1
3006,7.77,95,1,4,2,1,2,1,1,2,1,1,1,1,0,0,4,0,1,1,0,405,1,1,0,0
3007,6.43,63,3,3,1,0,0,1,0,0,1,0,0,0,0,0,2,0,1,1,0,30,1,1,1,2
3008,7.66,72,1,3,2,2,2,2,1,1,1,1,1,1,1,0,6,1,4,5,0,575,2,1,2,1
3009,7.8,71,2,4,2,2,2,2,1,2,1,2,1,1,1,0,5,1,3,4,1,438,2,2,2,0
3010,8.2,97,1,3,2,1,2,1,1,2,2,2,1,1,1,1,6,1,2,4,1,637,1,1,2,1
3011,8.37,80,1,3,2,2,2,1,2,2,2,1,1,1,1,1,4,1,2,4,0,581,2,1,2,0
3012,6.71,76,2,3,2,1,2,2,2,1,0,2,1,1,1,0,5,1,3,1,0,459,1,1,0,0
3013,9.22,93,0,3,1,0,1,0,1,1,2,2,0,0,0,0,1,0,0,0,0,6,1,1,1,2
3014,8.2,93,0,3,2,2,2,1,2,1,1,1,1,1,1,1,5,1,5,4,1,523,2,1,1,1
3015,6.26,56,3,4,1,1,1,0,0,1,0,0,0,0,0,0,1,0,0,1,0,0,0,0,0,2
3016,7.43,69,0,3,2,1,2,1,1,2,1,0,1,1,1,0,7,0,3,5,0,586,1,2,2,1
3017,8.11,90,0,2,2,0,2,1,2,1,1,1,1,1,0,0,4,0,2,3,1,177,2,2,0,0
3018,7.97,69,1,4,2,2,2,1,2,2,1,2,1,1,1,0,4,0,3,3,0,474,1,2,0,0
3019,7.04,74,0,4,2,2,2,1,2,1,0,0,1,1,1,0,8,1,4,4,1,596,1,2,2,1
3020,8.51,93,0,4,0,0,0,0,2,1,1,2,1,1,0,0,2,1,0,1,0,83,2,1,0,0
3021,7.02,77,2,3,2,0,1,1,2,1,0,1,1,1,0,0,4,1,3,1,0,244,1,1,0,0
3022,7.29,88,2,2,1,0,1,1,1,2,1,0,1,1,0,0,3,1,1,1,1,389,2,2,0,0
3023,6.22,60,3,2,1,1,1,1,0,1,0,1,0,0,0,0,0,0,0,0,0,67,1,1,0,2
3024,8.49,83,0,3,2,0,1,2,2,1,1,1,1,1,0,0,4,1,3,2,0,237,1,2,1,0
3025,6.5,88,1,3,2,2,2,2,2,1,2,2,1,1,1,0,8,1,3,2,1,565,2,1,2,1
3026,8.74,88,0,4,1,1,1,1,2,1,1,1,1,1,1,1,5,1,4,4,1,571,1,2,0,0
3027,9.1,84,0,3,1,1,2,1,2,1,2,1,1,1,1,1,4,1,4,1,1,402,2,2,0,1
3028,6.2,56,1,3,1,1,0,0,1,0,0,1,0,0,0,0,2,0,0,1,0,80,0,0,0,2
3029,7.87,91,1,4,2,1,2,2,2,1,2,2,1,1,1,1,6,1,4,1,0,575,2,1,1,1
3030,8.59,92,0,4,1,0,1,1,1,1,2,1,0,0,0,0,1,0,1,1,0,49,0,1,1,2
3031,7.52,89,1,3,1,2,1,1,2,2,0,1,1,1,0,0,4,1,2,1,0,117,1,1,0,0
3032,8.13,82,0,4,1,1,1,0,2,1,2,1,1,1,0,0,2,1,2,3,0,178,2,2,0,0
3033,7.62,70,0,4,2,0,2,1,1,2,1,0,1,1,0,0,3,1,4,0,0,154,1,2,0,0
3034,7.65,70,0,3,1,0,1,1,2,2,0,0,1,1,0,0,4,0,2,0,0,390,2,2,1,0
3035,7.36,70,2,4,2,1,2,1,2,2,2,0,1,1,1,0,6,1,2,5,1,665,2,1,0,1
3036,7.8,88,1,4,1,2,2,2,1,1,0,2,1,1,0,0,3,0,3,1,0,416,0,2,0,0
3037,8.82,99,0,4,1,0,0,0,1,1,2,1,1,1,0,0,3,1,2,1,0,63,1,2,1,2
3038,9.62,96,0,4,1,0,1,1,2,1,1,2,0,0,0,0,1,0,1,1,0,57,1,2,1,0
3039,5.52,84,4,4,0,0,1,0,0,0,0,0,0,0,0,0,1,0,1,0,0,78,0,1,0,2
3040,8.08,74,2,2,1,2,1,1,1,1,2,2,1,1,0,0,5,1,2,3,1,212,2,1,0,0
3041,8.04,89,2,3,1,0,2,1,1,2,2,1,1,1,0,0,3,1,3,2,0,111,1,1,0,0
3042,9.72,94,0,4,0,1,0,1,1,2,1,2,0,0,0,0,1,0,2,0,0,16,2,1,0,0
3043,6.13,74,3,4,0,1,0,1,0,0,1,1,0,0,0,0,2,0,0,0,0,43,0,0,1,2
3044,8.89,87,0,2,1,1,2,2,1,1,1,2,1,1,1,1,4,1,4,2,0,619,2,1,1,1
3045,9.57,100,0,4,0,1,1,1,1,1,1,1,0,0,0,0,1,0,1,0,0,19,1,1,0,0
3046,7.2,77,1,4,2,1,2,1,1,2,0,0,1,1,1,0,7,1,3,4,0,646,1,2,2,1
3047,7.17,78,1,3,2,1,2,1,1,1,1,2,1,1,0,0,4,1,2,3,0,265,2,2,0,0
3048,7.74,95,2,3,1,0,1,2,1,2,1,2,1,1,0,0,5,1,2,0,1,399,1,2,0,0
3049,9.63,99,0,4,0,0,1,1,2,2,2,1,0,0,0,0,0,0,1,1,0,49,1,2,1,2
3050,8.22,85,2,4,1,0,1,1,2,2,2,2,1,1,0,0,5,0,2,2,0,168,0,2,1,0
3051,7.78,73,1,4,1,2,2,2,1,2,1,0,1,1,0,0,2,1,4,2,0,177,1,1,0,2
3052,7.68,75,0,4,2,2,2,2,2,2,0,2,1,1,1,0,5,1,3,4,1,649,1,1,0,0
3053,7.68,91,2,4,2,0,2,2,1,2,2,0,1,1,0,0,5,1,2,1,1,313,1,2,1,1
3054,7.2,86,0,4,2,2,2,1,1,1,0,2,1,1,0,0,5,0,4,3,1,114,1,2,0,0
3055,8.9,84,0,3,2,1,2,2,2,2,2,1,1,1,1,1,5,1,3,1,1,366,1,2,2,1
3056,8.69,94,0,4,1,1,1,1,2,2,2,2,1,1,1,1,6,1,5,3,0,402,1,2,0,0
3057,7.62,71,0,3,1,0,1,0,2,2,0,0,1,1,0,0,5,1,2,3,1,257,1,1,0,0
3058,8.19,80,1,4,2,1,2,2,2,1,1,1,1,1,1,0,8,1,2,2,1,499,1,1,1,1
3059,6.49,59,2,4,1,0,1,0,0,1,1,1,0,0,0,0,0,0,1,0,0,80,1,1,1,2
3060,7.38,72,0,4,1,1,2,0,2,2,1,0,1,1,0,0,4,0,3,2,0,113,0,1,0,0
3061,7.9,100,1,3,1,1,2,1,1,2,2,1,1,1,1,1,7,1,4,3,0,541,1,2,1,0
3062,7.89,93,0,4,2,0,2,1,1,2,0,2,1,1,0,0,4,0,1,0,0,357,2,2,0,1
3063,8.62,82,0,2,1,2,2,1,2,1,1,2,1,1,1,1,6,1,4,1,0,636,2,2,2,1
3064,7.72,78,0,3,2,1,2,1,1,2,1,0,1,1,1,0,7,1,2,3,1,499,1,1,1,0
3065,7.61,75,1,3,2,0,1,1,1,2,2,1,1,1,0,0,5,1,4,0,1,440,1,2,1,0
3066,6.57,69,1,3,0,0,0,1,0,0,0,0,0,0,0,0,2,0,0,0,0,13,0,1,0,2
3067,6.26,56,3,3,0,1,0,1,1,1,1,0,0,0,0,0,0,0,0,1,0,55,0,0,1,2
3068,9.46,94,0,3,1,1,0,1,2,1,2,1,0,0,0,0,2,0,0,0,0,23,0,2,1,2
3069,5.97,84,2,4,1,0,0,1,0,0,1,1,0,0,0,0,0,0,0,0,0,34,0,0,1,2
3070,9.0,80,0,4,1,2,1,1,1,2,1,2,1,1,1,1,4,1,2,4,1,573,2,1,0,1
3071,7.29,76,2,4,2,2,2,1,1,1,1,1,1,1,1,0,5,0,4,5,1,365,1,1,2,0
3072,7.61,75,1,2,2,1,2,1,1,1,1,1,1,1,1,0,7,1,2,5,1,678,1,1,0,0
3073,8.43,92,0,3,1,0,1,1,2,1,2,2,0,0,0,0,0,0,2,1,0,27,1,1,1,2
3074,7.6,73,0,2,1,1,1,1,2,1,0,2,1,1,0,0,3,1,4,3,0,184,1,1,1,2
3075,8.46,98,0,4,0,1,0,0,1,2,1,1,1,1,0,0,3,0,1,0,1,88,1,1,1,2
3076,8.45,90,2,2,2,0,1,2,1,1,1,0,1,1,0,0,3,1,4,3,1,132,1,2,1,0
3077,7.45,86,2,2,1,1,2,2,1,1,1,1,1,1,0,0,5,0,2,1,1,220,1,1,1,1
3078,9.72,96,0,2,2,1,2,2,2,2,2,2,1,1,1,1,8,1,4,3,1,567,2,2,2,1
3079,7.94,83,0,4,1,1,2,1,2,1,1,1,1,1,1,1,7,1,2,2,0,639,1,1,0,1
3080,9.0,99,0,3,0,0,1,0,1,2,1,2,0,0,0,0,1,0,2,1,0,18,0,2,1,2
3081,7.6,93,0,4,1,0,1,1,2,1,1,2,1,1,0,0,2,0,1,1,0,239,2,1,1,0
3082,8.8,94,0,4,1,0,1,0,2,2,1,1,0,0,0,0,0,0,0,1,0,57,1,2,1,2
3083,7.88,98,0,4,1,1,1,1,1,2,1,1,1,1,1,1,4,1,3,4,0,412,2,2,1,0
3084,6.93,71,2,4,2,1,2,2,1,2,0,1,1,1,1,0,4,0,2,3,1,562,1,1,0,0
3085,8.32,74,1,4,2,1,1,2,1,2,2,0,1,1,0,0,3,0,4,1,1,230,2,1,1,1
3086,7.78,71,0,4,2,0,1,1,2,1,2,2,1,1,0,0,5,1,2,1,1,414,2,2,1,1
3087,8.59,93,0,2,1,1,1,1,2,1,2,1,0,0,0,0,1,0,2,1,0,115,0,2,0,0
3088,8.54,94,0,4,1,0,1,0,2,1,2,2,0,0,0,0,1,0,2,1,0,44,1,1,0,2
3089,8.9,95,0,3,1,1,2,2,2,2,1,1,1,1,1,1,6,1,5,3,0,345,1,2,2,0
3090,6.33,65,3,4,1,1,0,0,1,1,0,0,0,0,0,0,2,0,1,0,0,53,1,0,1,2
3091,7.02,88,2,2,2,1,2,1,1,1,2,0,1,1,0,0,5,0,2,1,0,218,1,1,1,0
3092,6.87,60,1,4,1,1,1,0,1,0,0,0,0,0,0,0,1,0,1,1,0,14,1,0,0,2
3093,7.36,92,2,3,2,0,2,2,1,2,0,1,1,1,0,0,3,0,4,2,0,364,0,2,1,0
3094,7.11,76,0,4,2,2,2,2,1,1,2,1,1,1,1,0,8,1,3,3,1,716,1,1,0,1
3095,7.6,74,1,3,1,2,1,1,2,1,2,1,1,1,0,0,3,0,2,0,0,443,1,1,0,0
3096,7.59,89,1,4,1,0,1,2,1,2,2,1,1,1,0,0,3,1,3,1,0,382,1,1,0,0
3097,8.87,99,0,4,2,1,2,1,2,2,1,1,1,1,1,1,8,1,4,2,1,861,1,2,2,1
3098,7.85,86,2,3,2,1,2,1,2,2,2,2,1,1,1,0,6,1,3,4,0,518,1,2,1,1
3099,8.81,92,0,3,1,2,2,2,2,2,2,1,1,1,1,1,4,1,4,4,0,289,2,1,0,0
3100,7.93,81,0,4,2,1,1,1,2,2,1,2,1,1,1,1,7,1,4,1,1,469,1,1,1,0
3101,7.63,90,1,3,2,1,1,2,2,1,1,1,1,1,0,0,2,0,4,3,0,338,2,2,0,0
3102,8.95,90,0,3,2,1,2,1,2,2,1,1,1,1,1,1,8,1,5,4,1,558,2,1,1,1
3103,7.54,75,1,3,1,0,2,2,1,1,0,1,1,1,0,0,3,1,4,2,0,387,1,1,0,0
3104,7.8,84,0,3,2,1,2,1,1,1,1,1,1,1,0,0,5,1,3,2,1,347,2,2,1,0
3105,8.57,100,0,4,1,1,1,2,1,1,2,2,1,1,1,1,5,1,3,2,0,424,1,1,1,0
3106,9.11,85,0,4,2,1,1,1,1,2,2,1,1,1,1,1,7,1,5,4,0,462,1,1,1,0
3107,6.6,58,5,4,1,0,0,0,0,1,1,0,0,0,0,0,0,0,0,1,0,78,0,1,0,2
3108,7.72,70,1,3,2,2,2,1,2,1,2,0,1,1,1,0,7,1,4,2,1,558,2,2,1,1
3109,7.29,92,0,4,2,2,1,2,1,2,1,0,1,1,0,0,5,0,3,0,1,275,2,2,0,0
3110,8.37,70,1,4,1,0,1,2,1,2,1,0,1,1,0,0,3,0,4,1,1,248,2,1,0,0
3111,6.97,69,0,4,2,2,2,2,2,2,1,0,1,1,1,0,8,1,4,3,1,388,2,1,0,0
3112,8.81,96,0,2,0,0,0,1,2,2,2,2,0,0,0,0,1,0,2,1,0,24,0,2,1,2
3113,8.04,80,1,3,2,2,2,1,2,2,2,1,1,1,0,0,3,0,3,1,0,410,2,2,1,0
3114,7.64,82,0,2,2,0,1,1,2,1,2,1,1,1,0,0,5,1,3,2,0,154,2,2,0,0
3115,9.19,100,0,4,2,2,2,1,2,2,2,1,1,1,1,1,7,1,5,5,0,717,2,2,1,1
3116,6.03,79,4,2,0,0,0,1,1,0,1,0,0,0,0,0,2,0,1,0,0,75,1,1,0,2
3117,9.68,85,0,4,2,2,2,2,2,2,2,1,1,1,1,1,8,1,6,3,1,673,2,2,1,1
3118,8.83,94,0,3,1,0,1,0,2,1,1,2,0,0,0,0,2,0,0,1,0,92,1,2,0,2
3119,7.53,77,2,3,1,1,2,2,1,1,2,2,1,1,0,0,3,1,3,1,1,261,1,2,1,0
3120,8.75,100,0,4,2,1,1,2,1,1,2,2,1,1,1,1,7,1,4,4,0,529,2,1,0,1
3121,9.16,82,0,4,1,2,2,2,2,1,1,2,1,1,1,1,6,0,2,2,0,284,2,2,1,1
3122,7.66,73,0,3,2,2,1,1,2,2,0,2,1,1,0,0,3,0,1,3,0,216,0,2,0,0
3123,7.79,74,2,4,2,1,2,1,2,1,2,0,1,1,1,0,5,0,2,1,0,464,1,1,2,0
3124,6.04,85,5,4,1,1,1,0,1,0,1,1,0,0,0,0,1,0,0,1,0,63,1,0,0,2
3125,8.1,76,0,3,1,1,2,2,2,2,0,0,1,1,0,0,3,0,4,0,0,295,1,2,0,0
3126,9.51,100,0,4,2,1,2,2,2,2,2,1,1,1,1,1,5,1,5,2,1,697,1,2,2,1
3127,7.14,79,2,3,2,2,2,1,2,2,0,2,1,1,1,0,8,1,2,1,0,371,1,1,0,0
3128,9.12,81,1,4,2,1,2,2,2,2,1,1,1,1,1,1,5,0,2,2,0,412,2,1,0,1
3129,7.23,70,1,4,2,2,1,2,1,1,0,2,1,1,0,0,4,0,2,3,1,149,1,2,0,0
3130,7.54,72,0,4,1,1,2,2,1,2,2,2,1,1,0,0,2,0,3,3,0,221,2,1,1,0
3131,7.1,79,1,3,2,1,2,1,1,1,2,1,1,1,1,0,8,1,4,5,0,708,1,2,1,0
3132,9.72,90,0,3,0,0,0,1,2,2,2,2,0,0,0,0,2,0,2,1,0,35,2,2,1,2
3133,9.56,91,0,4,0,1,1,1,1,2,1,2,0,0,0,0,0,0,1,1,0,14,2,1,0,2
3134,7.14,90,2,4,2,1,2,1,2,1,0,2,1,1,1,0,5,0,2,4,0,595,2,2,0,1
3135,6.44,68,3,2,1,0,1,1,1,1,1,1,1,1,0,0,2,1,1,0,0,13,1,1,0,0
3136,7.9,71,0,3,2,0,2,2,2,2,2,0,1,1,0,0,4,1,1,0,1,388,2,1,1,1
3137,8.45,71,0,2,2,1,1,1,1,2,0,0,1,1,0,0,4,1,1,2,0,117,1,2,0,0
3138,9.41,100,0,3,0,1,0,1,1,1,1,2,0,0,0,0,0,0,0,0,0,80,0,2,1,2
3139,7.98,84,2,3,2,1,2,1,1,1,1,1,1,1,0,0,5,1,4,2,0,439,2,2,1,0
3140,8.03,88,0,4,2,2,2,2,1,2,2,1,1,1,0,0,5,0,2,0,1,179,2,2,0,0
3141,7.96,72,1,2,1,0,1,1,1,1,0,2,1,1,0,0,4,1,2,1,0,372,2,1,1,0
3142,6.92,76,1,2,1,0,1,0,0,0,0,0,0,0,0,0,1,0,1,1,0,66,0,1,1,2
3143,5.77,65,1,4,0,1,0,1,1,0,1,1,0,0,0,0,1,0,1,0,0,11,0,1,0,2
3144,5.71,62,1,3,0,0,0,1,0,1,1,1,0,0,0,0,0,0,0,0,0,38,0,0,1,2
3145,9.12,81,0,4,2,2,1,1,1,1,2,1,1,1,1,1,4,0,2,4,1,578,2,1,2,0
3146,7.95,88,1,3,1,1,2,1,2,1,2,1,1,1,1,1,4,0,2,3,1,626,1,1,0,1
3147,5.59,79,3,4,1,0,1,1,1,1,1,0,0,0,0,0,0,0,0,0,0,70,1,0,0,2
3148,6.9,66,2,4,2,1,2,2,2,2,2,2,1,1,1,0,4,1,2,1,0,793,1,2,0,1
3149,8.47,91,2,4,1,0,2,1,2,2,2,1,1,1,0,0,2,0,1,3,0,170,2,2,0,0
3150,9.53,92,0,3,0,0,0,0,2,1,2,1,1,1,0,0,2,1,1,1,0,22,2,1,0,2
3151,6.27,78,5,2,1,1,1,0,0,0,1,0,0,0,0,0,0,0,1,1,0,18,1,0,1,2
3152,6.52,75,2,4,2,2,2,2,2,2,2,2,1,1,1,0,8,1,2,1,0,761,2,1,2,1
3153,9.72,98,0,3,1,0,1,0,2,1,2,2,0,0,0,0,1,0,0,0,0,2,0,1,1,0
3154,7.81,88,1,4,2,1,2,2,1,2,1,2,1,1,1,0,7,1,2,3,1,684,2,2,0,1
3155,8.56,82,0,3,1,1,2,2,1,2,2,1,1,1,1,1,6,1,5,1,0,455,1,2,0,1
3156,8.72,83,0,4,1,2,1,1,1,2,2,2,1,1,1,1,5,1,4,2,0,289,1,1,1,0
3157,7.62,77,2,4,1,2,1,1,2,1,2,2,1,1,0,0,4,1,4,1,0,168,2,1,1,0
3158,7.63,79,0,4,2,1,2,1,2,2,2,1,1,1,0,0,4,1,4,2,0,204,2,1,0,1
3159,7.05,83,2,2,1,0,2,0,2,1,2,2,1,1,0,0,5,1,2,3,1,244,1,1,1,0
3160,7.75,82,1,4,1,1,2,1,1,2,0,0,1,1,0,0,3,1,3,0,1,384,1,1,1,0
3161,5.92,66,2,2,1,0,0,1,1,0,1,1,0,0,0,0,1,0,1,1,0,35,0,0,1,2
3162,6.84,79,3,3,0,1,1,0,1,0,1,0,0,0,0,0,2,0,1,1,0,47,0,0,1,2
3163,7.39,78,0,3,2,0,2,1,2,1,0,2,1,1,0,0,5,1,4,2,0,326,2,2,0,0
3164,6.74,79,2,4,2,2,2,2,1,1,2,0,1,1,1,0,7,1,2,4,0,656,1,1,0,0
3165,9.3,91,0,4,2,1,2,2,2,2,2,1,1,1,1,1,5,1,7,5,0,617,1,2,2,1
3166,5.59,70,5,3,1,0,0,1,0,1,1,0,0,0,0,0,2,0,0,0,0,35,1,0,0,2
3167,9.1,92,0,4,0,1,1,1,2,1,1,2,1,1,0,0,2,1,2,0,0,45,2,1,1,0
3168,8.13,65,2,2,2,2,2,1,2,2,2,1,1,1,1,0,6,1,4,2,1,788,2,2,1,0
3169,8.33,95,0,4,1,0,1,0,1,1,1,2,1,1,0,0,5,1,3,3,0,322,1,2,1,2
3170,7.63,70,0,2,1,1,2,0,1,1,2,2,1,1,0,0,2,0,3,2,0,216,1,2,1,0
3171,9.39,91,0,3,0,0,1,1,2,1,2,1,0,0,0,0,0,0,2,0,0,102,1,1,1,0
3172,7.65,71,1,3,2,0,2,1,2,1,0,0,1,1,0,0,5,0,2,0,0,250,2,1,1,0
3173,7.79,83,2,2,2,2,2,2,1,1,1,0,1,1,1,0,8,1,3,3,0,463,2,2,1,1
3174,8.73,92,0,2,1,1,1,1,1,2,1,2,0,0,0,0,2,0,0,0,0,78,2,2,1,0
3175,8.03,82,2,4,2,2,2,2,1,1,0,1,1,1,1,0,5,0,2,5,0,407,1,1,2,0
3176,8.95,81,1,4,1,1,2,2,1,2,2,2,1,1,1,1,7,1,4,4,1,493,2,2,0,1
3177,7.05,86,0,4,2,2,2,2,2,2,0,0,1,1,0,0,5,1,2,1,0,295,2,2,1,1
3178,9.02,96,0,4,1,1,0,0,1,2,1,2,0,0,0,0,0,0,2,0,0,4,0,2,0,2
3179,7.9,70,0,4,2,1,2,2,2,1,1,1,1,1,1,0,8,1,2,2,1,687,1,2,0,0
3180,6.87,87,1,4,2,1,2,2,1,2,0,0,1,1,1,0,6,1,4,4,1,596,2,1,2,1
3181,7.85,90,0,2,2,1,2,1,2,2,1,1,1,1,1,1,6,1,5,1,1,470,2,1,0,1
3182,7.1,69,0,3,2,2,2,2,1,1,1,2,1,1,1,0,5,1,2,1,0,736,2,1,1,1
3183,8.84,90,0,4,2,1,2,2,2,2,2,2,1,1,1,1,7,1,5,4,1,540,2,2,2,1
3184,6.82,82,2,4,2,1,2,2,1,1,2,2,1,1,1,0,7,1,2,3,1,549,1,2,1,0
3185,8.05,75,2,4,2,0,1,2,1,1,0,0,1,1,0,0,3,0,4,0,0,409,2,1,1,0
3186,7.33,94,1,2,1,2,2,1,2,2,0,1,1,1,0,0,2,0,3,1,0,386,0,2,1,2
3187,5.81,64,3,4,1,0,1,1,1,1,1,1,0,0,0,0,0,0,1,1,0,44,0,1,1,0
3188,8.74,96,0,3,1,0,0,0,2,1,2,2,0,0,0,0,1,0,1,1,0,103,0,1,1,2
3189,8.27,75,0,3,2,2,1,2,1,1,1,2,1,1,0,0,5,1,3,3,0,370,1,1,0,0
3190,8.01,92,1,2,2,1,2,2,2,2,0,1,1,1,0,0,4,0,1,3,0,259,0,1,1,0
3191,5.9,70,5,4,0,1,1,0,1,0,1,1,0,0,0,0,1,0,1,0,0,13,0,0,0,2
3192,5.54,59,5,3,1,0,1,0,1,1,0,0,1,1,0,0,2,1,0,1,0,41,1,0,1,2
3193,6.83,76,1,3,2,2,2,2,2,1,2,2,1,1,1,0,5,1,3,3,0,571,1,1,1,0
3194,6.68,78,1,2,2,1,2,2,2,2,0,1,1,1,1,0,5,0,4,4,0,764,1,2,0,0
3195,6.74,66,2,2,2,2,2,2,1,1,1,2,1,1,1,0,4,1,1,5,1,545,1,1,0,0
3196,5.89,64,1,3,1,1,0,1,0,1,1,0,0,0,0,0,0,0,0,0,0,74,1,1,0,2
3197,8.86,95,0,4,0,1,0,1,2,2,2,1,1,1,0,0,2,1,0,0,0,67,2,1,1,2
3198,9.91,91,0,3,2,1,2,2,2,2,1,1,1,1,1,1,7,1,7,3,0,786,1,1,1,1
3199,9.37,91,0,3,0,0,1,0,2,2,1,2,0,0,0,0,2,0,2,0,0,115,0,2,0,2
3200,7.81,87,1,2,1,1,2,1,1,1,1,2,1,1,1,1,7,0,3,2,0,578,1,2,2,1
3201,8.16,80,0,4,1,1,1,2,1,2,1,2,1,1,1,1,5,0,2,3,1,557,2,2,0,0
3202,9.6,99,0,4,0,1,1,1,1,1,2,1,0,0,0,0,0,0,0,1,0,21,2,1,0,0
3203,6.77,79,0,3,2,1,2,1,2,1,1,1,1,1,1,0,5,1,2,2,1,633,1,2,0,0
3204,6.55,66,1,4,2,2,2,2,2,1,1,0,1,1,1,0,6,1,3,1,1,762,2,1,1,1
3205,9.41,99,0,3,2,1,2,1,2,2,1,2,1,1,1,1,8,1,4,3,1,842,2,1,2,1
3206,7.56,82,2,3,1,1,1,1,2,2,0,0,1,1,0,0,4,1,2,2,1,297,1,2,1,0
3207,6.7,68,4,4,1,0,0,1,0,1,0,0,0,0,0,0,2,0,1,1,0,46,0,0,1,2
3208,9.12,99,0,4,0,1,1,1,2,2,2,2,0,0,0,0,0,0,1,1,0,114,0,1,1,2
3209,8.07,68,1,3,2,2,2,2,2,2,1,2,1,1,1,0,5,1,4,1,1,753,2,1,1,1
3210,7.39,75,2,4,2,1,1,1,2,2,1,1,1,1,0,0,2,0,3,0,0,321,2,1,1,0
3211,8.49,89,0,3,2,0,1,2,2,1,0,2,1,1,0,0,5,0,4,2,1,435,2,1,1,1
3212,8.27,71,0,3,2,1,2,1,2,1,2,0,1,1,0,0,5,0,3,2,0,384,0,1,0,0
3213,9.63,93,0,4,0,0,1,0,1,1,1,1,0,0,0,0,0,0,1,1,0,26,1,1,0,2
3214,7.44,69,1,2,2,2,2,2,2,2,0,2,1,1,1,0,8,1,3,5,1,476,2,1,0,0
3215,8.02,78,2,4,1,1,1,1,2,2,2,1,1,1,0,0,5,0,2,2,1,361,1,1,1,0
3216,7.26,79,0,3,2,0,1,1,2,1,2,1,1,1,0,0,2,0,3,1,0,436,2,1,0,0
3217,6.73,70,2,2,2,2,2,1,1,2,0,2,1,1,1,0,8,1,2,1,1,419,2,2,2,1
3218,9.39,88,0,4,2,2,2,1,2,2,2,2,1,1,1,1,7,1,7,5,1,869,2,1,1,1
3219,9.47,96,0,4,2,2,2,1,2,2,2,1,1,1,1,1,5,1,5,5,1,646,1,1,1,1
3220,8.01,75,2,3,2,2,2,2,1,2,0,2,1,1,1,0,8,1,2,5,1,592,1,1,1,1
3221,8.31,81,0,3,1,1,2,1,1,2,1,2,1,1,1,1,5,1,3,1,0,344,2,2,0,1
3222,8.16,86,1,2,2,2,1,2,2,1,2,0,1,1,0,0,3,1,1,2,1,247,1,2,0,0
3223,8.71,100,0,2,1,0,1,0,1,2,1,1,0,0,0,0,1,0,2,1,0,2,1,1,1,2
3224,7.02,86,2,3,2,2,2,2,2,2,1,0,1,1,1,0,8,0,2,5,1,355,1,1,2,1
3225,8.71,81,1,4,1,2,2,1,2,2,1,2,1,1,1,1,4,1,4,1,0,445,2,2,2,0
3226,7.31,75,0,4,2,1,2,1,1,1,2,2,1,1,1,0,6,0,3,5,1,516,1,1,1,0
3227,8.05,93,1,3,1,2,1,2,2,1,1,2,1,1,1,1,6,1,5,2,1,423,2,2,1,1
3228,8.96,90,0,4,2,1,2,1,2,2,1,1,1,1,1,1,6,1,4,2,1,727,2,2,2,1
3229,7.84,84,0,2,1,1,1,1,1,2,2,2,1,1,1,1,6,1,4,3,1,320,1,2,0,0
3230,9.77,98,0,3,0,1,1,1,1,2,1,1,0,0,0,0,1,0,1,0,0,72,1,2,1,0
3231,6.59,61,2,2,0,1,0,0,0,1,1,1,0,0,0,0,0,0,1,0,0,22,0,0,1,2
3232,8.0,91,0,3,1,2,1,2,2,1,2,2,1,1,1,1,5,1,2,1,0,317,1,2,2,0
3233,5.59,68,1,4,0,1,1,1,0,1,0,1,0,0,0,0,1,0,1,1,0,18,1,1,0,0
3234,7.1,81,0,4,2,2,2,1,1,1,1,2,1,1,1,0,8,1,4,2,1,469,1,2,0,1
3235,7.99,80,0,2,2,1,2,2,2,2,2,0,1,1,1,0,6,1,2,2,1,496,1,2,1,0
3236,9.0,81,1,2,2,2,1,2,1,2,1,2,1,1,1,1,5,1,3,1,0,415,1,1,0,1
3237,8.9,96,0,3,2,2,2,2,2,2,2,1,1,1,1,1,6,1,6,5,1,888,2,2,1,1
3238,7.78,88,1,4,2,1,2,1,2,2,0,1,1,1,0,0,4,0,1,1,1,234,1,2,0,0
3239,6.29,83,1,3,0,0,1,0,1,0,0,1,0,0,0,0,0,0,1,1,0,80,1,0,1,2
3240,8.77,91,0,3,0,1,0,1,1,1,2,1,0,0,0,0,1,0,2,1,0,82,2,2,1,0
3241,7.12,84,2,3,2,1,2,1,2,1,2,2,1,1,1,0,8,1,4,1,1,520,1,1,0,0
3242,5.91,75,4,4,0,1,0,1,0,1,1,1,0,0,0,0,0,0,1,1,0,68,0,1,1,2
3243,6.84,71,0,4,2,2,2,1,2,1,0,0,1,1,1,0,6,1,3,3,1,499,1,2,0,0
3244,8.13,85,1,4,1,1,2,2,1,2,2,1,1,1,1,1,4,1,3,2,0,314,1,1,2,0
3245,7.28,74,0,4,2,1,2,1,1,2,0,2,1,1,0,0,3,1,3,3,0,427,1,1,0,2
3246,6.56,58,2,3,0,0,0,1,1,1,1,0,1,1,0,0,3,1,0,1,0,50,1,0,0,0
3247,7.67,85,0,4,2,1,2,1,2,1,1,1,1,1,1,0,5,1,2,1,1,515,1,1,0,0
3248,7.9,81,1,4,2,2,2,1,2,2,1,1,1,1,1,0,8,1,3,4,1,580,1,1,0,1
3249,7.71,81,2,2,2,0,2,1,2,2,1,0,1,1,0,0,5,0,2,0,0,365,0,2,1,0
3250,7.7,81,1,2,2,1,1,1,1,2,0,0,1,1,0,0,2,0,1,0,0,234,1,2,1,0
3251,9.01,80,1,4,2,1,2,2,2,2,2,1,1,1,1,1,7,0,5,1,0,369,2,2,1,1
3252,8.53,94,0,2,0,0,0,0,2,2,2,1,0,0,0,0,0,0,1,0,0,93,0,1,0,2
3253,8.68,97,0,3,0,1,0,0,1,1,1,2,0,0,0,0,1,0,1,1,0,34,0,2,1,2
3254,6.48,79,4,3,0,0,1,1,0,0,0,0,0,0,0,0,0,0,1,0,0,1,1,1,0,2
3255,6.58,72,0,3,2,1,2,1,1,1,2,0,1,1,1,0,8,1,2,2,1,516,2,2,2,1
3256,7.15,68,0,3,2,1,2,1,1,1,2,0,1,1,1,0,7,1,2,2,0,429,2,2,2,1
3257,9.01,95,1,4,2,1,2,2,1,1,1,1,1,1,1,1,5,1,2,2,1,444,2,1,1,0
3258,8.06,70,0,4,1,2,2,1,1,1,0,2,1,1,0,0,4,0,4,2,1,309,1,1,1,0
3259,8.86,99,0,4,1,0,0,0,2,2,2,2,1,0,0,0,2,1,2,0,0,39,2,2,0,2
3260,7.25,76,2,4,2,1,2,2,1,2,2,2,1,1,1,0,8,1,4,2,1,552,1,2,2,1
3261,7.04,94,2,4,2,0,2,1,2,1,1,1,1,1,0,0,5,0,4,2,0,112,0,1,1,0
3262,7.44,76,2,4,2,2,2,1,1,2,0,0,1,1,1,0,8,1,2,4,0,383,1,2,1,0
3263,6.24,78,3,3,1,1,0,0,1,0,0,0,0,0,0,0,2,0,1,1,0,37,1,0,0,2
3264,5.95,60,1,3,1,1,0,1,1,1,0,0,0,0,0,0,2,0,0,0,0,8,0,1,0,2
3265,8.06,77,0,2,1,2,2,1,2,2,2,1,1,1,0,0,3,1,2,0,0,421,1,2,1,0
3266,7.53,74,0,3,2,1,2,1,1,1,1,0,1,1,1,0,5,1,2,4,1,712,1,2,1,0
3267,7.87,94,0,2,1,2,2,2,2,1,2,2,1,1,1,1,6,1,4,4,1,358,2,1,2,1
3268,7.03,75,2,4,2,0,2,1,2,2,1,0,1,1,0,0,5,1,2,0,1,178,1,2,1,0
3269,7.87,83,1,3,1,1,2,1,2,1,0,2,1,1,0,0,3,1,2,2,0,117,1,2,1,0
3270,7.49,89,0,3,2,1,1,1,1,2,1,2,1,1,0,0,4,0,2,1,0,109,2,1,1,0
3271,7.18,75,0,4,2,2,2,1,2,1,0,2,1,1,1,0,8,0,4,1,1,798,2,1,2,1
3272,8.65,99,0,4,0,1,1,0,2,1,2,1,0,0,0,0,1,0,2,1,0,37,1,1,0,0
3273,7.56,93,2,2,1,0,2,1,2,1,0,2,1,1,0,0,2,0,4,0,0,295,1,2,1,0
3274,8.05,77,0,4,2,1,2,1,1,2,0,0,1,1,1,0,5,1,2,5,1,778,2,1,2,1
3275,5.89,67,1,3,0,1,0,1,1,0,1,0,1,1,0,0,2,1,0,1,0,37,1,0,1,2
3276,8.31,82,1,4,2,2,1,1,2,2,1,2,1,1,1,1,5,1,4,1,1,392,2,2,0,1
3277,5.69,82,5,2,1,0,1,1,0,0,0,1,1,0,0,0,2,1,1,1,0,3,1,1,0,2
3278,8.68,86,0,4,2,1,1,2,2,1,1,2,1,1,1,1,5,1,2,1,0,549,1,1,1,1
3279,8.87,99,0,3,2,2,2,2,2,2,1,1,1,1,1,1,8,1,4,4,1,477,2,1,2,1
3280,8.76,92,0,4,0,1,1,0,1,2,1,1,0,0,0,0,2,0,1,0,0,27,1,1,0,2
3281,8.72,99,0,4,1,1,1,0,1,1,2,2,0,0,0,0,1,0,0,1,0,102,2,1,1,2
3282,6.19,55,3,4,1,0,0,1,0,0,0,0,0,0,0,0,0,0,1,1,0,45,1,1,1,2
3283,9.2,95,0,2,2,2,2,2,2,2,2,2,1,1,1,1,8,1,3,2,0,528,1,1,2,1
3284,7.02,91,1,2,1,1,2,2,1,2,2,1,1,1,0,0,2,0,3,1,0,221,1,2,1,0
3285,8.86,86,1,3,1,1,2,1,1,1,2,1,1,1,1,1,6,1,4,3,0,359,1,2,1,0
3286,7.42,84,0,3,1,1,2,2,1,1,1,2,1,1,0,0,2,0,2,1,0,268,0,1,1,2
3287,8.76,95,0,4,2,2,2,2,2,1,1,2,1,1,1,1,5,1,2,3,0,271,1,1,2,0
3288,7.49,88,2,3,1,0,2,2,1,2,2,1,1,1,0,0,5,1,3,1,0,325,1,1,1,0
3289,6.98,72,1,4,2,1,2,1,1,1,2,0,1,1,1,0,6,0,4,2,1,413,1,2,1,0
3290,8.44,87,1,3,1,1,1,0,1,1,0,2,1,1,0,0,3,1,1,0,0,337,2,2,0,0
3291,7.22,93,1,4,2,2,2,1,2,2,2,1,1,1,0,0,5,1,4,0,1,264,1,1,1,0
3292,8.46,94,0,4,2,2,2,1,2,1,2,2,1,1,1,1,5,1,4,3,1,585,2,1,0,1
3293,6.73,61,5,3,0,0,0,1,0,1,1,1,0,0,0,0,2,0,1,0,0,6,1,1,0,2
3294,8.79,99,0,4,1,1,1,1,1,1,2,2,0,0,0,0,1,0,0,1,0,4,1,1,1,0
3295,7.93,81,0,4,1,1,2,1,2,2,1,1,1,1,1,1,5,0,4,3,0,394,1,2,0,0
3296,7.41,75,0,3,2,1,2,2,1,2,0,2,1,1,1,0,8,0,3,3,0,459,1,1,0,1
3297,7.56,84,0,3,2,1,2,2,2,2,2,2,1,1,0,0,4,0,4,0,1,434,1,2,0,0
3298,9.21,95,0,3,2,2,2,2,2,2,1,1,1,1,1,1,6,1,5,2,0,721,1,1,1,1
3299,7.31,66,0,3,2,2,2,1,2,2,2,1,1,1,1,0,6,1,2,5,1,776,2,2,2,1
3300,7.5,80,2,2,2,0,1,2,2,2,1,1,1,1,0,0,5,1,4,3,0,325,1,2,1,1
3301,7.15,82,1,4,1,0,2,0,1,1,0,0,1,1,0,0,4,0,1,2,0,295,2,2,1,0
3302,9.71,100,0,4,0,1,1,1,2,2,1,1,0,0,0,0,0,0,0,0,0,115,2,1,0,0
3303,9.44,93,0,4,0,1,0,0,1,2,1,2,0,0,0,0,1,0,0,1,0,23,1,1,1,2
3304,8.82,94,0,3,2,2,2,1,2,2,2,2,1,1,1,1,5,0,7,2,1,801,1,2,1,1
3305,7.18,71,2,2,1,1,1,1,2,1,1,2,1,1,0,0,2,1,4,1,0,116,1,1,1,0
3306,7.03,89,1,4,2,1,2,1,1,2,1,2,1,1,0,0,5,1,2,1,1,162,1,2,0,0
3307,8.78,99,0,4,1,1,1,0,1,2,1,2,0,0,0,0,1,0,2,0,0,52,2,1,1,2
3308,9.73,99,0,4,2,2,2,1,2,2,1,2,1,1,1,1,8,1,4,5,1,520,2,1,2,1
3309,5.98,61,2,4,0,0,0,1,1,0,0,1,0,0,0,0,2,0,1,1,0,48,0,0,1,2
3310,8.29,73,2,4,2,1,1,2,1,1,1,1,1,1,0,0,2,0,3,2,0,319,2,2,1,0
3311,7.55,73,2,4,1,1,1,2,1,1,1,0,1,1,0,0,4,1,1,2,0,123,2,2,1,0
3312,8.91,91,0,4,1,0,0,0,2,1,2,1,0,0,0,0,2,0,0,1,0,11,1,2,1,0
3313,9.05,99,0,4,2,2,1,1,1,1,1,2,1,1,1,1,5,1,5,1,0,380,2,1,1,1
3314,8.62,95,0,2,0,1,1,0,2,2,2,2,0,0,0,0,2,0,2,1,0,22,0,1,1,2
3315,8.94,86,1,3,1,1,1,2,1,2,2,1,1,1,1,1,6,1,2,2,0,266,2,2,0,1
3316,9.09,96,0,4,2,1,2,2,2,2,1,1,1,1,1,1,7,1,6,2,1,475,2,1,2,1
3317,6.49,84,5,4,1,0,0,0,1,0,1,1,0,0,0,0,1,0,1,0,0,13,1,0,1,2
3318,9.54,94,0,2,2,1,2,2,2,2,2,1,1,1,1,1,7,1,4,2,1,816,1,2,2,1
3319,9.34,92,0,4,1,1,1,1,2,2,1,1,0,0,0,0,0,0,1,0,0,58,0,1,1,0
3320,9.25,96,0,4,0,0,0,0,1,2,2,2,1,0,0,0,2,1,0,1,0,107,2,1,1,2
3321,8.94,81,1,3,1,2,2,1,2,2,1,1,1,1,1,1,5,1,4,3,1,580,2,1,1,1
3322,7.29,83,2,4,2,1,1,2,2,2,2,0,1,1,0,0,5,1,4,1,0,112,2,2,1,0
3323,7.6,83,1,3,2,2,2,2,1,2,0,2,1,1,1,0,8,0,2,4,0,597,1,2,2,1
3324,8.46,86,1,4,2,1,2,2,2,2,2,2,1,1,1,1,5,1,2,4,0,456,1,1,1,1
3325,7.44,95,2,2,2,0,2,1,2,1,2,0,1,1,0,0,4,0,3,0,1,208,1,1,1,0
3326,8.89,89,1,4,1,1,2,2,1,2,2,1,1,1,1,1,4,1,5,3,0,477,2,1,2,0
3327,8.45,88,0,3,2,2,1,1,2,2,2,2,1,1,1,1,7,1,3,3,1,455,2,1,1,0
3328,9.1,94,0,2,2,2,2,1,2,2,1,2,1,1,1,1,5,1,6,2,0,581,2,1,2,1
3329,8.42,80,0,4,2,2,1,1,2,2,2,2,1,1,0,0,4,0,2,2,0,109,1,2,1,0
3330,8.24,87,0,4,1,1,2,1,2,2,2,1,1,1,1,1,6,1,4,3,1,421,1,2,1,1
3331,6.02,76,2,4,0,0,1,1,1,0,1,1,0,0,0,0,1,0,0,1,0,4,0,1,1,2
3332,7.19,88,0,4,2,1,2,1,2,2,2,2,1,1,1,0,7,1,4,3,1,534,1,1,2,1
3333,9.55,86,0,2,2,1,2,2,2,2,2,1,1,1,1,1,6,1,6,4,1,757,1,1,2,1
3334,9.51,97,0,3,1,1,0,0,2,1,1,1,0,0,0,0,0,0,1,1,0,16,2,1,0,0
3335,8.84,88,0,2,2,2,2,1,2,2,2,2,1,1,1,1,6,1,4,3,1,747,1,2,1,1
3336,9.31,87,0,4,2,2,2,1,2,2,1,1,1,1,1,1,7,0,5,4,1,523,2,2,2,1
3337,7.36,71,1,3,2,1,2,1,1,2,0,1,1,1,1,0,6,1,2,5,0,369,2,1,1,1
3338,8.53,89,1,3,2,1,2,2,1,1,1,2,1,1,1,1,7,1,3,2,1,603,1,2,2,1
3339,9.13,99,0,4,2,1,2,2,1,1,2,1,1,1,1,1,5,0,3,1,0,543,1,1,0,0
3340,8.94,89,0,3,2,1,2,1,2,2,1,2,1,1,1,1,8,1,4,2,1,859,1,2,1,1
3341,9.93,88,0,4,2,1,2,2,2,2,2,1,1,1,1,1,5,1,6,5,1,768,1,1,1,1
3342,6.78,78,5,3,0,0,1,1,1,0,0,0,0,0,0,0,1,0,0,1,0,31,1,0,1,0
3343,8.04,71,0,3,2,1,2,1,1,1,2,2,1,1,1,0,8,0,2,1,1,534,1,1,1,1
3344,7.67,85,2,3,2,2,2,1,2,1,0,0,1,1,1,0,4,1,4,3,0,633,1,2,2,0
3345,7.42,85,2,4,2,1,2,2,1,2,0,2,1,1,1,0,5,1,3,5,1,432,2,2,0,1
3346,9.95,86,0,4,2,2,2,2,2,2,2,1,1,1,1,1,7,1,3,2,1,747,1,1,2,1
3347,9.91,100,0,4,2,2,2,1,2,2,2,2,1,1,1,1,6,1,7,5,1,627,1,2,1,1
3348,9.65,94,0,4,0,0,0,1,2,2,1,1,0,0,0,0,2,0,2,1,0,27,0,1,0,2
3349,7.8,78,1,4,1,0,1,1,2,2,2,2,1,1,0,0,3,1,2,0,1,252,1,2,0,0
3350,5.65,60,4,2,0,1,1,0,1,1,0,1,0,0,0,0,2,0,1,0,0,76,1,1,0,2
3351,5.79,56,5,4,0,0,1,1,1,0,1,1,0,0,0,0,0,0,1,0,0,20,1,1,1,2
3352,7.2,85,2,3,2,2,2,1,1,2,1,2,1,1,1,0,7,1,2,3,1,770,1,2,2,0
3353,8.39,86,0,3,1,0,1,1,2,1,1,1,1,1,0,0,3,1,2,3,1,271,1,1,0,2
3354,5.5,73,3,3,1,1,0,0,1,1,0,1,1,1,0,0,3,0,1,1,1,27,1,1,0,2
3355,8.88,96,0,2,1,1,0,0,1,2,2,2,1,1,0,0,2,1,0,1,0,71,2,2,1,0
3356,9.1,100,0,3,0,1,1,1,2,2,1,1,0,0,0,0,0,0,1,0,0,20,0,2,0,2
3357,6.95,75,0,3,2,1,2,2,1,2,0,2,1,1,1,0,8,1,3,4,1,500,2,1,1,0
3358,8.64,100,0,3,2,2,1,2,2,2,1,2,1,1,1,1,6,1,5,1,0,596,1,1,2,1
3359,6.74,76,3,4,1,1,1,1,1,1,1,0,0,0,0,0,0,0,1,1,0,39,1,1,0,2
3360,9.99,88,0,3,2,2,2,1,2,2,2,1,1,1,1,1,5,1,5,5,1,497,1,2,1,1
3361,7.94,84,1,2,2,0,2,2,1,2,0,1,1,1,0,0,4,1,1,3,1,167,1,1,1,0
3362,8.5,98,0,4,0,0,0,0,2,2,1,2,1,1,0,0,2,1,0,1,0,26,2,2,1,0
3363,7.82,84,1,3,2,1,2,2,1,2,2,2,1,1,1,0,5,1,2,1,1,782,1,1,2,1
3364,6.85,86,1,4,2,1,2,1,1,2,0,1,1,1,1,0,8,1,3,1,1,614,1,1,0,1
3365,8.42,97,0,4,1,1,1,0,1,1,1,2,0,0,0,0,2,0,0,0,0,50,1,2,0,2
3366,8.56,95,0,4,2,2,1,1,2,2,2,1,1,1,1,1,7,1,3,1,1,495,2,1,1,0
3367,6.71,65,1,3,2,1,2,2,2,2,0,2,1,1,1,0,4,1,1,3,1,447,2,1,2,1
3368,8.11,95,2,3,2,2,1,2,2,1,1,0,1,1,0,0,5,1,2,2,1,117,2,2,0,0
3369,8.48,92,0,2,1,0,1,1,1,1,2,1,0,0,0,0,1,0,2,1,0,68,1,1,1,2
3370,8.27,80,0,3,1,1,1,0,1,2,0,2,1,1,0,0,4,1,4,3,0,419,1,2,1,0
3371,8.27,90,2,3,2,0,1,1,1,1,0,0,1,1,0,0,4,0,2,0,1,421,0,2,0,0
3372,7.55,86,0,2,1,0,1,1,1,1,0,0,1,1,0,0,4,1,3,0,1,270,1,2,1,0
3373,9.02,96,0,2,2,1,1,1,1,2,1,1,1,1,1,1,4,1,4,4,1,346,1,1,2,1
3374,7.88,85,0,3,1,1,1,2,2,1,1,1,1,1,1,1,4,1,4,4,0,301,1,2,0,0
3375,6.08,58,1,3,1,1,0,1,1,1,1,1,0,0,0,0,1,0,1,0,0,61,1,0,1,0
3376,7.91,81,2,3,2,2,2,1,1,2,0,1,1,1,1,0,7,1,3,1,1,457,2,1,0,1
3377,7.76,79,1,4,1,1,1,1,1,1,1,2,1,1,0,0,5,0,3,1,0,329,2,1,0,0
3378,8.51,92,0,3,1,1,1,0,1,2,1,1,0,0,0,0,2,0,0,1,0,25,2,2,1,0
3379,8.26,89,1,4,2,2,1,1,1,1,1,2,1,1,1,1,6,1,4,1,1,450,1,1,2,0
3380,6.94,90,2,4,2,1,2,1,2,1,1,1,1,1,1,0,8,1,2,5,1,694,1,1,1,1
3381,8.34,72,0,3,1,1,2,0,2,1,2,1,1,1,0,0,5,1,4,2,0,172,1,2,0,0
3382,5.79,63,4,4,0,0,0,1,0,0,1,1,0,0,0,0,1,0,1,0,0,61,0,0,1,2
3383,8.88,94,0,4,2,2,2,2,2,2,1,2,1,1,1,1,8,1,6,5,0,845,2,2,1,1
3384,8.18,90,0,4,2,2,1,1,1,1,2,1,1,1,0,0,5,0,4,2,1,103,2,1,1,0
3385,9.14,87,0,4,2,1,2,1,2,2,2,2,1,1,1,1,6,1,4,2,1,466,2,2,2,0
3386,7.76,86,0,2,2,1,2,2,2,1,0,2,1,1,1,0,6,1,2,5,1,763,2,1,1,1
3387,8.41,96,0,4,0,1,0,0,1,2,2,1,0,0,0,0,1,0,2,1,0,91,1,1,1,2
3388,8.82,93,1,4,2,1,2,1,1,2,2,1,1,1,1,1,6,1,4,1,0,381,2,2,2,0
3389,9.45,100,0,4,0,0,0,1,1,1,2,1,0,0,0,0,0,0,0,1,0,61,1,2,0,2
3390,7.48,95,0,4,1,1,2,1,1,1,0,1,1,1,0,0,3,1,2,2,0,316,1,2,0,0
3391,7.2,89,2,3,2,2,2,1,2,1,2,1,1,1,1,0,6,1,3,1,0,384,2,1,2,1
3392,9.73,100,0,3,2,2,2,2,2,2,2,2,1,1,1,1,5,1,7,2,0,606,2,1,2,1
3393,8.35,84,0,3,1,2,2,2,1,1,0,2,1,1,0,0,2,0,2,1,0,409,1,2,0,0
3394,7.21,92,2,2,1,1,2,1,1,1,2,1,1,1,0,0,3,1,2,1,0,103,2,1,1,0
3395,8.26,71,1,4,1,0,1,1,2,1,2,1,1,1,0,0,4,0,3,1,0,257,2,2,0,0
3396,7.65,69,2,2,2,1,2,2,1,2,0,1,1,1,1,0,5,1,2,1,1,726,2,2,1,0
3397,9.69,93,0,4,2,1,2,1,2,2,2,1,1,1,1,1,7,1,7,5,0,833,2,2,1,1
3398,6.0,82,5,4,0,1,0,0,0,1,1,1,0,0,0,0,0,0,1,1,0,59,1,1,0,2
3399,9.47,94,0,3,0,1,0,0,1,2,1,1,0,0,0,0,2,0,2,1,0,108,0,1,0,2
3400,9.75,87,0,3,2,1,2,1,2,2,1,1,1,1,1,1,7,1,7,5,1,739,1,2,1,1
3401,6.1,69,4,2,0,1,1,0,0,0,1,1,0,0,0,0,1,0,0,1,0,72,1,0,0,2
3402,8.39,72,1,4,1,2,2,2,1,2,0,0,1,1,0,0,4,0,2,2,0,133,1,2,0,0
3403,8.64,96,0,3,1,1,2,1,2,1,1,2,1,1,1,1,6,1,5,2,1,378,2,1,0,1
3404,7.5,76,1,4,2,1,1,2,1,1,2,2,1,1,0,0,4,0,4,3,1,383,1,2,1,0
3405,7.87,69,2,3,2,2,2,1,2,2,2,0,1,1,1,0,6,1,4,4,1,651,2,2,0,1
3406,6.23,57,3,2,1,0,1,1,0,1,0,0,0,0,0,0,2,0,0,1,0,74,0,1,0,2
3407,9.39,95,0,3,0,0,0,0,2,1,2,2,0,0,0,0,1,0,2,1,0,111,0,1,0,2
3408,8.92,99,0,3,0,1,0,0,1,1,1,2,0,0,0,0,0,0,0,1,0,65,2,1,0,0
3409,8.28,85,1,2,2,1,1,1,1,2,1,2,1,1,1,1,5,0,3,1,1,566,1,1,2,0
3410,9.55,97,0,3,0,1,0,0,2,2,1,2,0,0,0,0,0,0,0,1,0,83,2,1,1,2
3411,6.98,87,2,4,2,2,2,1,2,1,1,1,1,1,1,0,7,1,3,4,1,549,2,1,0,1
3412,8.5,91,1,3,2,2,1,1,2,1,2,1,1,1,0,0,4,0,1,1,1,201,2,2,0,0
3413,8.44,92,0,3,2,2,2,1,2,1,1,1,1,1,1,1,5,1,4,1,1,388,2,2,2,1
3414,8.76,100,0,4,2,1,1,2,1,1,2,1,1,1,1,1,4,0,3,4,0,576,2,1,2,0
3415,7.0,75,2,4,2,1,2,2,2,1,2,2,1,1,1,0,8,0,2,2,0,532,2,2,0,1
3416,8.74,88,0,4,1,2,2,2,2,2,1,2,1,1,1,1,4,0,4,4,0,474,1,2,1,0
3417,7.58,68,2,2,2,2,2,1,2,1,2,0,1,1,1,0,5,0,2,4,1,728,2,1,1,1
3418,8.42,94,0,4,1,0,1,1,2,2,2,1,1,1,0,0,2,1,1,1,0,55,1,2,1,0
3419,8.34,74,2,2,2,0,1,1,2,1,0,2,1,1,0,0,5,0,2,1,0,334,1,1,0,0
3420,6.96,55,3,2,1,1,1,1,0,0,0,1,1,1,0,0,3,1,1,1,0,14,1,0,0,2
3421,8.38,93,0,4,1,1,2,1,1,1,1,1,1,1,1,1,7,1,5,4,1,616,1,1,0,1
3422,7.04,81,1,3,2,2,1,1,2,2,0,1,1,1,0,0,3,0,4,1,1,112,1,1,1,0
3423,8.72,99,0,3,0,0,0,1,2,2,2,1,0,0,0,0,2,0,1,0,0,0,1,1,0,0
3424,6.29,65,1,3,1,0,0,0,0,1,0,0,0,0,0,0,0,0,1,0,0,57,0,0,0,2
3425,8.62,81,0,2,1,1,1,2,2,1,1,1,1,1,1,1,6,0,4,4,1,547,2,2,2,1
3426,7.38,83,2,3,1,2,2,1,1,1,0,2,1,1,0,0,5,1,2,1,0,390,2,2,1,0
3427,8.56,100,0,3,0,0,1,0,1,1,1,2,0,0,0,0,1,0,1,1,0,95,2,2,1,2
3428,7.99,88,0,2,2,0,2,1,2,1,0,2,1,1,0,0,5,0,2,3,0,367,0,1,0,0
3429,9.49,100,0,4,1,0,1,0,1,1,1,1,0,0,0,0,0,0,2,1,0,43,1,2,1,0
3430,5.51,78,4,4,1,0,0,1,0,1,0,0,0,0,0,0,1,0,1,0,0,32,0,0,0,2
3431,8.54,85,0,2,1,2,2,2,2,2,1,1,1,1,1,1,7,0,3,3,0,342,1,1,0,1
3432,7.38,69,1,4,2,1,2,2,2,1,2,1,1,1,1,0,7,1,2,5,0,380,1,1,1,0
3433,8.74,97,1,4,1,1,2,2,2,1,2,1,1,1,1,1,5,1,5,3,1,643,2,2,1,1
3434,7.38,80,2,4,2,1,2,2,2,2,2,0,1,1,1,0,7,1,3,4,0,548,1,1,0,0
3435,9.66,91,0,2,2,2,2,2,2,2,2,1,1,1,1,1,6,1,3,4,1,788,1,1,2,1
3436,9.45,99,0,4,2,1,2,2,2,2,1,2,1,1,1,1,5,1,7,3,1,863,2,1,1,1
3437,8.35,87,1,2,2,2,2,1,2,1,2,1,1,1,1,1,5,1,2,1,1,349,1,2,0,0
3438,6.7,65,3,4,0,1,1,0,0,0,1,1,0,0,0,0,0,0,0,1,0,9,1,0,0,2
3439,6.16,78,2,3,1,0,0,0,1,1,0,0,0,0,0,0,1,0,0,1,0,5,0,1,1,2
3440,7.5,80,0,4,1,0,1,2,2,2,0,2,1,1,0,0,3,0,4,3,0,329,1,2,1,0
3441,6.93,68,1,2,1,1,1,1,0,1,1,0,0,0,0,0,2,0,1,1,0,14,1,1,0,2
3442,8.11,87,1,4,2,2,1,1,1,1,2,1,1,1,1,1,4,1,2,1,1,278,2,2,2,1
3443,7.59,80,1,2,2,1,2,2,2,1,0,2,1,1,1,0,6,1,4,3,1,442,1,2,2,0
3444,8.03,81,2,3,2,0,1,1,2,2,1,1,1,1,0,0,2,0,3,1,0,217,1,2,0,0
3445,5.95,70,1,4,1,1,0,0,0,1,0,1,0,0,0,0,0,0,1,0,0,27,0,1,0,2
3446,8.34,76,2,3,1,1,1,1,1,1,2,1,1,1,0,0,5,1,3,3,0,418,2,2,0,0
3447,7.32,75,2,2,1,2,2,0,1,2,1,2,1,1,0,0,5,1,4,1,1,315,1,1,1,0
3448,9.41,91,0,4,2,1,2,2,2,2,1,2,1,1,1,1,7,1,4,2,1,549,1,2,2,1
3449,7.63,93,2,3,1,1,1,0,2,1,1,0,1,1,0,0,3,1,3,3,0,231,1,1,1,0
3450,6.77,85,1,2,2,2,2,1,2,1,1,0,1,1,1,0,4,1,3,4,1,717,2,2,2,1
3451,7.35,84,0,4,2,2,2,2,2,2,2,1,1,1,1,0,5,1,4,5,1,745,2,1,2,1
3452,8.42,74,1,4,2,1,1,1,1,2,2,1,1,1,0,0,3,1,1,2,0,397,1,2,1,0
3453,8.13,83,0,3,2,1,2,1,2,2,1,2,1,1,1,0,6,1,3,4,1,729,2,2,0,1
3454,7.99,78,1,3,2,2,2,2,2,1,2,2,1,1,1,0,5,1,2,2,0,573,2,2,2,1
3455,6.41,65,1,3,0,0,1,0,1,1,1,0,0,0,0,0,0,0,1,1,0,60,0,1,1,2
3456,7.67,76,0,4,2,1,2,2,1,1,0,2,1,1,1,0,4,1,1,2,1,617,1,2,0,0
3457,9.46,97,0,2,1,1,1,1,1,2,2,1,0,0,0,0,1,0,2,0,0,78,2,2,1,0
3458,7.12,85,2,3,2,1,1,1,2,2,2,0,1,1,0,0,3,0,1,3,1,303,0,2,0,0
3459,6.59,85,3,3,1,0,1,0,0,1,0,1,0,0,0,0,2,0,1,1,0,39,1,0,1,0
3460,8.98,99,0,4,1,0,0,1,2,2,1,1,0,0,0,0,0,0,0,1,0,74,2,2,1,2
3461,6.37,73,3,4,1,1,1,0,0,1,0,0,0,0,0,0,0,0,0,1,0,78,1,0,1,2
3462,6.62,79,5,2,1,1,1,1,1,1,0,1,0,0,0,0,2,0,0,0,0,67,0,0,1,2
3463,6.45,72,1,3,0,0,0,1,1,0,1,1,1,0,0,0,3,1,1,1,0,12,1,0,1,2
3464,6.52,73,2,4,1,0,1,1,0,1,1,0,0,0,0,0,0,0,1,1,0,44,0,0,1,2
3465,7.05,89,2,4,2,0,2,1,2,2,1,2,1,1,0,0,3,1,1,1,0,349,2,2,0,0
3466,9.29,89,0,4,2,1,2,2,2,2,2,2,1,1,1,1,8,1,6,3,1,862,2,2,1,1
3467,8.49,79,1,3,1,1,1,1,2,1,0,1,1,1,0,0,3,1,1,1,1,280,2,2,1,0
3468,8.17,95,1,3,1,1,1,1,2,2,2,1,1,1,1,1,4,1,5,4,0,482,1,1,1,1
3469,5.76,67,2,2,0,0,1,0,0,0,1,0,0,0,0,0,1,0,0,1,0,2,1,1,1,2
3470,9.6,86,0,3,2,2,2,1,2,2,2,2,1,1,1,1,5,1,6,2,1,677,1,2,2,1
3471,9.58,92,0,3,0,1,1,1,1,2,2,1,0,0,0,0,2,0,1,1,0,26,1,1,0,0
3472,8.85,92,0,3,2,1,2,2,2,2,2,1,1,1,1,1,8,1,5,2,1,751,2,2,2,1
3473,9.59,96,0,4,1,0,0,1,2,1,1,2,0,0,0,0,0,0,2,0,0,97,1,2,1,2
3474,8.63,100,0,3,0,0,0,0,1,1,2,1,0,0,0,0,2,0,1,1,0,90,2,1,1,0
3475,7.82,86,2,4,2,1,2,2,1,1,2,2,1,1,1,0,8,1,2,3,1,534,2,2,0,0
3476,5.72,60,5,2,1,0,1,1,0,0,0,1,0,0,0,0,1,0,1,1,0,15,0,1,1,2
3477,8.07,69,1,2,2,2,2,1,2,2,1,0,1,1,1,0,6,1,3,4,0,469,1,1,2,1
3478,9.11,86,1,2,2,2,1,1,1,2,2,2,1,1,1,1,5,1,4,1,1,391,2,1,1,0
3479,6.56,80,2,3,2,2,2,1,1,1,1,0,1,1,1,0,6,1,2,4,1,713,2,2,0,1
3480,9.37,90,0,4,2,2,2,2,2,2,2,2,1,1,1,1,7,1,5,4,0,568,1,2,2,1
3481,9.13,97,0,3,0,0,1,1,2,1,1,1,0,0,0,0,1,0,1,1,0,115,2,2,0,0
3482,6.15,78,3,4,0,1,0,0,1,1,1,1,0,0,0,0,2,0,1,1,0,64,1,1,0,2
3483,8.31,72,1,3,1,2,1,2,1,1,1,0,1,1,0,0,3,1,2,3,1,105,1,1,1,0
3484,9.73,91,0,3,1,0,0,0,1,2,1,2,0,0,0,0,1,0,2,1,0,51,1,2,0,0
3485,7.9,95,1,4,2,0,1,1,2,1,1,2,1,1,0,0,4,1,1,1,1,172,1,1,1,0
3486,8.21,93,0,2,2,2,2,2,1,1,1,2,1,1,1,1,5,1,2,2,1,628,2,2,2,1
3487,6.6,63,5,4,1,0,1,0,0,1,1,1,0,0,0,0,1,0,0,0,0,12,1,0,1,2
3488,7.52,74,1,3,1,1,1,2,2,1,1,2,1,1,0,0,3,0,4,0,0,213,1,1,1,0
3489,7.04,90,2,4,2,0,1,2,1,1,1,2,1,1,0,0,3,1,1,1,0,278,2,2,0,0
3490,5.56,84,1,4,1,0,0,0,0,0,0,0,0,0,0,0,0,0,0,1,0,57,0,1,0,2
3491,7.86,66,1,4,2,2,2,2,2,1,0,2,1,1,1,0,8,1,3,2,0,648,1,1,2,1
3492,9.9,93,0,3,2,2,2,1,2,2,1,2,1,1,1,1,6,1,4,4,0,899,2,1,1,1
3493,7.38,83,1,4,2,2,2,1,2,2,1,0,1,1,1,0,4,0,3,4,0,440,2,1,2,1
3494,9.5,97,0,4,0,1,1,1,2,1,1,2,1,1,0,0,3,0,1,0,1,28,0,2,1,2
3495,6.92,73,2,4,2,1,2,2,1,1,2,2,1,1,1,0,6,1,2,2,1,631,1,1,0,0
3496,9.0,99,0,4,0,0,0,1,1,1,1,1,1,1,0,0,2,1,1,0,0,58,2,1,1,2
3497,6.43,85,2,2,1,1,1,0,0,0,1,1,0,0,0,0,2,0,0,1,0,64,0,0,1,0
3498,8.64,91,0,4,0,0,1,1,2,1,2,2,0,0,0,0,0,0,2,1,0,86,2,1,1,2
3499,8.68,94,0,4,0,0,0,1,1,1,1,2,0,0,0,0,2,0,1,0,0,77,1,2,1,2
3500,7.48,83,2,4,2,2,2,1,2,2,0,0,1,1,1,0,5,1,2,1,0,762,1,2,1,1
3501,5.97,68,2,4,1,0,1,1,1,0,0,0,0,0,0,0,0,0,1,0,0,72,1,0,1,2
3502,8.12,92,1,4,1,1,2,0,1,1,2,1,1,1,0,0,5,0,4,0,0,340,0,1,1,0
3503,8.16,90,2,3,2,2,2,1,2,2,0,0,1,1,0,0,4,1,2,3,0,143,1,2,0,0
3504,7.86,75,2,3,2,0,2,1,2,2,1,1,1,1,0,0,4,0,4,2,0,175,1,1,1,0
3505,8.81,89,1,3,2,1,1,2,2,1,2,2,1,1,1,1,7,1,2,3,1,584,2,2,0,0
3506,8.86,97,0,4,1,1,0,0,1,2,2,1,0,0,0,0,0,0,1,0,0,104,2,2,0,2
3507,6.68,60,2,3,0,0,0,1,0,1,1,1,0,0,0,0,0,0,0,1,0,20,1,1,1,2
3508,6.4,77,2,3,1,1,0,0,1,0,1,1,0,0,0,0,2,0,0,0,0,77,0,1,1,2
3509,6.83,85,5,4,1,0,0,0,0,0,1,0,0,0,0,0,0,0,1,1,0,7,0,1,0,2
3510,9.1,100,0,3,2,2,2,2,2,2,1,2,1,1,1,1,7,1,4,2,1,739,1,1,2,1
3511,7.36,94,1,3,2,1,1,2,2,1,0,0,1,1,0,0,3,0,1,1,0,195,2,1,0,0
3512,7.14,84,0,4,2,2,2,2,1,2,1,1,1,1,1,0,5,1,2,3,0,480,1,1,2,1
3513,9.22,97,0,2,1,1,1,1,2,2,1,1,0,0,0,0,2,0,1,1,0,118,1,2,0,0
3514,5.91,82,3,3,1,0,1,0,1,1,0,0,1,1,0,0,3,1,0,0,0,78,1,0,1,2
3515,9.53,99,0,4,0,0,1,1,1,2,1,2,0,0,0,0,1,0,1,1,0,36,0,2,0,2
3516,8.5,90,0,2,1,0,0,0,2,1,2,1,0,0,0,0,0,0,2,1,0,81,0,2,0,2
3517,6.74,76,1,4,2,2,2,1,1,2,2,1,1,1,1,0,8,1,4,2,0,800,1,1,0,1
3518,7.56,90,2,3,1,2,1,0,1,2,0,0,1,1,0,0,4,1,1,3,0,267,1,1,0,0
3519,6.73,55,2,3,0,0,1,1,0,0,0,0,0,0,0,0,1,0,0,1,0,43,0,0,1,2
3520,8.2,66,1,3,2,2,2,1,2,1,2,0,1,1,1,0,4,0,4,2,0,352,1,2,1,0
3521,8.56,94,1,4,1,1,2,1,2,2,2,2,1,1,1,1,4,0,4,4,0,576,1,1,0,0
3522,7.16,89,0,4,1,2,2,0,1,2,1,1,1,1,0,0,2,1,1,1,0,160,1,1,1,0
3523,5.94,81,1,4,0,1,0,0,0,0,0,0,0,0,0,0,2,0,0,0,0,19,1,1,1,2
3524,7.45,87,0,3,2,0,2,1,2,1,0,0,1,1,0,0,4,1,4,0,1,322,1,2,0,0
3525,7.22,90,2,2,2,1,2,1,1,2,1,1,1,1,1,0,6,1,4,3,0,676,1,1,0,0
3526,7.12,93,1,4,1,1,2,0,1,1,2,1,1,1,0,0,4,0,2,3,0,176,2,1,1,0
3527,9.26,93,0,2,0,1,1,1,1,2,1,1,1,1,0,0,4,1,2,0,0,50,2,1,0,0
3528,7.77,91,0,3,1,1,2,0,2,1,2,1,1,1,0,0,5,0,2,2,0,383,0,2,0,0
3529,8.44,83,1,4,2,2,1,2,1,1,1,2,1,1,1,1,7,1,4,4,1,325,1,1,2,1
3530,8.87,97,0,3,1,1,1,1,2,1,1,1,0,0,0,0,2,0,0,1,0,97,2,1,0,2
3531,9.46,98,0,4,0,1,1,0,1,1,2,1,0,0,0,0,1,0,2,1,0,34,2,1,1,0
3532,8.92,96,0,4,2,2,2,2,2,2,1,1,1,1,1,1,6,1,3,2,1,722,1,1,1,1
3533,8.94,84,1,3,2,1,2,1,2,1,1,1,1,1,1,1,4,1,4,1,0,577,2,2,2,1
3534,8.96,92,0,3,1,2,1,2,2,2,1,1,1,1,1,1,4,1,4,2,1,312,1,2,0,1
3535,7.96,80,1,2,2,2,1,1,2,2,2,2,1,1,0,0,5,0,3,0,1,126,1,1,1,0
3536,8.56,94,1,4,1,1,1,2,2,2,1,1,1,1,1,1,6,1,4,4,1,429,2,2,1,0
3537,8.71,94,1,4,2,1,1,1,1,2,1,2,1,1,1,1,4,1,2,2,0,271,1,2,2,0
3538,7.9,71,1,2,2,0,2,2,1,1,0,1,1,1,0,0,4,0,1,3,0,180,1,2,1,0
3539,6.77,76,2,4,2,1,2,2,2,1,1,2,1,1,1,0,8,1,2,2,1,604,1,2,0,1
3540,6.74,73,1,3,2,1,2,2,2,1,0,1,1,1,1,0,7,1,2,4,1,363,2,2,0,1
3541,8.16,94,1,3,1,2,1,0,2,1,2,2,1,1,0,0,5,0,2,1,1,305,0,1,1,0
3542,8.31,93,2,4,1,0,1,1,1,1,2,1,1,1,0,0,5,0,3,3,1,237,2,1,1,0
3543,9.68,91,0,4,0,1,1,1,2,1,2,1,0,0,0,0,0,0,1,0,0,120,1,2,0,2
3544,7.14,94,1,3,1,2,2,1,1,1,2,2,1,1,0,0,3,0,2,1,0,176,0,2,0,2
3545,9.64,99,0,2,1,0,1,1,2,2,1,1,0,0,0,0,2,0,1,1,0,53,0,2,0,0
3546,8.35,72,1,2,2,0,2,1,1,1,2,1,1,1,0,0,3,1,3,2,0,390,1,1,1,0
3547,9.17,89,1,2,2,1,2,2,1,1,2,2,1,1,1,1,7,1,5,4,1,339,2,1,1,1
3548,8.03,95,1,3,1,2,2,1,1,2,1,2,1,1,1,1,5,1,4,4,0,448,1,1,1,1
3549,6.63,87,2,3,2,1,2,2,2,2,0,1,1,1,1,0,6,1,2,2,1,675,2,2,1,1
3550,7.65,93,1,4,2,2,1,1,2,1,0,0,1,1,0,0,3,0,3,2,0,242,1,2,0,0
3551,8.91,100,0,4,0,0,0,0,1,1,2,1,0,0,0,0,2,0,0,1,0,107,1,1,0,2
3552,8.53,96,0,4,1,1,1,2,2,2,2,2,1,1,1,1,5,1,4,2,0,331,1,2,0,0
3553,7.51,73,2,2,2,2,2,1,1,1,1,1,1,1,0,0,5,1,2,2,0,358,2,2,1,1
3554,9.08,86,1,3,1,2,1,2,2,2,2,1,1,1,1,1,4,1,5,4,1,281,1,1,0,0
3555,8.22,83,0,2,2,1,2,2,1,1,1,2,1,1,1,1,4,1,5,3,1,316,2,1,1,1
3556,9.64,96,0,2,2,1,2,2,2,2,1,1,1,1,1,1,6,1,3,4,1,743,2,2,1,1
3557,9.72,91,0,4,0,1,1,1,2,2,2,2,0,0,0,0,0,0,1,1,0,62,0,2,0,0
3558,8.75,94,0,2,1,0,1,1,1,1,2,2,0,0,0,0,0,0,1,0,0,27,1,1,1,0
3559,6.72,89,2,3,2,2,2,2,2,2,1,2,1,1,1,0,8,1,4,3,0,646,1,1,2,1
3560,8.79,80,1,4,1,1,2,2,2,2,1,2,1,1,1,1,6,1,5,1,0,613,1,1,2,0
3561,7.01,75,1,4,1,2,1,2,1,2,1,0,1,1,0,0,3,0,3,0,1,274,0,2,1,0
3562,5.54,78,4,4,1,1,1,0,1,0,0,0,0,0,0,0,0,0,0,0,0,32,1,1,1,0
3563,6.56,84,0,3,2,1,2,2,1,2,2,2,1,1,1,0,7,1,4,1,0,471,1,1,0,0
3564,7.19,79,0,4,2,0,1,1,2,2,0,0,1,1,0,0,2,1,2,3,0,306,2,1,1,0
3565,9.02,86,0,3,2,1,2,1,2,2,2,1,1,1,1,1,5,1,3,2,1,778,2,2,2,1
3566,8.46,71,2,4,2,0,2,1,1,1,2,0,1,1,0,0,5,1,2,3,1,301,1,2,0,0
3567,5.57,74,4,4,0,1,1,0,0,0,0,0,0,0,0,0,2,0,0,1,0,2,1,1,0,2
3568,9.69,98,0,2,1,1,1,0,1,2,1,2,0,0,0,0,0,0,0,0,0,52,1,2,0,2
3569,6.78,75,3,3,0,1,1,0,1,0,1,0,0,0,0,0,0,0,0,0,0,39,1,1,1,2
3570,8.65,96,0,3,0,1,0,1,1,2,2,1,0,0,0,0,0,0,0,0,0,114,0,1,0,2
3571,6.91,81,2,3,0,0,0,0,0,0,1,1,0,0,0,0,0,0,1,0,0,41,1,1,1,2
3572,9.39,92,0,3,0,0,0,1,2,2,1,1,0,0,0,0,1,0,0,1,0,118,2,2,0,2
3573,8.41,88,1,4,1,2,2,2,2,1,2,1,1,1,1,1,4,1,4,2,1,600,2,1,0,1
3574,8.62,84,0,3,2,1,2,2,2,2,2,1,1,1,1,1,6,1,3,2,0,616,2,2,0,1
3575,8.35,88,1,4,1,2,1,1,1,1,2,1,1,1,1,1,4,0,5,3,1,474,2,1,1,0
3576,8.14,78,1,4,1,2,2,2,1,1,0,1,1,1,0,0,3,1,2,3,1,145,1,1,0,0
3577,8.65,92,0,4,1,1,0,1,1,1,2,1,0,0,0,0,0,0,0,1,0,21,2,1,0,2
3578,7.61,70,0,3,1,2,1,0,2,2,0,0,1,1,0,0,4,1,3,0,0,438,2,1,0,0
3579,7.21,84,1,4,2,2,2,1,2,2,1,0,1,1,1,0,5,0,2,3,1,792,2,1,0,1
3580,9.18,97,1,2,2,2,1,1,2,2,1,1,1,1,1,1,6,0,2,2,0,586,1,1,0,0
3581,7.17,80,0,2,1,2,2,1,1,1,0,1,1,1,0,0,2,0,1,3,0,369,2,1,1,0
3582,6.64,85,0,4,2,2,2,2,2,1,2,0,1,1,1,0,8,0,2,4,1,635,2,1,1,1
3583,9.07,95,0,2,2,1,2,2,2,2,2,2,1,1,1,1,8,1,7,2,0,820,2,2,2,1
3584,8.43,70,1,4,2,0,2,2,2,2,0,1,1,1,0,0,3,1,1,1,0,167,2,1,1,0
3585,8.49,96,0,4,0,1,1,1,1,2,1,2,0,0,0,0,1,0,1,1,0,113,1,1,1,2
3586,7.74,74,2,2,2,2,2,1,1,2,0,0,1,1,1,0,5,1,2,1,1,488,1,2,2,0
3587,9.46,89,0,3,2,1,2,1,2,2,2,1,1,1,1,1,7,1,6,5,1,876,1,2,1,1
3588,7.1,88,1,3,2,1,2,2,1,2,1,1,1,1,1,0,6,1,2,4,1,712,1,2,1,1
3589,9.19,86,0,3,2,1,2,2,2,2,2,2,1,1,1,1,6,1,2,1,1,425,1,2,2,1
3590,6.89,68,0,4,2,2,2,1,1,2,0,2,1,1,1,0,6,1,4,4,1,677,1,1,1,0
3591,8.01,85,0,4,2,0,2,1,2,2,1,1,1,1,0,0,3,0,2,2,0,268,1,1,1,0
3592,7.91,70,2,3,2,1,2,1,1,2,2,1,1,1,0,0,3,1,4,3,0,257,1,2,1,0
3593,8.19,85,1,4,1,1,1,2,2,2,1,1,1,1,1,1,5,1,2,2,0,400,2,2,1,0
3594,8.21,72,2,3,2,0,2,2,1,2,2,1,1,1,0,0,5,1,3,3,0,416,1,1,1,1
3595,7.76,90,1,3,1,0,1,1,2,2,0,1,1,1,0,0,5,1,2,3,0,100,1,2,1,0
3596,9.32,97,0,2,1,0,0,1,2,2,1,2,0,0,0,0,0,0,1,0,0,5,1,1,1,2
3597,9.1,96,0,2,0,0,1,0,2,1,2,1,0,0,0,0,1,0,1,0,0,62,1,2,1,2
3598,8.08,81,0,4,1,2,1,2,1,1,2,2,1,1,0,0,4,0,4,1,0,252,0,1,0,0
3599,7.97,66,1,4,2,2,2,2,1,1,1,1,1,1,1,0,5,0,3,3,1,732,2,2,2,1
3600,8.23,89,1,4,1,2,2,1,2,1,1,2,1,1,1,1,4,0,3,4,0,408,1,2,0,0
3601,7.85,73,0,3,2,2,2,1,2,1,0,0,1,1,1,0,8,1,3,3,0,603,1,1,0,0
3602,6.99,82,1,3,2,2,2,2,2,1,0,1,1,1,1,0,6,1,2,2,0,665,1,1,0,1
3603,6.11,56,2,3,0,1,0,1,1,0,0,0,0,0,0,0,1,0,1,1,0,58,1,1,1,2
3604,7.63,69,0,3,2,2,2,2,2,2,0,0,1,1,1,0,4,1,1,4,1,630,2,2,2,1
3605,9.5,94,0,3,1,0,0,1,2,2,2,1,0,0,0,0,0,0,0,0,0,109,2,2,1,0
3606,8.4,83,1,3,1,2,1,1,2,2,1,1,1,1,1,1,5,1,5,1,0,558,1,2,2,0
3607,5.78,59,5,2,0,1,1,1,1,0,1,1,0,0,0,0,1,0,1,1,0,11,1,0,1,2
3608,7.99,85,0,4,2,2,2,2,1,2,1,1,1,1,1,1,7,1,2,1,1,578,1,2,1,1
3609,6.64,75,1,4,2,2,2,2,1,1,1,2,1,1,1,0,4,1,2,5,0,375,1,2,2,0
3610,9.14,97,0,4,2,1,2,2,2,2,2,1,1,1,1,1,5,1,6,2,0,682,1,1,1,1
3611,9.9,98,0,4,2,1,2,2,2,2,2,2,1,1,1,1,8,1,3,5,1,874,1,2,1,1
3612,7.21,71,1,2,2,2,2,2,2,2,2,0,1,1,1,0,5,1,3,2,0,599,1,2,1,0
3613,9.74,94,0,3,2,1,2,2,2,2,1,2,1,1,1,1,5,1,3,3,0,742,2,1,1,1
3614,7.48,74,1,4,1,2,1,1,1,2,0,0,1,1,0,0,4,0,1,3,0,403,1,1,1,2
3615,7.95,99,0,4,2,2,1,2,2,2,1,1,1,1,1,1,5,1,4,2,0,440,2,2,0,0
3616,8.8,80,1,2,1,1,1,1,1,2,2,1,1,1,1,1,7,0,2,3,0,294,1,1,0,0
3617,7.03,90,2,3,2,0,1,1,2,1,1,0,1,1,0,0,2,0,2,1,0,101,2,2,1,1
3618,7.37,89,2,3,2,0,2,2,1,1,0,1,1,1,0,0,5,1,3,2,0,437,2,2,0,0
3619,7.48,87,0,2,2,2,2,2,1,1,0,2,1,1,1,0,6,0,4,3,0,466,1,1,0,0
3620,6.05,60,3,4,0,1,1,1,0,0,0,1,0,0,0,0,0,0,0,0,0,77,1,1,1,2
3621,8.34,82,0,4,1,0,2,0,1,1,1,2,1,1,0,0,3,1,1,3,0,205,1,2,0,0
3622,6.69,83,1,4,2,1,2,1,1,1,1,1,1,1,1,0,6,1,2,5,0,370,2,2,1,0
3623,9.48,99,0,4,0,0,1,0,2,1,2,1,0,0,0,0,2,0,1,0,0,94,1,1,1,2
3624,8.73,96,1,3,2,2,1,1,1,1,1,1,1,1,1,1,6,1,4,4,0,272,1,2,2,1
3625,8.82,86,0,4,2,2,2,1,2,2,1,1,1,1,1,1,7,0,5,2,0,712,1,1,1,1
3626,8.5,74,2,4,1,0,1,2,2,1,2,1,1,1,0,0,3,0,3,1,1,402,0,1,0,0
3627,8.71,99,0,3,1,1,1,1,2,1,1,1,1,1,1,1,5,1,2,1,1,300,2,1,2,0
3628,8.53,83,0,4,1,1,2,2,2,1,2,2,1,1,1,1,7,1,3,2,0,583,2,1,1,1
3629,6.45,78,2,3,0,1,1,1,1,1,1,1,0,0,0,0,0,0,0,0,0,2,0,0,0,2
3630,7.25,74,0,3,2,1,2,1,2,1,2,0,1,1,1,0,7,1,3,1,1,675,1,2,2,1
3631,9.26,91,0,3,1,1,0,0,1,1,1,1,0,0,0,0,1,0,0,1,0,100,2,1,0,2
3632,8.01,95,2,3,2,2,1,2,2,1,2,2,1,1,0,0,3,0,3,2,1,234,0,1,1,0
3633,7.86,87,0,3,1,1,1,2,2,2,1,1,1,1,1,1,7,1,5,2,0,554,1,2,0,0
3634,5.94,73,2,4,0,0,1,0,0,0,0,0,0,0,0,0,2,0,0,0,0,62,0,0,1,2
3635,8.23,81,0,3,1,2,2,2,2,2,2,1,1,1,1,1,7,0,5,4,0,359,1,1,1,1
3636,8.1,90,0,4,2,0,2,1,2,1,2,1,1,1,0,0,5,0,2,3,0,416,1,1,0,0
3637,8.32,95,0,3,1,2,1,2,1,1,1,2,1,1,1,1,7,1,5,3,0,292,1,1,0,0
3638,6.21,80,3,4,0,1,0,1,0,0,0,1,0,0,0,0,1,0,1,0,0,13,0,1,0,2
3639,7.66,72,0,4,2,1,2,1,1,2,2,1,1,1,1,0,8,0,4,1,1,531,1,2,0,2
3640,7.83,87,2,4,2,1,2,2,2,1,0,0,1,1,1,0,8,1,3,1,1,375,2,1,0,1
3641,9.1,100,1,3,1,1,1,2,2,2,2,2,1,1,1,1,4,1,2,2,1,563,1,2,1,0
3642,8.18,87,2,4,1,0,1,2,1,1,2,0,1,1,0,0,2,0,3,2,0,114,0,1,1,0
3643,8.41,93,0,2,1,0,0,1,2,1,1,1,0,0,0,0,0,0,2,1,0,22,0,1,0,2
3644,9.37,99,0,2,1,1,1,1,2,2,2,2,0,0,0,0,0,0,0,0,0,77,1,2,0,0
3645,7.34,82,1,3,2,0,1,2,1,1,1,0,1,1,0,0,5,1,2,2,0,383,2,2,1,1
3646,7.38,73,1,3,1,2,1,0,2,1,0,1,1,1,0,0,4,0,3,3,0,351,2,2,0,0
3647,7.4,71,2,4,2,0,2,1,1,2,1,0,1,1,0,0,4,1,4,2,1,282,1,1,0,0
3648,5.97,59,5,3,0,0,0,1,1,1,1,1,0,0,0,0,1,0,1,0,0,65,0,0,0,2
3649,8.31,88,1,4,1,0,1,0,2,2,1,1,1,1,0,0,3,0,2,0,1,373,2,1,1,0
3650,6.72,78,1,4,2,1,2,2,2,1,2,0,1,1,1,0,4,0,3,4,1,713,2,2,1,1
3651,6.06,68,4,4,0,0,1,0,0,0,0,1,0,0,0,0,0,0,0,1,0,25,0,0,0,2
3652,8.99,95,0,2,1,1,0,1,1,2,2,1,1,1,0,0,3,1,1,1,0,1,2,1,0,0
3653,5.72,62,5,4,0,0,1,1,1,0,0,0,0,0,0,0,1,0,1,1,0,7,1,0,0,2
3654,7.73,72,1,2,2,1,2,2,2,1,2,2,1,1,1,0,8,1,2,5,1,420,1,2,0,0
3655,7.06,88,1,2,2,1,2,1,2,2,1,2,1,1,1,0,6,1,4,2,1,543,2,1,2,1
3656,7.95,91,1,3,2,1,2,2,1,1,2,1,1,1,1,1,6,1,4,3,1,615,2,1,1,1
3657,7.86,80,0,2,2,1,1,1,2,2,2,1,1,1,1,1,4,1,2,1,0,458,2,2,1,0
3658,9.98,89,0,4,2,2,2,2,2,2,1,1,1,1,1,1,7,1,3,4,0,581,2,1,2,1
3659,6.63,69,1,4,0,1,0,0,1,0,1,0,1,1,0,0,3,1,1,1,0,60,1,0,1,2
3660,6.17,72,3,4,1,1,0,0,1,0,1,1,0,0,0,0,2,0,1,0,0,68,1,1,0,2
3661,7.79,76,0,2,2,1,2,1,1,2,0,1,1,1,1,0,8,1,4,1,0,491,1,2,2,0
3662,5.62,81,5,3,0,1,1,1,1,1,0,1,0,0,0,0,0,0,0,1,0,41,1,1,1,2
3663,7.36,81,2,4,2,1,2,1,1,2,1,2,1,1,1,0,7,0,4,5,1,643,1,1,2,0
3664,8.96,96,0,3,2,1,2,2,2,2,2,1,1,1,1,1,5,1,6,5,1,480,1,1,1,1
3665,6.35,75,2,4,1,0,1,1,0,1,0,1,0,0,0,0,1,0,0,1,0,68,0,1,1,2
3666,7.93,79,2,4,2,0,1,2,1,1,0,2,1,1,0,0,3,0,3,2,1,132,2,2,1,0
3667,8.19,92,0,4,1,2,1,1,1,1,2,2,1,1,1,1,5,1,4,1,1,555,1,1,0,0
3668,6.38,81,1,4,1,0,0,1,1,1,1,1,0,0,0,0,0,0,1,1,0,5,0,0,0,2
3669,9.11,87,1,2,1,1,2,2,2,2,2,1,1,1,1,1,6,0,5,3,0,630,1,1,2,1
3670,8.83,90,0,2,2,2,2,1,2,2,1,2,1,1,1,1,5,1,7,5,0,843,2,2,2,1
3671,8.28,86,2,2,2,2,1,2,2,2,1,2,1,1,0,0,5,1,2,1,0,166,1,2,1,0
3672,9.8,88,0,2,2,1,2,2,2,2,1,1,1,1,1,1,8,1,6,3,1,813,1,2,1,1
3673,9.81,90,0,2,2,2,2,1,2,2,2,1,1,1,1,1,5,1,3,2,0,691,1,1,2,1
3674,7.18,74,1,3,2,1,2,1,2,1,2,1,1,1,1,0,4,1,2,1,1,520,2,2,1,1
3675,7.07,80,2,3,1,2,2,2,1,2,0,2,1,1,0,0,4,1,1,1,1,117,1,1,1,0
3676,7.77,73,1,4,2,1,2,1,1,1,1,1,1,1,1,0,7,1,2,4,0,381,1,1,0,0
3677,7.92,91,1,4,1,1,2,0,1,1,2,1,1,1,0,0,3,0,2,2,0,445,1,2,1,0
3678,9.1,100,0,3,1,0,1,0,2,1,2,2,1,0,0,0,2,1,2,1,0,111,2,2,1,0
3679,9.59,94,0,3,1,0,0,1,2,2,1,1,0,0,0,0,2,0,0,0,0,78,2,2,1,2
3680,7.07,89,0,4,2,2,2,2,2,1,1,2,1,1,1,0,4,1,2,4,0,546,1,2,0,1
3681,5.74,84,3,4,0,1,0,1,0,1,1,0,0,0,0,0,0,0,1,0,0,42,0,0,0,2
3682,6.12,81,2,3,1,0,1,0,1,0,0,0,0,0,0,0,2,0,1,1,0,47,0,0,1,2
3683,8.39,78,1,4,2,1,1,1,2,2,2,0,1,1,0,0,5,1,3,3,1,153,1,2,0,1
3684,7.35,65,2,4,2,1,2,1,2,2,2,2,1,1,1,0,7,1,2,3,0,450,1,1,2,1
3685,7.64,70,0,2,1,0,1,2,2,1,1,0,1,1,0,0,4,0,2,2,1,165,0,1,1,2
3686,8.95,83,1,2,2,2,2,1,1,1,1,1,1,1,1,1,5,0,3,1,0,269,2,2,2,0
3687,6.63,69,2,2,2,1,2,1,2,1,2,1,1,1,1,0,7,1,3,1,1,638,2,2,2,1
3688,6.25,59,5,2,0,0,0,0,0,1,1,1,0,0,0,0,2,0,0,1,0,61,0,0,0,2
3689,9.68,91,0,2,1,0,1,1,1,2,1,2,0,0,0,0,2,0,1,1,0,13,0,2,0,0
3690,6.6,84,0,4,2,2,2,2,2,2,0,0,1,1,1,0,7,1,2,4,1,639,2,1,1,1
3691,9.11,97,0,4,2,1,1,2,2,1,2,2,1,1,1,1,5,1,2,3,0,328,1,2,1,0
3692,7.09,91,0,2,2,0,1,2,1,2,1,0,1,1,0,0,3,1,3,2,1,201,1,2,0,0
3693,7.46,83,2,4,2,2,2,2,2,1,2,1,1,1,1,0,6,0,2,2,0,670,1,1,1,0
3694,5.5,77,4,4,1,1,1,0,1,1,1,1,0,0,0,0,1,0,1,1,0,75,1,0,1,2
3695,9.56,99,0,2,2,2,2,2,2,2,2,1,1,1,1,1,5,1,6,5,0,665,1,1,1,1
3696,8.96,99,0,3,1,0,0,1,1,1,2,1,0,0,0,0,1,0,1,0,0,102,0,2,0,0
3697,7.77,77,0,2,2,2,2,1,1,1,0,2,1,1,1,0,5,1,4,3,1,789,1,1,2,1
3698,6.44,79,3,3,0,0,0,0,0,1,1,0,0,0,0,0,0,0,0,0,0,0,1,1,0,2
3699,6.7,57,2,3,0,0,0,0,1,1,0,0,0,0,0,0,0,0,0,1,0,21,1,1,0,2
3700,9.03,93,0,3,1,1,0,0,1,1,2,1,0,0,0,0,2,0,0,0,0,53,2,1,1,2
3701,9.71,97,0,4,1,0,1,0,1,2,1,1,0,0,0,0,0,0,0,1,0,20,0,1,0,2
3702,8.71,95,1,2,1,2,2,2,2,1,2,2,1,1,1,1,6,1,5,3,0,578,1,2,1,1
3703,9.18,93,0,4,2,2,2,1,2,2,2,1,1,1,1,1,5,1,4,2,1,710,2,2,1,1
3704,6.07,58,2,4,0,0,1,0,1,0,0,1,0,0,0,0,1,0,0,1,0,42,1,1,0,2
3705,7.88,76,2,4,2,0,1,1,2,1,2,2,1,1,0,0,5,0,3,1,0,302,2,1,1,0
3706,7.5,73,0,3,2,2,2,2,1,1,0,1,1,1,1,0,8,1,3,4,1,431,2,2,2,1
3707,8.94,98,0,4,0,0,0,0,2,1,1,2,0,0,0,0,1,0,1,1,0,56,2,1,1,2
3708,8.33,79,2,4,2,0,2,2,2,1,1,2,1,1,0,0,5,1,3,0,0,232,2,1,0,1
3709,7.75,74,2,4,2,2,2,1,1,2,2,1,1,1,1,0,8,1,2,4,1,637,1,2,0,0
3710,5.58,81,4,3,0,0,0,1,1,0,1,0,0,0,0,0,0,0,1,1,0,9,0,1,1,2
3711,9.51,100,0,2,1,0,1,1,2,1,1,1,0,0,0,0,1,0,1,1,0,1,0,1,1,0
3712,6.51,85,2,2,2,1,2,2,1,1,1,2,1,1,1,0,8,1,2,4,1,400,2,2,0,1
3713,9.57,94,0,3,2,1,2,1,2,2,2,1,1,1,1,1,7,1,6,5,0,794,2,2,2,1
3714,6.19,59,4,3,1,1,0,1,1,0,1,0,0,0,0,0,0,0,1,0,0,16,1,0,0,2
3715,7.75,90,1,4,2,1,2,1,2,1,0,2,1,1,1,0,5,0,2,3,1,645,2,2,1,1
3716,7.31,91,0,3,1,2,1,2,1,1,1,2,1,1,0,0,3,1,3,3,1,135,1,2,0,0
3717,8.02,74,1,3,2,2,2,2,2,1,0,2,1,1,1,0,5,0,2,2,1,609,1,2,1,0
3718,6.01,70,4,3,0,1,0,0,1,1,1,1,0,0,0,0,1,0,1,1,0,30,1,0,1,2
3719,7.19,94,2,4,2,2,2,1,1,1,2,1,1,1,0,0,5,1,3,1,0,379,1,1,0,0
3720,7.51,89,1,4,1,0,1,2,2,2,1,2,1,1,0,0,2,1,3,3,0,412,2,1,0,0
3721,9.77,87,0,4,2,1,2,1,2,2,2,2,1,1,1,1,5,1,7,3,1,812,1,2,1,1
3722,6.46,66,2,4,0,0,1,0,0,1,0,1,0,0,0,0,0,0,0,0,0,68,1,0,0,2
3723,9.55,98,0,3,0,1,1,1,1,1,1,1,0,0,0,0,0,0,0,0,0,76,2,1,0,0
3724,6.78,68,4,3,1,1,1,0,0,0,1,0,0,0,0,0,2,0,1,1,0,22,0,0,0,2
3725,9.27,99,0,3,2,2,2,1,2,2,1,1,1,1,1,1,6,1,7,3,1,673,1,2,1,1
3726,9.65,99,0,4,1,1,1,0,2,2,1,1,0,0,0,0,2,0,1,1,0,64,0,1,0,2
3727,8.69,95,0,2,0,0,0,1,1,2,1,2,0,0,0,0,0,0,0,1,0,43,1,2,0,2
3728,9.2,83,0,2,1,1,2,1,1,2,2,1,1,1,1,1,6,1,2,2,1,313,1,1,1,0
3729,9.21,92,0,3,2,2,2,1,2,2,1,1,1,1,1,1,5,1,5,5,1,451,2,2,2,1
3730,5.9,79,1,3,0,1,1,0,0,0,1,1,0,0,0,0,1,0,1,1,0,25,0,0,0,2
3731,7.55,83,0,2,2,2,2,2,1,1,2,1,1,1,1,0,5,1,2,2,1,517,2,2,2,1
3732,7.62,76,0,3,1,2,2,2,2,1,2,1,1,1,0,0,3,0,1,0,0,329,0,1,0,0
3733,8.32,86,2,4,2,2,2,1,2,1,1,2,1,1,0,0,5,0,2,2,0,135,1,1,0,0
3734,6.56,66,2,4,2,2,2,2,1,2,2,2,1,1,1,0,8,1,3,4,1,736,1,2,2,1
3735,6.86,86,2,3,2,2,2,1,1,1,1,0,1,1,1,0,6,1,3,2,1,693,2,2,2,1
3736,6.32,82,4,2,0,0,1,1,0,0,0,1,0,0,0,0,1,0,1,1,0,31,1,1,1,2
3737,7.14,79,1,4,2,2,2,2,1,1,2,1,1,1,1,0,5,1,2,3,1,606,2,1,1,1
3738,8.0,95,1,3,2,2,2,2,2,1,0,1,1,1,0,0,4,1,1,3,0,422,1,1,1,0
3739,7.62,92,1,2,2,1,2,2,2,2,0,2,1,1,0,0,4,0,2,2,1,118,2,1,1,1
3740,8.44,76,2,2,2,2,2,2,2,1,1,0,1,1,0,0,5,1,2,1,1,313,1,2,1,1
3741,6.84,78,2,4,2,1,2,2,1,1,2,0,1,1,1,0,6,1,2,1,1,681,1,1,2,0
3742,8.99,80,1,4,1,2,1,1,1,1,1,2,1,1,1,1,5,1,3,4,1,253,2,1,0,0
3743,7.43,70,2,3,1,2,1,2,1,1,1,0,1,1,0,0,3,0,2,3,1,268,2,2,1,0
3744,6.3,82,2,4,1,0,0,0,1,0,0,0,0,0,0,0,2,0,0,0,0,27,1,1,0,2
3745,9.62,97,0,2,1,1,0,0,1,2,1,1,1,0,0,0,2,1,1,1,0,65,2,2,1,0
3746,9.49,91,0,4,1,0,0,1,1,1,1,2,0,0,0,0,2,0,2,0,0,57,2,1,1,2
3747,8.31,84,0,4,1,2,1,1,1,1,2,2,1,1,1,1,7,1,5,4,1,416,2,1,1,0
3748,9.65,86,0,4,2,2,2,2,2,2,2,2,1,1,1,1,8,1,6,4,0,822,1,2,1,1
3749,7.3,79,2,2,1,1,1,0,1,2,0,2,1,1,0,0,4,1,1,2,1,101,1,1,0,0
3750,7.93,84,2,4,2,2,1,1,1,1,2,1,1,1,0,0,2,1,1,0,0,424,2,2,0,0
3751,6.81,81,2,3,2,1,2,1,2,2,2,2,1,1,1,0,7,1,3,5,1,398,2,2,1,0
3752,7.71,73,0,3,2,1,2,2,2,1,1,1,1,1,1,0,4,0,4,3,1,711,2,2,0,1
3753,8.18,97,0,3,1,1,1,2,1,1,1,2,1,1,1,1,4,1,5,4,0,343,2,2,0,0
3754,7.44,75,0,4,2,1,2,1,2,1,2,1,1,1,0,0,5,1,2,1,0,295,1,2,0,0
3755,8.47,96,0,3,1,1,1,1,1,2,1,2,0,0,0,0,2,0,0,1,0,42,0,2,1,0
3756,8.97,97,0,2,0,1,0,1,1,1,1,1,0,0,0,0,1,0,0,0,0,42,0,1,1,2
3757,7.91,97,1,3,2,1,2,1,1,2,2,1,1,1,1,1,5,1,2,4,0,634,2,2,2,1
3758,5.52,61,2,4,1,0,0,1,0,1,1,0,0,0,0,0,1,0,1,0,0,20,0,1,0,2
3759,9.13,88,1,4,1,2,2,2,1,2,2,2,1,1,1,1,4,1,3,4,1,470,1,1,0,0
3760,7.4,75,1,3,2,1,2,2,1,1,1,2,1,1,1,0,5,1,4,1,1,404,2,2,1,0
3761,8.87,97,0,3,1,0,1,0,1,1,2,2,0,0,0,0,0,0,0,1,0,95,2,2,1,0
3762,7.34,85,1,2,2,2,2,2,2,1,0,0,1,1,1,0,6,1,3,5,0,766,1,2,0,0
3763,7.19,90,0,3,1,2,2,2,2,2,1,2,1,1,0,0,4,1,1,3,0,136,1,1,1,0
3764,8.81,91,1,4,1,1,2,1,1,2,1,2,1,1,1,1,5,0,4,2,1,496,1,2,0,0
3765,7.41,69,0,4,2,2,2,1,2,1,2,0,1,1,1,0,7,1,2,1,0,723,2,1,2,1
3766,9.28,90,0,3,1,1,1,1,1,2,2,1,0,0,0,0,1,0,2,0,0,48,2,2,0,0
3767,8.25,70,1,3,2,0,2,1,2,2,1,1,1,1,0,0,5,1,4,0,1,295,2,2,1,1
3768,7.69,69,2,3,2,1,2,2,2,1,1,1,1,1,1,0,7,1,4,2,1,379,2,2,1,1
3769,8.06,70,0,4,2,2,1,1,1,1,1,0,1,1,0,0,4,1,2,1,0,449,2,2,0,0
3770,7.82,69,1,4,2,2,2,1,2,2,1,0,1,1,1,0,6,0,2,3,1,376,1,2,0,1
3771,7.65,77,1,3,1,1,2,1,1,2,0,2,1,1,0,0,4,1,1,1,0,179,1,1,1,0
3772,7.42,82,2,3,2,2,2,2,2,1,1,2,1,1,1,0,5,1,3,4,1,782,2,2,2,1
3773,9.77,85,0,4,2,2,2,2,2,2,2,1,1,1,1,1,7,1,6,2,0,858,2,1,2,1
3774,8.09,67,1,4,2,1,2,2,1,2,1,2,1,1,1,0,7,1,4,3,0,439,2,1,0,1
3775,7.28,82,1,4,2,2,2,1,1,2,1,2,1,1,1,0,5,0,3,5,0,422,1,1,2,0
3776,6.75,85,1,3,2,1,2,1,2,1,2,0,1,1,1,0,8,1,4,2,0,755,2,1,0,1
3777,8.93,93,0,2,1,1,1,2,2,2,1,1,1,1,1,1,6,1,2,1,1,504,1,2,2,0
3778,9.43,93,0,3,2,1,2,2,2,2,1,1,1,1,1,1,6,1,7,5,1,835,1,2,1,1
3779,7.4,94,2,2,2,0,2,1,2,1,0,1,1,1,0,0,3,0,1,1,1,151,1,2,0,0
3780,8.31,81,1,3,1,1,1,2,2,2,0,0,1,1,0,0,3,1,4,2,1,159,1,2,0,0
3781,7.62,77,2,4,2,2,2,1,1,1,0,1,1,1,1,0,6,0,2,5,0,651,2,2,2,0
3782,8.49,73,2,4,2,2,1,1,2,1,1,0,1,1,0,0,5,1,2,1,1,107,2,1,0,0
3783,9.76,96,0,4,0,1,1,0,1,2,1,1,0,0,0,0,2,0,1,0,0,51,1,1,0,2
3784,9.18,97,0,3,1,1,2,2,2,2,1,2,1,1,1,1,4,0,2,3,0,630,1,2,0,0
3785,8.43,95,0,4,0,1,1,0,1,2,1,1,0,0,0,0,0,0,2,1,0,43,1,2,0,2
3786,9.57,85,0,2,2,1,2,2,2,2,1,2,1,1,1,1,6,1,4,3,0,499,2,1,2,1
3787,7.67,77,0,2,1,2,1,0,1,2,0,0,1,1,0,0,3,1,1,1,0,240,1,2,1,2
3788,7.25,87,2,2,2,1,2,1,2,1,2,0,1,1,0,0,5,1,3,3,1,318,1,2,0,0
3789,7.2,85,0,4,2,0,1,1,1,2,1,2,1,1,0,0,3,0,2,1,1,267,2,2,1,0
3790,8.48,84,1,4,2,0,2,1,1,2,1,0,1,1,0,0,4,0,4,3,0,148,2,2,1,0
3791,9.6,94,0,4,1,0,1,1,2,1,1,2,0,0,0,0,1,0,0,1,0,75,2,2,0,0
3792,9.18,94,1,4,1,1,1,2,2,1,2,2,1,1,1,1,4,1,4,1,1,572,1,1,2,0
3793,5.81,69,3,3,0,0,1,1,1,0,1,0,0,0,0,0,1,0,0,1,0,65,1,1,1,2
3794,7.57,69,1,3,2,2,2,1,1,1,2,0,1,1,1,0,7,0,2,2,1,480,1,1,1,1
3795,8.11,81,0,4,1,1,2,0,2,2,2,0,1,1,0,0,5,1,3,3,0,331,2,2,0,1
3796,8.67,91,0,4,0,1,1,0,2,2,2,1,0,0,0,0,2,0,2,1,0,7,0,2,1,2
3797,6.72,73,3,3,0,1,0,0,1,0,0,0,0,0,0,0,1,0,0,1,0,73,1,0,1,2
3798,9.53,99,0,4,0,0,0,0,2,2,2,1,0,0,0,0,2,0,2,1,0,101,2,1,0,0
3799,8.8,80,0,4,2,1,2,2,1,1,2,1,1,1,1,1,4,1,4,1,1,617,2,2,0,1
3800,8.54,90,1,4,2,2,1,2,2,2,2,2,1,1,1,1,7,1,2,3,0,535,2,2,2,1
3801,9.58,91,0,4,1,0,0,1,2,1,2,2,0,0,0,0,1,0,0,1,0,83,1,1,1,2
3802,9.14,99,0,3,2,2,1,2,2,2,1,2,1,1,1,1,7,1,2,3,1,454,2,1,1,1
3803,7.83,84,0,4,2,1,2,1,2,1,2,2,1,1,1,0,4,1,2,4,0,397,1,1,2,0
3804,8.01,78,2,3,1,1,1,2,1,2,0,2,1,1,0,0,2,0,4,3,0,430,0,2,1,0
3805,9.13,83,1,4,1,1,1,1,1,1,1,2,1,1,1,1,6,1,3,4,0,557,2,1,2,0
3806,9.54,98,0,4,2,1,2,2,2,2,2,2,1,1,1,1,8,1,4,4,1,729,1,1,1,1
3807,5.85,71,3,4,1,1,1,1,0,1,1,1,0,0,0,0,0,0,1,1,0,10,1,0,0,2
3808,7.34,83,1,3,2,1,1,1,2,1,0,1,1,1,0,0,2,0,2,2,0,260,1,2,1,0
3809,5.73,73,1,2,0,0,1,1,1,1,0,0,0,0,0,0,1,0,0,0,0,26,1,0,0,2
3810,8.85,98,0,4,0,0,0,1,1,2,2,1,0,0,0,0,1,0,0,0,0,95,1,2,1,2
3811,8.14,78,2,4,2,1,1,1,1,2,1,0,1,1,0,0,5,0,3,1,0,216,0,1,0,0
3812,7.97,87,2,3,1,2,1,2,2,1,0,2,1,1,0,0,4,1,1,1,0,138,2,2,1,0
3813,8.91,96,0,2,0,1,0,0,2,2,1,1,0,0,0,0,0,0,1,1,0,51,0,2,1,2
3814,7.62,77,1,3,1,2,1,2,1,1,1,0,1,1,0,0,2,0,2,2,0,381,1,2,1,0
3815,8.52,100,0,4,1,0,0,1,2,1,1,1,0,0,0,0,0,0,0,0,0,70,0,1,0,2
3816,5.82,74,4,4,1,0,1,1,0,0,1,0,1,1,0,0,2,1,1,1,0,8,1,1,1,2
3817,6.63,84,0,4,2,2,2,2,2,2,0,2,1,1,1,0,8,1,2,2,1,427,1,1,2,1
3818,6.91,84,2,4,2,1,2,2,2,2,0,2,1,1,1,0,5,1,4,5,1,696,1,2,1,1
3819,7.88,90,1,3,1,0,1,1,1,1,2,1,1,1,0,0,2,0,3,2,0,434,0,1,1,0
3820,7.0,87,0,4,2,2,2,2,2,1,2,1,1,1,1,0,6,1,2,4,0,512,2,1,1,1
3821,8.81,95,0,2,0,1,0,1,2,1,1,1,0,0,0,0,2,0,0,0,0,104,0,2,0,2
3822,8.78,90,0,3,2,2,1,1,1,2,2,2,1,1,1,1,4,1,5,3,1,270,2,2,0,1
3823,7.82,89,1,3,1,0,1,0,1,2,1,0,1,1,0,0,3,0,3,2,0,188,2,2,1,0
3824,7.87,87,1,4,1,2,1,2,1,1,1,2,1,1,1,1,5,1,3,2,1,308,1,2,2,0
3825,8.36,98,1,3,1,1,2,2,2,2,1,2,1,1,1,1,4,0,2,1,0,483,2,1,0,1
3826,7.26,86,0,4,2,2,2,1,1,2,0,1,1,1,1,0,6,1,2,5,1,657,1,1,2,1
3827,9.04,92,0,3,1,0,1,0,2,2,2,1,0,0,0,0,1,0,1,0,0,104,0,1,1,2
3828,7.92,76,2,2,2,2,1,1,1,1,2,2,1,1,0,0,3,1,2,3,1,272,1,2,1,0
3829,7.81,96,0,2,2,2,2,2,1,2,1,1,1,1,1,1,4,1,4,1,0,322,2,1,1,0
3830,7.82,90,2,2,1,2,1,1,1,2,0,2,1,1,0,0,3,1,4,3,0,294,1,2,1,0
3831,5.54,59,5,2,0,1,0,1,1,1,1,1,0,0,0,0,2,0,0,1,0,67,1,1,0,2
3832,9.68,96,0,2,0,0,0,0,2,1,2,2,1,0,0,0,2,1,0,0,0,118,2,2,0,0
3833,8.09,73,2,2,2,1,2,2,2,2,2,1,1,1,1,0,7,1,3,1,1,616,2,1,2,1
3834,9.12,91,0,2,0,0,1,0,2,2,1,1,0,0,0,0,2,0,1,1,0,49,0,1,0,2
3835,9.23,100,0,4,2,1,2,1,2,2,1,2,1,1,1,1,8,1,5,4,1,574,1,2,2,1
3836,7.94,66,1,3,2,1,2,2,2,2,2,0,1,1,1,0,5,0,2,1,1,717,1,1,0,1
3837,7.81,86,1,3,1,1,2,1,1,2,2,2,1,1,1,1,4,0,2,2,1,587,2,1,1,0
3838,7.15,68,0,4,2,2,2,2,1,2,2,0,1,1,1,0,4,1,3,1,0,352,2,2,0,0
3839,9.66,86,0,2,2,1,2,2,2,2,2,1,1,1,1,1,6,1,5,5,0,640,2,1,1,1
3840,8.99,82,0,4,1,1,2,1,2,2,1,1,1,1,1,1,5,1,3,3,0,276,1,2,0,0
3841,7.02,83,0,2,1,0,1,0,2,2,1,0,1,1,0,0,5,1,2,1,0,376,2,1,0,0
3842,7.87,77,1,4,2,2,2,2,2,1,1,2,1,1,0,0,5,0,3,1,1,396,1,1,1,0
3843,7.86,79,0,3,2,2,2,1,2,1,0,0,1,1,1,0,8,0,2,4,1,695,1,1,1,1
3844,7.94,85,0,3,2,1,1,2,2,1,2,1,1,1,1,1,6,1,3,1,0,273,2,1,0,0
3845,6.95,73,2,4,2,2,2,2,1,2,1,1,1,1,1,0,7,1,2,5,1,355,1,1,2,1
3846,5.92,63,2,3,0,0,1,1,0,1,0,0,0,0,0,0,2,0,1,0,0,42,0,0,0,0
3847,6.08,84,1,2,0,0,1,0,0,0,1,1,1,0,0,0,4,1,0,0,0,66,1,1,1,0
3848,7.2,79,1,3,2,1,2,1,1,1,2,2,1,1,1,0,8,0,2,2,0,648,2,2,2,0
3849,8.23,84,1,4,2,2,2,2,2,2,0,2,1,1,0,0,5,1,2,0,0,267,2,2,1,1
3850,8.01,71,1,2,2,1,2,2,2,1,2,1,1,1,1,0,8,0,2,4,1,580,2,2,2,1
3851,8.12,88,0,3,1,2,1,1,1,2,2,2,1,1,1,1,5,0,5,4,1,432,2,2,2,0
3852,8.48,94,0,2,0,1,0,1,2,1,2,1,0,0,0,0,1,0,2,1,0,14,1,2,1,0
3853,7.62,93,0,3,2,2,2,1,1,2,2,2,1,1,0,0,5,1,2,1,0,145,2,1,1,1
3854,7.81,79,0,4,1,1,1,1,2,1,2,2,1,1,0,0,4,1,3,1,1,386,2,1,0,0
3855,8.2,81,0,4,2,2,2,1,2,2,1,2,1,1,1,1,7,0,3,3,1,577,1,2,2,1
3856,7.17,75,0,4,1,1,2,0,2,1,1,0,1,1,0,0,3,1,2,2,1,366,2,2,1,0
3857,5.81,69,3,3,1,1,0,1,1,1,1,1,0,0,0,0,0,0,0,1,0,30,0,1,1,2
3858,8.89,81,1,2,2,2,2,1,2,2,2,1,1,1,1,1,6,1,4,2,1,528,1,2,1,1
3859,9.88,98,0,4,2,1,2,2,2,2,1,1,1,1,1,1,7,0,5,4,0,746,2,1,2,1
3860,8.15,79,2,4,2,1,2,2,1,1,0,2,1,1,0,0,5,0,3,3,0,422,2,1,0,0
3861,6.47,76,3,2,0,0,0,1,1,0,1,0,0,0,0,0,1,0,0,0,0,44,1,1,1,2
3862,5.83,77,5,3,1,0,1,1,0,1,1,0,0,0,0,0,2,0,0,0,0,47,0,1,1,2
3863,9.16,82,1,3,1,1,1,2,2,2,1,1,1,1,1,1,4,1,4,2,0,472,1,2,1,0
3864,8.28,94,1,4,2,1,1,1,2,1,1,1,1,1,1,1,6,1,2,4,0,455,1,1,0,0
3865,7.44,94,0,4,1,2,2,2,2,2,1,0,1,1,0,0,4,1,2,2,0,229,1,2,1,0
3866,8.19,84,0,4,1,1,1,1,1,2,2,2,1,1,1,1,5,1,3,1,0,526,1,1,1,0
3867,7.63,85,1,4,1,0,2,2,2,2,2,1,1,1,0,0,5,0,3,2,0,314,1,1,0,0
3868,5.94,72,5,4,1,1,0,1,0,1,0,0,0,0,0,0,0,0,0,0,0,60,0,0,0,2
3869,8.48,94,0,4,0,0,1,1,1,1,1,2,0,0,0,0,2,0,2,0,0,38,1,1,0,0
3870,8.48,80,1,4,1,2,2,2,2,1,1,1,1,1,1,1,7,1,4,2,0,554,2,2,1,1
3871,5.79,56,3,3,0,1,0,1,1,1,1,1,0,0,0,0,2,0,1,1,0,18,0,0,1,2
3872,5.8,75,4,2,0,1,0,0,0,0,0,1,0,0,0,0,1,0,1,0,0,30,1,0,1,2
3873,7.96,90,2,3,1,0,2,1,1,2,1,2,1,1,0,0,3,0,2,2,1,417,2,1,1,0
3874,7.64,74,2,3,2,2,2,2,2,2,1,2,1,1,1,0,5,0,2,2,1,609,2,1,0,1
3875,8.55,93,0,2,1,0,0,1,2,2,1,1,0,0,0,0,2,0,1,1,0,13,0,2,1,2
3876,7.39,79,2,3,1,1,2,0,2,1,1,2,1,1,0,0,3,1,2,0,0,107,2,2,1,0
3877,7.55,86,2,2,1,2,2,1,1,1,2,1,1,1,0,0,3,0,2,2,0,201,0,2,0,2
3878,5.94,70,2,3,0,0,0,0,1,1,1,0,0,0,0,0,2,0,1,1,0,5,1,1,1,2
3879,6.63,79,0,4,2,1,2,2,2,2,1,1,1,1,1,0,7,1,3,3,0,709,1,2,1,0
3880,8.07,93,1,3,1,2,2,1,2,1,2,0,1,1,0,0,5,0,2,2,1,261,2,2,0,0
3881,9.66,94,0,3,2,2,2,2,2,2,2,1,1,1,1,1,8,1,6,5,0,693,2,2,2,1
3882,9.55,98,0,4,2,1,2,2,2,2,2,2,1,1,1,1,6,1,7,5,0,530,1,1,1,1
3883,5.72,76,4,4,0,1,1,1,1,1,1,1,0,0,0,0,1,0,1,1,0,0,1,0,0,0
3884,9.65,91,0,4,0,1,0,0,1,1,2,1,1,1,0,0,2,1,0,1,0,43,1,1,1,2
3885,7.37,86,1,4,2,2,2,2,2,1,1,0,1,1,1,0,8,0,2,3,0,501,1,1,1,0
3886,7.88,76,0,3,2,2,2,1,1,1,0,1,1,1,0,0,3,1,2,2,1,320,1,2,1,0
3887,5.52,80,5,2,0,0,0,1,0,0,0,1,0,0,0,0,0,0,0,1,0,2,1,0,1,2
3888,7.25,75,0,3,1,1,2,1,1,1,1,2,1,1,0,0,5,1,3,1,0,325,2,1,1,0
3889,7.17,82,1,4,2,2,2,2,2,1,2,2,1,1,1,0,5,1,3,2,0,713,1,2,0,1
3890,9.19,96,1,4,2,1,2,1,2,2,1,2,1,1,1,1,7,1,2,4,0,305,2,1,1,1
3891,7.15,82,0,3,2,2,1,2,2,1,0,1,1,1,0,0,5,0,2,2,0,211,1,2,1,0
3892,8.03,71,0,4,2,0,2,1,1,1,2,0,1,1,0,0,5,0,4,0,1,331,2,2,0,0
3893,9.97,100,0,3,2,1,2,2,2,2,1,2,1,1,1,1,8,1,6,2,1,780,2,1,1,1
3894,8.38,100,1,3,1,1,2,1,1,1,2,1,1,1,1,1,7,1,2,4,1,477,1,2,1,1
3895,7.12,65,0,4,2,2,2,1,1,2,1,0,1,1,1,0,4,0,2,3,1,744,1,2,0,0
3896,8.78,99,1,4,1,2,1,1,2,2,2,1,1,1,1,1,5,0,5,4,0,510,1,2,1,0
3897,5.71,81,5,2,0,0,0,0,0,0,1,0,0,0,0,0,2,0,0,0,0,3,1,1,0,2
3898,6.68,76,0,4,2,1,2,2,2,2,0,1,1,1,1,0,5,1,4,3,1,752,1,1,0,0
3899,8.17,70,2,2,2,2,2,2,2,2,2,0,1,1,0,0,4,1,3,2,1,152,1,1,0,0
3900,7.83,71,2,4,1,0,1,2,2,1,2,1,1,1,0,0,2,0,1,1,0,448,2,1,1,0
3901,7.46,74,2,4,2,1,2,1,2,1,0,2,1,1,1,0,4,1,1,1,0,363,2,1,0,1
3902,8.27,77,2,2,2,0,1,2,1,1,2,1,1,1,0,0,4,1,2,1,0,450,1,1,1,0
3903,7.64,71,0,4,2,1,2,1,2,2,1,1,1,1,1,0,8,1,2,1,0,585,2,1,1,1
3904,8.36,87,1,3,2,2,1,2,1,2,2,2,1,1,1,1,6,0,5,1,1,475,2,2,2,1
3905,6.17,57,4,4,0,0,1,1,1,0,0,0,0,0,0,0,2,0,0,1,0,48,0,1,0,2
3906,9.72,91,0,3,2,1,2,1,2,2,1,1,1,1,1,1,7,1,3,3,1,679,1,1,2,1
3907,8.32,95,2,2,2,1,2,2,1,1,2,0,1,1,0,0,5,0,2,1,0,310,1,2,1,0
3908,9.3,99,0,4,2,2,2,1,2,2,1,1,1,1,1,1,6,1,5,3,1,612,2,2,2,1
3909,8.49,79,2,2,2,2,2,1,1,2,1,1,1,1,0,0,4,1,4,2,0,211,1,2,0,0
3910,9.13,99,1,3,2,2,1,2,1,2,1,1,1,1,1,1,6,0,3,4,1,488,1,2,0,0
3911,9.41,90,0,2,2,2,2,1,2,2,1,2,1,1,1,1,6,1,3,2,0,498,2,2,1,1
3912,8.08,88,1,4,1,2,2,0,2,2,0,0,1,1,0,0,3,1,4,3,0,203,1,1,1,1
3913,6.77,76,2,4,2,2,2,2,1,1,2,1,1,1,1,0,6,1,2,2,0,770,2,1,1,1
3914,8.13,71,1,3,1,2,1,2,1,2,1,1,1,1,0,0,5,1,3,1,0,253,1,2,0,0
3915,9.07,89,1,3,2,1,2,2,1,2,1,1,1,1,1,1,7,1,2,3,1,347,1,2,0,0
3916,5.6,70,3,4,0,0,1,0,1,0,1,0,0,0,0,0,1,0,1,0,0,13,1,1,0,2
3917,7.22,81,2,4,2,2,2,2,2,1,0,2,1,1,0,0,5,1,3,2,1,368,1,2,1,1
3918,7.57,71,1,3,1,2,2,0,1,2,2,1,1,1,0,0,5,0,2,0,1,400,0,1,0,0
3919,8.56,80,0,4,2,1,2,1,2,1,2,2,1,1,1,1,5,0,2,3,1,423,2,1,1,1
3920,9.44,99,0,4,1,1,1,0,1,1,2,2,0,0,0,0,2,0,0,1,0,101,1,2,0,2
3921,9.58,97,0,4,2,1,2,1,2,2,2,1,1,1,1,1,5,1,3,4,1,772,2,2,2,1
3922,9.06,92,0,2,1,1,1,1,1,1,1,1,1,1,1,1,7,1,4,2,1,404,1,2,2,0
3923,9.68,93,0,2,2,1,2,1,2,2,2,1,1,1,1,1,7,1,4,3,0,629,1,2,1,1
3924,8.38,91,1,3,1,2,2,2,2,2,1,1,1,1,1,1,7,1,3,2,0,568,2,1,0,0
3925,7.05,81,0,4,2,0,2,1,2,2,2,0,1,1,0,0,5,0,2,2,0,350,0,2,0,0
3926,5.61,68,3,3,0,1,1,0,0,0,0,1,0,0,0,0,1,0,1,1,0,50,0,1,1,2
3927,8.06,74,2,2,2,2,2,2,1,1,0,2,1,1,1,0,4,0,1,3,0,608,2,1,0,0
3928,9.85,98,0,4,2,2,2,2,2,2,2,1,1,1,1,1,8,1,3,4,1,666,2,2,2,1
3929,8.18,86,0,4,2,1,1,2,2,2,2,1,1,1,1,1,4,1,4,2,0,489,2,2,1,1
3930,8.5,94,1,3,1,2,1,2,1,1,1,2,1,1,1,1,7,1,2,1,0,269,2,2,0,0
3931,7.34,72,1,3,2,2,2,1,2,2,0,2,1,1,1,0,8,1,3,1,1,452,1,2,0,1
3932,7.57,73,0,4,1,2,1,2,2,1,2,1,1,1,0,0,5,0,2,3,0,230,1,2,1,0
3933,8.89,100,0,4,1,1,1,2,1,1,1,2,1,1,1,1,6,1,3,2,0,293,1,1,1,1
3934,9.3,94,0,4,2,2,2,1,2,2,1,2,1,1,1,1,7,1,6,3,0,650,2,1,1,1
3935,8.77,83,0,4,2,1,2,2,1,2,2,2,1,1,1,1,4,0,5,3,1,305,1,1,2,1
3936,9.1,98,0,4,2,1,2,2,2,2,1,2,1,1,1,1,7,1,5,3,1,595,2,2,1,1
3937,6.75,63,3,4,1,1,1,0,1,0,1,0,0,0,0,0,1,0,0,1,0,36,1,1,1,0
3938,9.45,90,0,3,0,1,0,1,2,2,2,2,1,1,0,0,3,1,0,0,1,20,2,1,1,0
3939,8.02,83,1,3,1,2,2,2,2,1,2,1,1,1,1,1,4,1,2,3,0,326,2,2,2,0
3940,8.29,83,1,3,2,1,2,2,1,1,1,2,1,1,1,1,5,1,4,3,0,335,2,2,0,1
3941,7.97,91,2,4,1,2,1,0,1,1,0,1,1,1,0,0,5,0,3,2,0,248,2,1,0,0
3942,7.27,85,2,4,2,0,1,1,2,2,2,1,1,1,0,0,4,0,3,3,1,381,0,2,0,0
3943,9.11,91,0,4,2,1,2,1,2,2,2,2,1,1,1,1,6,1,4,3,0,602,1,1,1,1
3944,7.26,83,1,4,2,1,1,2,1,2,2,1,1,1,0,0,3,1,4,2,0,113,1,1,0,0
3945,7.42,84,0,4,2,1,2,2,1,2,2,1,1,1,0,0,5,0,3,3,0,110,1,2,1,0
3946,9.53,94,0,2,0,1,0,1,2,2,1,2,0,0,0,0,1,0,0,0,0,5,2,2,0,2
3947,9.82,86,0,3,2,1,2,1,2,2,2,2,1,1,1,1,8,1,4,5,1,890,2,1,2,1
3948,9.8,100,0,3,1,0,1,1,1,2,1,1,0,0,0,0,0,0,0,0,0,91,2,1,1,0
3949,8.34,80,0,2,1,0,2,2,1,1,0,2,1,1,0,0,4,0,2,0,1,150,2,1,1,0
3950,5.63,69,1,2,1,1,0,0,0,0,0,1,1,1,0,0,4,1,1,0,0,58,1,1,0,2
3951,9.93,90,0,4,2,1,2,2,2,2,1,2,1,1,1,1,7,1,5,3,0,858,2,1,1,1
3952,9.59,91,0,4,1,0,0,1,2,2,2,1,0,0,0,0,2,0,0,0,0,67,0,2,0,2
3953,7.32,75,0,3,1,2,2,0,1,1,0,1,1,1,0,0,3,1,4,0,0,448,1,2,0,0
3954,7.67,66,2,4,2,2,2,2,1,2,1,0,1,1,1,0,5,0,4,1,0,435,1,1,2,0
3955,7.46,78,0,4,2,1,2,1,2,2,2,2,1,1,0,0,4,0,2,1,0,258,1,1,1,1
3956,8.92,95,0,4,2,1,2,2,2,2,2,1,1,1,1,1,5,1,6,4,0,885,1,2,2,1
3957,6.56,82,1,3,2,1,2,2,2,1,0,0,1,1,1,0,8,1,2,2,1,475,1,2,1,1
3958,9.14,80,1,2,1,2,1,2,2,2,2,2,1,1,1,1,7,1,2,3,0,528,2,2,1,1
3959,7.43,76,2,3,2,0,2,1,2,1,0,0,1,1,0,0,5,1,3,1,0,291,1,2,1,0
3960,8.43,84,2,3,1,2,2,1,2,1,1,0,1,1,0,0,3,1,1,3,0,305,2,1,1,0
3961,8.11,84,2,3,2,2,2,1,1,1,0,0,1,1,1,0,4,1,2,3,1,391,2,2,0,0
3962,5.72,68,3,4,1,1,1,1,1,0,0,1,0,0,0,0,2,0,1,1,0,33,0,1,0,2
3963,9.67,91,0,2,1,1,1,0,2,1,1,2,0,0,0,0,1,0,1,0,0,72,2,2,1,0
3964,9.88,96,0,4,2,2,2,1,2,2,1,2,1,1,1,1,7,1,6,2,1,492,1,2,1,0
3965,7.27,81,1,3,2,2,2,2,2,2,2,0,1,1,1,0,6,1,3,1,0,526,1,2,2,1
3966,7.22,72,1,2,1,2,1,1,1,1,1,0,1,1,0,0,2,0,3,3,0,246,0,2,1,0
3967,5.84,79,1,3,1,1,0,1,0,1,0,0,0,0,0,0,0,0,0,1,0,32,1,1,1,2
3968,9.56,85,0,2,2,1,2,1,2,2,1,2,1,1,1,1,8,0,3,2,1,561,1,1,1,1
3969,7.57,87,2,2,2,2,1,1,1,2,0,2,1,1,0,0,3,0,2,1,0,264,0,2,1,0
3970,7.62,77,0,2,1,2,2,1,1,1,0,1,1,1,0,0,3,1,4,2,1,336,1,2,1,0
3971,9.53,94,0,2,0,0,0,0,1,2,2,2,0,0,0,0,0,0,2,0,0,69,2,1,0,2
3972,8.93,97,1,4,2,2,1,2,2,2,1,1,1,1,1,1,7,0,4,2,0,266,2,1,1,1
3973,8.48,77,0,4,2,2,2,1,1,2,0,0,1,1,0,0,3,0,4,1,1,340,2,1,0,0
3974,6.2,75,2,3,0,0,1,0,1,1,0,0,0,0,0,0,1,0,0,1,0,34,0,1,0,2
3975,7.89,95,0,4,1,1,1,0,1,2,2,2,1,1,0,0,3,1,1,1,1,149,2,1,1,0
3976,7.25,88,1,4,1,2,1,0,2,1,0,2,1,1,0,0,2,0,2,1,0,141,1,2,0,2
3977,8.62,96,0,2,0,0,0,1,1,2,2,2,0,0,0,0,2,0,0,0,0,13,1,1,1,2
3978,6.67,90,0,3,2,1,2,2,2,1,0,2,1,1,1,0,8,0,4,1,1,629,2,2,2,1
3979,7.93,83,1,4,1,1,1,2,2,2,1,1,1,1,1,1,7,1,3,3,1,264,2,1,1,0
3980,7.96,86,0,3,2,2,2,2,1,1,0,2,1,1,1,0,8,1,2,5,1,514,1,2,0,1
3981,7.07,91,1,4,2,2,2,2,2,1,0,2,1,1,0,0,4,1,4,3,1,370,1,2,1,0
3982,8.37,91,1,4,2,2,2,2,1,2,2,1,1,1,1,1,5,0,3,4,0,446,2,1,2,0
3983,8.8,99,0,4,0,1,0,1,1,1,1,1,0,0,0,0,0,0,2,0,0,39,0,1,0,2
3984,6.99,83,2,4,2,2,2,1,1,2,1,0,1,1,1,0,6,1,2,4,1,797,2,2,1,1
3985,7.39,75,2,4,2,2,2,2,1,2,0,1,1,1,1,0,7,1,2,2,1,710,2,1,0,1
3986,8.2,87,0,3,2,1,2,2,2,1,1,0,1,1,1,0,4,1,4,2,1,606,2,2,1,1
3987,8.47,96,0,3,2,1,1,1,2,1,2,1,1,1,1,1,5,1,5,4,1,396,2,1,0,1
3988,7.01,78,2,3,2,0,2,1,2,2,0,2,1,1,0,0,4,0,3,3,0,425,1,1,0,1
3989,8.42,92,0,3,1,1,1,1,2,2,0,0,1,1,0,0,2,1,4,3,0,109,2,2,0,0
3990,5.83,58,1,4,1,1,0,0,0,0,0,0,0,0,0,0,1,0,0,1,0,10,1,0,1,2
3991,8.15,76,1,4,2,2,2,2,2,1,2,1,1,1,1,0,6,0,2,4,1,461,1,1,0,0
3992,8.78,98,0,4,1,2,2,1,2,2,1,2,1,1,1,1,7,1,4,3,0,479,1,1,2,1
3993,7.96,86,1,3,2,1,2,1,2,1,0,1,1,1,1,0,7,1,2,5,0,603,2,1,0,0
3994,9.13,87,0,3,2,2,1,2,1,2,2,2,1,1,1,1,7,1,3,2,1,449,1,1,0,1
3995,7.08,72,2,4,2,2,2,2,2,1,1,0,1,1,1,0,6,1,4,3,0,495,1,1,1,0
3996,7.51,82,0,2,2,1,1,1,2,2,1,2,1,1,0,0,4,1,1,1,1,360,1,2,0,0
3997,6.98,63,1,3,1,0,0,0,1,0,0,0,0,0,0,0,0,0,0,0,0,46,0,0,1,2
3998,9.49,99,0,3,1,0,1,0,1,2,2,2,0,0,0,0,0,0,2,0,0,33,2,1,0,2
3999,8.71,84,0,4,1,2,2,2,1,2,2,2,1,1,1,1,4,0,3,2,0,466,2,1,0,0
4000,7.56,80,1,4,2,0,1,2,1,2,1,2,1,1,0,0,2,0,2,2,0,118,2,2,1,0
4001,7.25,77,2,2,2,1,2,2,1,2,1,0,1,1,1,0,5,1,2,1,0,436,1,2,0,1
4002,7.92,82,1,4,2,2,2,2,1,1,1,2,1,1,1,1,4,1,5,1,0,551,1,1,1,1
4003,7.65,82,2,4,2,2,2,2,1,2,1,2,1,1,0,0,3,1,1,0,0,286,2,2,0,0
4004,9.74,92,0,4,2,1,2,2,2,2,1,2,1,1,1,1,5,1,4,3,1,640,2,2,2,1
4005,9.71,95,0,4,2,1,2,2,2,2,1,1,1,1,1,1,5,1,4,5,1,543,1,1,1,1
4006,9.61,91,0,4,0,1,1,0,2,1,1,1,0,0,0,0,1,0,1,1,0,89,2,2,0,0
4007,9.71,92,0,3,0,0,1,0,2,2,2,1,1,0,0,0,2,1,0,1,0,118,1,1,1,0
4008,6.58,76,2,4,2,1,2,2,2,1,0,0,1,1,1,0,5,1,2,2,1,451,1,2,1,0
4009,7.14,80,0,4,2,2,2,2,2,1,1,1,1,1,1,0,4,1,2,4,0,601,1,1,2,0
4010,5.95,79,1,4,1,1,1,1,0,1,0,0,0,0,0,0,2,0,1,1,0,64,0,0,1,2
4011,7.03,73,1,2,2,1,2,1,1,2,2,0,1,1,0,0,4,0,2,3,0,402,1,2,0,0
4012,9.47,91,0,2,1,0,1,1,1,2,1,1,0,0,0,0,0,0,0,0,0,87,0,2,0,2
4013,8.19,74,0,4,2,2,2,1,2,2,0,2,1,1,0,0,5,0,2,2,0,174,1,2,1,0
4014,8.41,93,0,3,2,2,2,1,2,1,1,2,1,1,1,1,5,0,4,1,1,301,2,2,1,1
4015,8.25,90,1,3,2,1,2,1,2,2,2,1,1,1,1,1,5,1,2,4,0,636,1,1,1,0
4016,7.66,95,1,4,1,1,2,2,2,2,1,2,1,1,0,0,4,1,1,1,0,299,1,2,0,0
4017,8.98,90,0,4,2,1,2,2,2,2,2,2,1,1,1,1,6,0,3,2,0,505,2,2,1,1
4018,5.61,76,5,3,0,1,1,0,1,1,0,0,0,0,0,0,1,0,0,1,0,73,0,0,0,2
4019,6.56,65,2,3,2,2,2,2,2,2,0,0,1,1,1,0,6,1,2,3,0,673,1,2,2,0
4020,8.26,85,1,3,2,1,2,2,1,1,1,2,1,1,1,1,7,1,3,1,0,626,1,1,1,1
4021,7.99,99,0,3,2,2,2,1,1,2,1,1,1,1,1,1,4,1,2,4,1,252,2,2,2,1
4022,8.28,73,0,4,1,1,1,2,2,1,1,0,1,1,0,0,3,1,1,2,1,270,2,1,1,0
4023,7.81,80,1,4,1,2,1,2,2,2,1,2,1,1,0,0,2,0,1,1,0,343,1,1,0,0
4024,9.64,100,0,2,2,1,2,1,2,2,1,1,1,1,1,1,5,1,4,4,1,859,1,2,2,1
4025,7.11,89,0,3,2,1,2,1,2,1,2,1,1,1,1,0,7,1,2,4,1,492,2,1,2,1
4026,9.38,100,0,2,2,2,2,1,2,2,2,1,1,1,1,1,7,1,6,4,1,653,2,2,1,1
4027,6.15,72,4,4,0,1,1,0,0,0,0,1,0,0,0,0,1,0,1,1,0,76,0,0,0,2
4028,7.0,81,0,2,2,1,2,1,1,1,1,1,1,1,1,0,8,1,4,5,0,636,2,1,1,1
4029,7.88,65,0,4,2,2,2,2,2,2,2,2,1,1,1,0,8,1,2,3,0,357,2,1,2,0
4030,9.15,86,0,3,2,1,2,1,2,2,2,2,1,1,1,1,7,1,7,5,1,607,1,2,2,1
4031,5.69,62,4,4,1,1,1,0,1,1,0,1,0,0,0,0,1,0,0,1,0,54,1,0,1,2
4032,9.73,90,0,3,1,1,1,1,2,2,2,1,0,0,0,0,2,0,1,1,0,74,1,2,0,2
4033,5.51,85,3,4,1,1,1,0,0,0,1,0,0,0,0,0,2,0,0,1,0,30,1,0,0,2
4034,7.97,88,2,3,2,1,2,2,1,1,2,2,1,1,1,0,4,1,2,5,0,519,1,2,2,0
4035,7.96,91,0,3,1,2,2,2,2,1,2,1,1,1,1,1,7,0,4,1,1,460,2,1,0,1
4036,9.85,86,0,3,2,1,2,2,2,2,2,1,1,1,1,1,7,1,3,3,1,471,2,2,2,1
4037,5.97,73,1,4,1,1,0,0,1,1,0,1,0,0,0,0,0,0,0,0,0,48,1,0,0,2
4038,9.78,85,0,4,2,2,2,1,2,2,2,1,1,1,1,1,5,0,5,4,1,832,1,2,2,0
4039,9.26,90,0,3,0,0,1,1,1,1,1,2,0,0,0,0,1,0,1,1,0,81,1,2,0,2
4040,6.35,70,5,4,1,0,0,1,1,1,0,1,0,0,0,0,2,0,0,0,0,37,0,0,0,2
4041,7.15,93,2,4,2,2,2,2,2,1,1,2,1,1,0,0,4,1,4,3,0,445,2,2,1,1
4042,9.48,86,0,3,2,1,2,1,2,2,2,2,1,1,1,1,5,1,7,5,1,564,1,2,2,1
4043,7.32,89,0,2,1,1,2,2,1,2,0,0,1,1,0,0,4,1,4,2,1,252,2,2,0,1
4044,7.54,94,1,3,1,1,2,2,2,1,1,2,1,1,0,0,4,1,3,1,0,167,2,1,0,0
4045,6.0,59,1,3,1,0,0,0,0,0,1,0,0,0,0,0,2,0,0,0,0,71,0,1,1,2
4046,5.95,75,3,3,0,1,0,0,1,0,1,1,0,0,0,0,0,0,1,0,0,3,0,0,0,2
4047,8.07,82,2,3,2,1,2,2,1,1,0,0,1,1,1,0,4,0,2,3,0,697,1,1,2,0
4048,7.97,82,2,4,2,2,2,2,1,2,0,1,1,1,1,0,7,1,3,3,1,523,1,2,0,1
4049,5.81,66,2,3,0,0,0,1,1,1,1,0,0,0,0,0,2,0,0,1,0,13,0,0,1,2
4050,8.13,76,2,3,2,1,2,1,2,1,2,0,1,1,1,0,6,1,2,5,0,494,2,1,1,1
4051,7.34,82,0,4,2,0,1,1,1,1,0,1,1,1,0,0,4,0,1,1,0,280,2,1,0,0
4052,8.83,93,1,3,1,1,2,1,2,2,2,1,1,1,1,1,7,1,5,4,1,505,1,2,2,1
4053,6.9,83,2,2,2,1,2,2,1,1,2,1,1,1,1,0,8,1,2,1,1,356,2,2,2,1
4054,5.9,79,4,4,0,1,1,0,1,0,0,0,0,0,0,0,1,0,0,0,0,74,1,1,1,2
4055,8.81,95,0,4,1,1,1,1,1,1,2,1,0,0,0,0,1,0,1,1,0,106,1,1,1,0
4056,7.74,87,0,4,2,2,2,2,1,1,0,2,1,1,1,0,4,1,2,5,1,553,1,1,1,0
4057,6.21,66,3,3,0,1,0,0,0,1,0,1,0,0,0,0,2,0,0,1,0,23,0,1,0,2
4058,8.87,93,0,4,1,0,0,1,2,2,1,2,0,0,0,0,2,0,0,0,0,8,0,2,0,2
4059,7.78,83,2,3,2,2,1,2,2,2,0,0,1,1,0,0,3,1,4,1,0,177,1,2,1,0
4060,6.76,84,2,2,2,1,2,2,2,2,1,2,1,1,1,0,7,1,4,2,1,735,1,2,0,1
4061,5.55,81,1,3,1,1,1,1,0,1,1,1,0,0,0,0,0,0,0,0,0,47,1,1,0,2
4062,9.15,96,0,2,2,1,2,1,2,2,1,2,1,1,1,1,7,1,4,4,0,699,2,1,1,1
4063,10.0,88,0,3,2,2,2,2,2,2,2,1,1,1,1,1,7,1,7,4,1,849,2,1,2,1
4064,8.68,93,1,2,1,1,2,1,2,1,2,1,1,1,1,1,7,1,2,4,0,300,2,1,1,0
4065,6.6,86,0,3,2,1,2,2,1,2,1,2,1,1,1,0,6,1,2,5,1,638,2,1,1,1
4066,7.15,89,0,3,2,2,2,2,2,1,2,1,1,1,1,0,8,1,3,5,1,761,2,2,1,1
4067,5.94,77,2,3,1,1,0,0,0,0,0,1,0,0,0,0,2,0,0,1,0,25,0,0,0,2
4068,7.12,87,1,4,1,2,1,2,1,1,0,1,1,1,0,0,3,0,1,1,0,233,2,2,1,0
4069,9.07,89,0,4,2,2,2,1,2,2,2,1,1,1,1,1,7,1,6,5,0,739,1,1,1,1
4070,7.77,80,0,4,2,1,2,2,1,1,2,2,1,1,1,0,6,1,2,3,1,580,2,2,1,1
4071,6.1,71,1,3,1,0,0,0,1,1,1,0,0,0,0,0,0,0,0,1,0,55,0,0,1,2
4072,7.55,75,0,3,2,1,1,2,1,2,0,0,1,1,0,0,2,0,2,1,0,125,1,2,0,0
4073,7.09,72,0,3,1,2,2,0,2,2,1,2,1,1,0,0,5,0,3,0,0,180,0,1,1,0
4074,9.45,91,0,4,2,1,2,2,2,2,1,2,1,1,1,1,5,1,3,5,1,626,1,2,2,0
4075,8.76,99,0,3,1,1,0,1,1,2,1,2,0,0,0,0,2,0,2,1,0,11,0,1,0,2
4076,8.27,71,2,4,2,1,2,2,2,2,0,1,1,1,0,0,5,1,2,1,0,142,1,2,0,0
4077,5.73,62,4,3,0,1,1,1,0,1,1,1,0,0,0,0,2,0,1,0,0,75,1,1,0,2
4078,8.33,84,0,4,2,0,2,1,2,1,2,2,1,1,0,0,5,0,4,2,1,326,2,1,1,1
4079,7.67,91,2,4,1,0,2,2,2,2,2,1,1,1,0,0,2,1,1,1,0,135,1,1,1,0
4080,8.42,93,1,4,2,1,1,2,1,1,2,2,1,1,1,1,7,1,3,3,0,384,2,1,2,1
4081,7.23,73,0,3,1,2,1,1,1,1,0,2,1,1,0,0,2,0,1,1,0,334,1,2,1,0
4082,8.13,95,1,3,1,1,2,2,2,2,2,1,1,1,1,1,5,1,2,1,1,636,2,2,0,1
4083,8.39,73,2,3,2,0,2,1,2,1,0,1,1,1,0,0,5,0,2,2,0,372,0,2,1,0
4084,9.02,92,0,2,2,2,2,1,2,2,2,1,1,1,1,1,7,1,3,2,1,711,2,1,2,1
4085,7.59,84,0,3,2,2,2,1,1,2,0,1,1,1,1,0,5,1,3,3,1,701,2,1,2,0
4086,6.59,88,2,4,2,1,2,2,2,1,2,1,1,1,1,0,5,1,3,4,1,673,2,1,0,0
4087,8.74,94,0,2,2,2,2,1,1,2,1,2,1,1,1,1,4,1,5,3,0,603,1,1,1,1
4088,6.77,81,1,2,2,2,2,1,2,2,2,1,1,1,1,0,4,1,3,4,0,626,2,2,2,1
4089,8.69,94,1,2,2,2,1,1,2,1,2,1,1,1,1,1,4,1,2,1,1,364,1,2,0,1
4090,8.63,97,0,3,1,0,1,1,2,2,1,1,0,0,0,0,1,0,1,1,0,72,1,1,1,0
4091,7.24,87,1,3,2,1,2,1,2,2,0,2,1,1,1,0,6,1,2,2,1,469,1,1,0,0
4092,7.99,72,0,3,2,2,2,2,1,2,1,1,1,1,1,0,4,1,2,5,0,373,2,2,0,1
4093,7.59,74,2,3,1,2,1,1,2,1,2,0,1,1,0,0,4,0,2,0,1,231,2,2,1,0
4094,6.86,89,0,4,2,2,2,2,1,2,2,1,1,1,1,0,6,1,2,4,0,686,1,2,0,0
4095,7.49,76,2,4,2,1,2,2,2,2,1,0,1,1,1,0,5,0,2,4,0,740,1,2,2,0
4096,7.34,87,0,4,2,2,2,2,2,2,1,0,1,1,1,0,4,1,3,2,1,553,2,1,1,0
4097,8.49,85,1,2,2,1,1,2,1,2,1,1,1,1,0,0,2,1,1,1,0,344,1,2,0,0
4098,5.89,65,1,2,1,1,0,1,0,0,1,1,0,0,0,0,2,0,1,1,0,73,0,1,1,2
4099,9.22,92,0,4,2,1,2,2,2,2,2,2,1,1,1,1,7,1,4,4,0,726,1,2,2,1
4100,7.41,82,2,2,2,1,1,1,2,2,1,0,1,1,0,0,4,0,1,3,0,235,2,2,1,0
4101,8.67,96,0,2,2,2,1,2,1,2,2,2,1,1,1,1,4,0,4,4,0,464,1,2,1,1
4102,5.77,64,5,4,1,0,1,1,1,0,1,1,0,0,0,0,1,0,1,0,0,30,1,0,1,2
4103,8.86,89,0,4,2,2,2,1,1,1,2,1,1,1,1,1,5,1,3,1,0,567,1,2,1,1
4104,8.2,77,0,3,1,1,2,0,1,2,0,1,1,1,0,0,5,1,2,1,0,231,1,1,1,0
4105,8.5,77,2,3,2,1,1,1,1,1,2,2,1,1,0,0,5,1,2,2,1,221,2,1,1,0
4106,7.8,78,2,4,2,2,2,2,2,2,2,2,1,1,1,0,8,0,4,5,1,413,2,1,0,1
4107,8.16,88,1,3,1,1,1,2,2,2,0,2,1,1,0,0,2,0,1,0,0,186,0,1,0,0
4108,7.58,93,1,2,2,0,1,1,1,1,2,2,1,1,0,0,5,0,4,0,0,398,0,1,1,0
4109,8.06,76,2,4,2,0,1,1,2,1,2,2,1,1,0,0,4,1,2,1,1,307,2,1,1,1
4110,6.05,67,5,2,0,1,0,1,1,1,1,0,1,0,0,0,4,1,0,1,0,14,1,1,1,2
4111,8.93,98,0,2,0,0,1,1,2,2,1,2,0,0,0,0,1,0,1,0,0,103,2,1,0,2
4112,8.42,98,0,3,0,0,1,1,2,1,2,1,0,0,0,0,2,0,2,0,0,97,1,1,0,2
4113,8.54,94,0,4,1,1,0,1,1,2,2,2,0,0,0,0,2,0,1,1,0,26,0,1,0,2
4114,7.95,90,1,2,2,2,1,2,2,2,2,2,1,1,1,1,7,1,4,1,0,264,1,1,1,0
4115,7.83,89,2,3,1,0,2,1,2,2,2,2,1,1,0,0,3,0,2,1,1,273,0,1,1,0
4116,8.56,97,0,2,0,0,0,0,1,1,1,2,0,0,0,0,0,0,1,0,0,68,0,2,0,2
4117,8.47,81,2,3,1,0,2,1,1,1,0,1,1,1,0,0,3,0,4,2,0,422,0,2,1,0
4118,6.78,74,2,4,1,0,1,1,0,0,1,1,0,0,0,0,2,0,1,1,0,60,0,1,0,2
4119,6.95,83,2,3,2,2,2,1,2,1,1,0,1,1,1,0,4,0,2,2,1,768,2,1,2,0
4120,9.3,100,0,2,0,0,0,1,2,1,1,1,0,0,0,0,2,0,2,0,0,53,2,2,0,2
4121,7.37,85,1,2,1,1,2,0,2,1,0,0,1,1,0,0,3,1,3,1,1,259,1,1,0,0
4122,6.76,82,0,4,2,2,2,2,1,2,1,1,1,1,1,0,6,0,3,4,0,713,1,2,0,0
4123,8.03,81,0,3,2,2,2,1,2,1,0,1,1,1,1,0,6,1,2,3,0,506,1,2,1,0
4124,7.31,88,2,3,1,2,1,2,1,2,0,1,1,1,0,0,5,0,2,3,0,192,0,2,1,0
4125,6.59,69,0,4,2,2,2,2,1,2,1,1,1,1,1,0,7,1,2,4,1,647,1,1,0,1
4126,8.76,96,0,3,1,0,0,1,1,2,1,1,0,0,0,0,2,0,1,0,0,119,1,1,1,2
4127,6.96,72,0,3,2,2,2,2,2,2,1,2,1,1,1,0,5,1,3,5,1,578,1,2,2,0
4128,9.71,94,0,4,1,0,0,0,1,1,1,2,0,0,0,0,1,0,0,1,0,52,2,1,1,2
4129,8.03,71,0,3,2,2,2,1,2,2,2,2,1,1,1,0,7,0,3,4,1,638,2,1,1,1
4130,7.46,75,1,3,2,1,1,1,2,2,2,1,1,1,0,0,4,0,4,0,0,111,1,2,1,0
4131,7.44,85,2,4,2,0,1,1,1,1,1,1,1,1,0,0,3,1,4,2,1,175,1,1,0,0
4132,7.15,73,0,2,2,1,2,2,2,2,1,1,1,1,1,0,4,1,4,5,0,692,1,1,1,1
4133,8.46,98,0,4,1,0,1,1,1,1,1,2,0,0,0,0,1,0,1,1,0,78,0,1,0,0
4134,7.39,86,0,4,2,2,2,1,2,2,1,1,1,1,1,0,8,1,4,1,0,396,2,2,0,1
4135,7.32,85,2,3,2,1,2,2,1,2,1,1,1,1,1,0,5,0,4,2,1,361,2,2,2,1
4136,9.22,93,0,3,0,1,0,1,2,2,1,1,0,0,0,0,2,0,1,0,0,106,2,2,1,2
4137,9.49,91,0,4,0,0,1,0,2,1,2,2,1,1,0,0,3,1,1,1,1,2,1,1,1,0
4138,7.87,71,2,3,2,2,2,1,2,1,0,0,1,1,1,0,6,0,2,1,1,496,2,2,1,1
4139,9.31,92,0,2,0,1,1,0,1,2,2,1,1,1,0,0,2,1,2,0,0,10,1,2,0,2
4140,6.94,80,0,4,2,1,2,1,2,2,1,0,1,1,1,0,7,1,2,5,1,611,2,2,0,1
4141,7.01,71,2,4,2,2,2,1,1,2,1,2,1,1,1,0,8,1,2,3,1,757,1,1,2,0
4142,9.27,94,0,3,0,0,0,1,2,1,2,2,0,0,0,0,2,0,0,1,0,74,1,1,1,0
4143,8.69,88,0,4,2,2,1,1,1,1,1,2,1,1,1,1,7,1,4,2,0,295,2,1,0,0
4144,9.4,96,0,2,0,0,0,1,1,1,1,2,0,0,0,0,2,0,0,0,0,37,1,2,0,0
4145,9.07,100,1,3,2,2,1,1,2,2,1,2,1,1,1,1,4,1,2,4,1,596,1,1,0,1
4146,6.58,79,5,2,1,0,0,0,1,1,0,1,0,0,0,0,2,0,0,1,0,25,0,1,1,2
4147,7.33,80,1,2,1,2,1,0,2,1,1,2,1,1,0,0,3,0,2,3,0,310,0,1,0,0
4148,9.01,100,0,4,1,1,0,0,1,1,1,1,0,0,0,0,1,0,2,0,0,12,1,2,0,0
4149,7.46,67,1,3,2,1,2,1,2,2,1,0,1,1,1,0,5,1,4,4,1,463,1,2,1,0
4150,9.58,97,0,3,0,1,1,1,1,2,1,2,0,0,0,0,2,0,0,0,0,53,0,1,0,2
4151,7.25,74,1,2,2,0,2,1,2,2,0,2,1,1,0,0,4,1,3,3,0,326,1,1,0,2
4152,6.93,82,3,4,0,1,1,0,1,1,1,1,1,1,0,0,3,0,1,1,1,59,0,1,1,2
4153,6.78,70,1,4,0,1,0,0,1,0,1,0,0,0,0,0,2,0,1,0,0,6,0,0,1,2
4154,8.35,89,0,3,1,1,1,2,1,1,2,1,1,1,1,1,7,1,2,1,0,480,2,1,2,0
4155,8.74,99,0,2,0,0,0,0,1,2,1,2,0,0,0,0,2,0,0,1,0,59,1,2,0,2
4156,9.54,99,0,3,1,1,1,1,1,1,1,1,0,0,0,0,2,0,1,0,0,7,2,2,1,2
4157,8.43,90,1,3,1,2,2,1,1,2,1,2,1,1,0,0,3,0,1,2,0,118,0,1,1,0
4158,7.49,72,0,3,1,0,1,1,2,1,0,1,1,1,0,0,3,0,4,0,1,402,0,2,1,0
4159,6.62,80,1,2,0,0,1,0,0,1,0,1,0,0,0,0,1,0,0,1,0,39,1,1,0,2
4160,5.52,77,5,2,1,1,0,1,1,0,0,0,1,0,0,0,2,1,1,1,0,24,1,1,0,2
4161,9.19,93,1,3,1,1,2,1,1,2,1,1,1,1,1,1,5,1,3,3,1,548,1,2,0,1
4162,8.56,95,0,4,1,1,0,0,2,2,2,1,0,0,0,0,0,0,1,1,0,43,0,1,0,2
4163,8.12,65,2,3,2,2,2,1,2,1,1,2,1,1,1,0,6,1,2,5,1,558,2,2,0,1
4164,9.82,87,0,3,2,2,2,1,2,2,2,1,1,1,1,1,5,1,5,4,1,505,2,1,2,1
4165,5.72,79,5,4,1,1,0,1,0,1,1,0,0,0,0,0,1,0,1,1,0,42,0,1,0,2
4166,8.25,81,0,4,1,2,2,2,1,2,1,0,1,1,0,0,3,1,3,0,1,370,2,2,0,1
4167,8.28,72,2,3,1,0,2,0,2,2,0,2,1,1,0,0,3,0,4,1,1,298,0,2,1,0
4168,5.63,74,1,4,0,1,1,1,1,0,0,1,0,0,0,0,0,0,1,1,0,51,0,1,0,2
4169,5.8,85,1,4,0,0,1,1,0,0,1,1,0,0,0,0,2,0,0,0,0,64,1,0,1,2
4170,5.65,68,2,2,0,0,0,0,1,1,1,1,0,0,0,0,2,0,0,1,0,40,1,1,0,2
4171,8.99,97,0,4,2,2,2,1,2,2,1,1,1,1,1,1,6,1,7,5,1,818,1,2,1,1
4172,9.75,92,0,3,0,0,1,0,2,1,1,1,0,0,0,0,0,0,1,1,0,63,2,1,1,2
4173,8.16,71,2,3,1,0,1,2,2,2,2,2,1,1,0,0,4,0,1,0,0,377,2,1,0,0
4174,6.96,67,4,2,0,1,0,1,1,0,0,0,0,0,0,0,0,0,0,1,0,72,0,1,1,2
4175,7.51,84,1,4,1,0,1,0,1,1,0,0,1,1,0,0,2,0,1,3,0,446,0,1,0,2
4176,8.71,99,0,3,2,1,2,2,2,1,1,2,1,1,1,1,5,1,5,4,0,395,2,1,2,1
4177,6.33,63,2,3,1,1,0,1,1,0,1,1,0,0,0,0,0,0,0,1,0,56,1,0,1,2
4178,8.04,96,1,2,1,2,1,1,2,2,2,2,1,1,1,1,4,1,5,4,0,467,2,2,1,0
4179,9.75,95,0,3,2,1,2,2,2,2,1,1,1,1,1,1,5,1,7,2,1,649,2,2,1,1
4180,6.21,74,5,3,1,0,0,1,0,0,0,1,0,0,0,0,2,0,1,0,0,49,0,0,0,2
4181,6.23,71,3,2,1,1,0,1,0,1,0,1,1,1,0,0,2,1,1,1,0,17,1,1,1,0
4182,7.33,76,0,4,2,2,1,1,2,2,0,2,1,1,0,0,4,1,4,3,1,260,2,1,0,0
4183,8.28,86,0,3,2,2,2,1,1,1,2,1,1,1,1,1,7,1,3,1,1,636,1,2,2,1
4184,9.19,93,0,2,2,2,2,1,2,2,2,2,1,1,1,1,8,0,5,3,0,835,1,2,1,1
4185,6.85,63,2,3,0,1,0,1,1,1,0,1,0,0,0,0,2,0,1,1,0,49,0,0,1,2
4186,7.88,76,2,4,1,1,1,0,1,1,0,0,1,1,0,0,4,0,1,3,1,360,0,2,0,0
4187,7.34,83,1,4,2,0,2,2,2,1,2,0,1,1,0,0,5,0,4,0,1,141,1,2,1,1
4188,8.4,90,1,4,2,0,1,1,2,2,0,1,1,1,0,0,5,0,2,3,0,171,1,2,0,0
4189,6.84,78,3,3,0,1,0,1,1,0,0,0,0,0,0,0,1,0,1,1,0,55,1,1,0,2
4190,7.3,80,0,3,2,2,2,2,1,1,2,2,1,1,1,0,8,1,4,5,1,786,1,2,2,1
4191,9.63,98,0,4,1,1,1,1,1,2,1,1,0,0,0,0,1,0,2,0,0,8,0,1,0,0
4192,8.94,93,0,4,1,0,1,0,1,1,2,1,0,0,0,0,2,0,2,0,0,112,1,2,1,0
4193,9.29,92,0,4,1,0,1,1,1,2,2,2,0,0,0,0,1,0,1,0,0,73,2,1,0,0
4194,8.8,93,0,2,0,1,1,0,2,2,2,2,1,1,0,0,3,0,1,0,1,74,1,1,0,0
4195,9.46,94,0,3,0,1,0,0,1,1,2,1,0,0,0,0,0,0,2,0,0,27,2,1,1,2
4196,9.37,88,0,2,2,2,2,1,2,2,1,2,1,1,1,1,6,1,3,5,1,833,1,1,1,1
4197,7.6,68,2,4,2,2,2,2,1,1,2,1,1,1,1,0,5,1,3,4,0,558,2,2,2,0
4198,7.03,83,1,3,2,1,2,1,2,2,2,0,1,1,0,0,4,1,3,3,0,189,1,1,1,0
4199,8.14,90,2,3,1,0,1,0,1,1,2,1,1,1,0,0,5,1,2,1,1,309,2,1,0,0
4200,8.74,94,0,2,1,1,0,1,2,1,1,2,0,0,0,0,1,0,1,1,0,14,2,2,1,2
4201,8.82,87,1,4,1,1,2,1,2,2,1,2,1,1,1,1,7,1,2,4,0,354,1,1,0,0
4202,7.72,76,0,4,2,1,2,2,1,1,1,0,1,1,1,0,6,1,4,5,0,601,2,2,0,1
4203,9.8,95,0,2,0,1,0,0,1,2,1,1,0,0,0,0,0,0,0,0,0,48,0,1,0,2
4204,7.61,87,1,3,2,1,2,1,2,1,2,0,1,1,1,0,6,0,2,1,1,615,1,1,2,0
4205,7.16,70,0,4,2,2,2,2,1,2,0,2,1,1,1,0,7,0,4,3,0,721,2,1,1,0
4206,7.54,74,2,3,2,1,2,1,2,2,0,2,1,1,1,0,5,1,2,3,0,356,2,2,1,1
4207,6.89,78,2,4,0,1,0,0,0,0,1,0,0,0,0,0,0,0,1,1,0,18,1,0,1,2
4208,9.4,95,0,3,1,1,1,0,2,2,1,2,1,0,0,0,3,1,0,0,1,33,1,1,0,0
4209,9.02,100,1,2,1,1,2,1,2,2,1,1,1,1,1,1,7,1,5,1,0,419,1,1,1,0
4210,8.23,94,0,4,1,1,2,1,2,2,2,2,1,1,1,1,7,1,5,2,0,609,2,2,0,1
4211,9.75,99,0,4,0,0,0,0,1,2,2,2,0,0,0,0,0,0,2,1,0,35,1,1,1,2
4212,9.95,94,0,4,2,1,2,2,2,2,1,1,1,1,1,1,6,1,6,4,1,837,2,2,2,1
4213,5.72,62,5,4,0,0,0,0,0,0,1,1,0,0,0,0,1,0,1,1,0,1,0,0,1,2
4214,9.62,98,0,3,1,1,0,1,1,1,1,1,0,0,0,0,0,0,2,1,0,99,1,2,1,2
4215,8.14,70,0,3,1,1,2,0,1,2,2,2,1,1,0,0,5,1,4,2,0,418,1,2,1,0
4216,5.84,75,4,3,0,1,1,0,0,0,0,0,0,0,0,0,2,0,0,0,0,4,1,0,0,2
4217,6.08,85,3,4,1,1,1,0,1,0,1,1,0,0,0,0,2,0,1,0,0,32,0,0,1,2
4218,8.46,74,1,3,2,0,2,2,1,1,2,0,1,1,0,0,4,1,2,3,0,310,2,1,1,0
4219,9.3,91,0,3,1,0,1,0,1,1,2,2,0,0,0,0,2,0,0,1,0,40,0,2,0,2
4220,8.13,88,0,4,1,2,1,2,1,1,2,2,1,1,1,1,5,0,2,4,1,317,2,1,0,2
4221,8.03,74,1,3,2,1,2,2,1,1,2,2,1,1,1,0,8,1,3,1,1,585,1,2,1,1
4222,8.44,97,0,4,0,0,0,0,1,2,1,1,0,0,0,0,2,0,0,0,0,61,2,1,0,0
4223,6.82,85,2,4,2,1,2,1,2,1,0,0,1,1,1,0,6,1,3,5,1,478,1,1,0,0
4224,7.02,81,0,4,2,1,2,1,1,1,1,0,1,1,1,0,7,1,2,1,0,532,2,1,1,1
4225,8.57,84,0,4,1,2,2,2,2,2,1,2,1,1,1,1,7,1,5,2,0,310,1,2,2,1
4226,8.43,92,0,4,2,1,1,1,1,1,2,2,1,1,1,1,5,0,3,2,1,475,1,2,0,0
4227,7.26,81,0,3,2,2,2,2,1,1,2,2,1,1,1,0,6,0,4,1,0,396,2,1,1,0
4228,9.29,86,0,3,2,1,2,1,2,2,2,2,1,1,1,1,7,1,7,5,0,713,2,1,2,1
4229,8.0,80,0,4,1,1,1,1,2,1,0,2,1,1,0,0,5,0,2,1,1,194,0,2,0,0
4230,9.11,95,1,2,1,1,1,1,2,2,2,2,1,1,1,1,5,1,3,4,1,412,2,1,2,0
4231,8.4,97,0,2,1,0,0,0,2,2,1,1,1,1,0,0,2,1,1,1,0,0,2,1,0,0
4232,7.4,76,2,4,2,2,2,2,2,2,2,2,1,1,1,0,8,1,3,2,0,574,1,1,1,1
4233,8.4,71,1,2,1,1,2,1,1,2,1,0,1,1,0,0,2,1,1,3,0,136,1,1,0,2
4234,8.57,95,0,4,1,2,2,1,1,2,2,1,1,1,1,1,7,1,5,2,1,498,1,1,0,1
4235,8.35,95,0,4,2,2,1,1,1,1,1,1,1,1,0,0,5,1,2,1,1,153,2,2,1,0
4236,8.45,73,0,2,2,2,2,1,2,1,1,1,1,1,0,0,5,1,2,2,0,308,1,1,0,0
4237,8.88,91,0,3,2,2,2,2,2,2,2,1,1,1,1,1,4,1,5,3,1,366,1,1,1,1
4238,8.93,91,0,4,2,2,2,1,2,2,2,2,1,1,1,1,7,1,7,5,1,835,2,1,2,1
4239,9.52,95,0,3,1,1,1,1,2,2,1,1,0,0,0,0,2,0,0,0,0,58,0,1,1,2
4240,8.24,88,1,3,2,1,2,1,1,1,2,2,1,1,1,1,5,1,2,3,0,580,2,2,0,0
4241,6.95,66,0,3,2,2,2,2,1,2,0,0,1,1,1,0,4,1,2,3,1,590,1,1,2,0
4242,8.77,90,0,4,1,0,1,1,1,2,1,1,0,0,0,0,0,0,0,1,0,56,1,2,1,2
4243,8.04,89,0,4,2,2,2,2,1,1,2,1,1,1,1,0,5,1,3,5,1,744,1,2,2,0
4244,5.84,80,4,2,0,1,1,1,1,0,1,0,0,0,0,0,2,0,0,1,0,70,0,1,0,2
4245,8.97,84,1,3,2,1,1,1,2,2,1,2,1,1,1,1,6,1,2,1,0,488,2,2,0,1
4246,6.83,63,4,3,1,1,1,1,0,0,1,0,0,0,0,0,2,0,1,1,0,31,1,0,0,2
4247,7.77,88,1,4,2,1,1,1,2,2,1,1,1,1,0,0,4,0,1,3,0,309,0,1,1,0
4248,5.75,61,4,3,1,1,0,1,0,0,0,1,0,0,0,0,2,0,0,1,0,25,1,0,1,2
4249,8.12,88,0,4,2,0,1,1,2,2,1,0,1,1,0,0,2,0,3,1,0,298,1,1,0,0
4250,7.08,95,2,2,1,1,1,1,1,2,2,1,1,1,0,0,2,0,4,3,0,353,0,1,0,0
4251,8.85,100,0,4,2,2,2,1,2,2,1,1,1,1,1,1,8,0,3,5,1,850,1,1,1,1
4252,7.34,65,2,3,2,2,2,2,2,1,2,0,1,1,1,0,5,1,2,4,1,439,1,1,2,0
4253,7.81,88,0,2,2,2,2,1,1,2,2,0,1,1,1,0,8,0,2,4,1,709,2,2,0,1
4254,5.99,57,5,4,0,1,1,1,1,0,1,0,0,0,0,0,0,0,0,1,0,59,1,1,0,2
4255,7.28,81,0,3,2,1,2,2,1,1,2,2,1,1,1,0,4,1,1,5,1,700,1,2,0,1
4256,8.59,92,0,3,1,1,1,0,1,2,2,1,0,0,0,0,1,0,1,1,0,92,1,2,0,2
4257,8.2,91,0,4,1,1,2,2,2,2,2,1,1,1,1,1,6,0,3,1,0,501,2,1,2,1
4258,8.76,100,0,4,0,0,0,1,1,2,2,1,0,0,0,0,2,0,0,0,0,59,1,1,1,0
4259,7.0,61,2,4,1,0,0,0,1,0,1,0,0,0,0,0,2,0,1,1,0,46,1,1,0,2
4260,5.73,56,4,3,0,0,1,1,0,1,0,0,0,0,0,0,0,0,1,1,0,28,0,0,0,2
4261,6.61,55,2,3,1,0,0,0,1,0,0,0,0,0,0,0,0,0,1,1,0,76,1,1,0,2
4262,7.44,85,0,4,2,2,2,2,2,1,1,0,1,1,1,0,4,1,4,4,0,393,1,1,2,1
4263,8.46,92,0,3,1,0,0,0,1,2,2,1,0,0,0,0,2,0,0,0,0,23,2,1,0,0
4264,9.28,99,0,3,2,2,2,2,2,2,1,2,1,1,1,1,8,1,5,3,1,883,1,2,1,1
4265,7.69,83,2,3,2,2,1,2,1,2,0,0,1,1,0,0,3,0,4,3,0,283,1,2,0,0
4266,6.58,72,2,4,1,1,1,0,1,0,0,1,0,0,0,0,0,0,1,0,0,23,0,0,1,2
4267,8.05,80,2,4,2,1,2,2,2,1,1,1,1,1,1,0,5,1,4,5,0,728,1,2,2,0
4268,9.07,90,0,3,2,2,2,2,2,2,2,2,1,1,1,1,6,1,3,2,1,487,2,1,1,1
4269,6.18,85,1,2,0,0,0,0,1,1,1,1,0,0,0,0,2,0,0,0,0,11,0,0,1,2
4270,8.31,87,0,2,2,0,2,2,2,2,0,2,1,1,0,0,5,0,2,2,0,220,1,2,0,0
4271,5.82,63,1,3,1,0,1,1,0,0,1,1,0,0,0,0,2,0,0,0,0,68,1,0,1,2
4272,8.45,92,0,4,1,1,1,1,2,2,1,1,0,0,0,0,2,0,0,0,0,51,2,1,1,0
4273,7.33,73,1,4,2,1,2,2,1,2,0,1,1,1,0,0,4,0,3,2,0,373,1,1,1,1
4274,9.19,96,0,3,1,0,1,0,2,2,2,2,1,1,0,0,2,1,2,0,0,98,1,2,0,0
4275,6.17,66,2,3,0,1,0,1,0,1,0,1,0,0,0,0,1,0,0,1,0,0,1,1,1,2
4276,9.65,95,0,2,2,1,2,1,2,2,2,2,1,1,1,1,8,1,4,3,1,729,2,1,1,1
4277,8.87,99,0,4,1,1,2,2,2,2,1,1,1,1,1,1,6,1,4,3,1,306,1,1,2,1
4278,7.2,88,0,3,2,2,2,2,2,2,1,0,1,1,1,0,6,0,3,1,1,424,2,1,2,0
4279,8.79,100,0,4,1,0,1,1,2,2,1,2,1,1,0,0,2,1,2,1,0,108,1,2,0,0
4280,8.74,92,0,3,1,1,0,0,2,1,1,2,0,0,0,0,1,0,2,0,0,104,0,2,0,2
4281,7.89,74,1,2,2,1,2,2,1,1,0,2,1,1,1,0,5,1,2,5,1,383,2,2,1,1
4282,8.37,89,0,2,2,1,2,2,1,2,1,1,1,1,1,1,6,1,4,1,1,615,2,1,0,1
4283,7.64,79,2,2,2,0,1,1,1,2,2,1,1,1,0,0,5,0,3,0,0,151,2,1,1,0
4284,8.0,87,2,3,1,2,2,1,2,1,2,2,1,1,0,0,4,1,2,0,0,135,2,2,0,0
4285,7.01,83,0,3,2,2,2,2,2,1,2,1,1,1,1,0,6,1,3,5,0,353,2,1,1,0
4286,6.92,86,0,2,2,1,2,1,2,2,2,1,1,1,1,0,8,0,3,5,0,396,2,2,0,1
4287,9.71,98,0,3,2,2,2,1,2,2,1,1,1,1,1,1,7,1,3,4,1,657,1,2,2,1
4288,9.12,97,0,3,0,1,0,0,1,1,2,1,1,1,0,0,2,1,2,0,0,90,1,1,0,0
4289,8.45,98,0,4,0,0,1,1,1,2,2,2,0,0,0,0,2,0,0,0,0,99,1,1,0,2
4290,9.12,86,1,4,2,2,2,1,1,1,1,1,1,1,1,1,5,1,5,1,0,444,1,2,2,1
4291,6.57,90,2,3,2,2,2,2,2,2,0,0,1,1,1,0,7,1,2,4,1,550,2,1,1,1
4292,6.63,81,1,2,2,2,2,1,1,1,0,1,1,1,1,0,6,1,2,2,1,488,1,1,0,0
4293,7.72,89,0,4,2,1,2,2,2,2,1,1,1,1,0,0,4,1,1,0,0,203,1,2,1,0
4294,7.93,80,1,3,1,2,1,1,2,1,1,2,1,1,1,1,6,1,3,3,1,376,2,2,1,0
4295,8.84,94,0,3,1,1,1,2,2,2,1,2,1,1,1,1,5,1,5,4,1,272,1,2,2,0
4296,7.2,77,0,3,2,2,2,1,2,2,1,2,1,1,1,0,7,0,3,5,0,760,1,2,0,0
4297,9.6,94,0,3,2,2,2,1,2,2,1,1,1,1,1,1,5,0,6,5,1,723,2,2,2,1
4298,8.08,86,0,4,1,2,1,2,1,2,2,1,1,1,1,1,6,1,4,1,0,288,2,2,2,0
4299,6.9,71,2,4,2,1,2,2,1,1,0,2,1,1,1,0,7,0,2,3,1,614,2,2,0,0
4300,7.65,79,1,3,2,2,2,1,2,2,1,2,1,1,0,0,4,1,1,0,1,228,1,1,1,0
4301,9.45,90,0,4,1,0,1,0,1,1,1,2,0,0,0,0,0,0,1,0,0,99,2,1,0,0
4302,7.7,94,1,2,2,1,2,1,1,2,2,2,1,1,0,0,5,0,2,2,0,395,0,1,0,0
4303,9.16,92,0,2,1,0,0,1,1,2,2,1,0,0,0,0,2,0,0,1,0,52,2,1,1,2
4304,6.55,75,1,4,2,2,2,1,1,2,2,0,1,1,1,0,6,0,2,3,0,573,2,2,1,0
4305,7.97,68,2,2,2,1,2,2,1,1,2,2,1,1,1,0,8,1,4,4,1,450,2,2,2,1
4306,7.72,82,1,2,2,1,2,1,1,2,0,1,1,1,1,0,5,1,2,2,0,418,1,2,2,0
4307,9.09,97,0,4,0,0,0,1,2,2,2,1,0,0,0,0,0,0,1,0,0,106,0,1,0,2
4308,6.51,82,3,4,1,0,1,0,0,0,1,1,0,0,0,0,0,0,1,0,0,64,1,0,1,2
4309,8.07,90,1,4,2,1,2,1,1,2,1,2,1,1,1,1,5,1,3,1,0,346,2,1,1,1
4310,7.58,74,2,4,2,1,2,2,2,1,2,1,1,1,1,0,8,0,4,2,0,398,1,1,1,1
4311,8.71,83,0,3,1,1,2,2,2,1,2,1,1,1,1,1,7,1,2,1,0,601,1,1,0,1
4312,8.56,97,0,3,1,0,0,0,2,2,1,2,1,1,0,0,3,1,0,0,0,68,1,2,0,0
4313,8.3,94,1,4,1,0,1,2,2,2,0,1,1,1,0,0,4,0,2,1,1,215,0,1,1,0
4314,6.9,79,1,3,2,2,2,1,1,1,1,2,1,1,1,0,7,1,2,1,1,364,1,1,1,1
4315,7.59,91,1,4,2,0,1,2,2,1,1,2,1,1,0,0,4,0,2,3,1,374,0,2,0,0
4316,6.46,56,1,4,1,0,1,1,0,1,1,1,0,0,0,0,2,0,0,1,0,5,1,1,1,2
4317,8.4,90,0,2,2,2,1,1,1,2,1,0,1,1,0,0,3,0,3,2,1,203,0,2,1,0
4318,7.82,91,0,3,2,1,1,1,2,1,2,2,1,1,1,1,7,0,5,4,0,483,2,1,2,0
4319,6.47,78,3,4,1,0,0,1,1,0,0,0,0,0,0,0,2,0,1,0,0,58,0,1,0,2
4320,9.66,96,0,4,2,2,2,2,2,2,1,2,1,1,1,1,5,1,6,2,1,739,1,1,2,1
4321,7.81,69,0,2,2,2,2,1,2,1,1,0,1,1,1,0,5,0,2,3,1,450,2,1,1,1
4322,10.0,91,0,4,2,1,2,1,2,2,1,1,1,1,1,1,8,1,3,4,0,841,1,1,1,1
4323,9.24,97,0,4,1,0,0,0,1,2,2,2,0,0,0,0,2,0,1,1,0,67,1,1,0,2
4324,7.7,89,1,2,2,2,2,2,2,2,1,0,1,1,1,0,6,1,2,1,1,770,1,1,0,0
4325,5.52,65,3,4,1,0,0,1,0,1,1,1,0,0,0,0,2,0,1,0,0,9,1,0,0,2
4326,7.23,91,0,4,2,2,1,2,1,1,0,1,1,1,0,0,4,0,3,2,0,162,2,2,1,0
4327,6.55,85,4,4,1,1,1,1,1,1,1,0,0,0,0,0,1,0,0,0,0,44,0,0,1,2
4328,7.9,78,1,4,2,0,1,1,1,1,2,0,1,1,0,0,3,1,4,1,0,276,1,2,0,0
4329,9.18,97,0,3,0,1,0,0,2,1,1,2,0,0,0,0,2,0,2,1,0,36,0,2,0,2
4330,8.91,87,0,3,2,2,2,1,2,2,2,1,1,1,1,1,7,1,4,5,0,767,1,2,2,0
4331,9.76,99,0,4,2,1,2,2,2,2,1,1,1,1,1,1,8,1,5,3,0,724,2,1,1,1
4332,9.06,86,0,3,2,1,2,2,2,2,2,2,1,1,1,1,6,1,6,4,0,474,2,2,2,1
4333,5.66,72,1,3,0,1,1,1,0,1,0,1,0,0,0,0,2,0,1,1,0,52,1,1,0,2
4334,6.82,68,0,3,2,2,2,2,2,2,2,2,1,1,1,0,8,1,3,2,1,610,1,1,1,0
4335,7.83,81,2,3,2,0,2,2,1,1,1,2,1,1,0,0,4,0,1,3,0,202,0,2,1,0
4336,8.3,83,0,4,1,2,2,2,2,1,2,2,1,1,1,1,5,1,2,3,1,268,2,2,0,0
4337,9.23,93,0,4,0,0,1,1,1,2,2,1,0,0,0,0,2,0,2,0,0,81,1,2,1,0
4338,9.39,88,0,4,2,2,2,1,2,2,2,2,1,1,1,1,6,1,7,3,1,536,2,2,2,1
4339,8.64,93,0,2,0,1,1,0,1,2,1,1,0,0,0,0,2,0,2,1,0,86,2,2,1,0
4340,5.78,69,5,3,1,1,1,1,0,1,0,1,0,0,0,0,0,0,1,1,0,44,1,1,0,2
4341,7.6,68,1,4,2,1,2,1,2,2,1,0,1,1,1,0,7,1,3,4,0,553,2,1,1,0
4342,8.2,100,1,4,1,2,2,1,1,2,2,1,1,1,1,1,6,1,3,2,0,375,1,2,0,0
4343,7.18,72,1,4,2,2,2,2,2,2,1,0,1,1,1,0,5,1,4,3,1,718,2,1,0,0
4344,8.1,75,2,3,1,1,1,1,2,1,1,1,1,1,0,0,2,1,2,3,0,155,1,2,1,0
4345,9.67,86,0,4,2,2,2,1,2,2,2,2,1,1,1,1,5,1,3,5,0,778,2,1,2,1
4346,6.87,63,3,4,1,0,1,0,0,0,0,1,0,0,0,0,2,0,0,0,0,8,1,0,0,2
4347,7.29,73,1,4,2,0,2,1,2,2,1,2,1,1,0,0,5,1,2,1,1,252,1,2,0,0
4348,7.54,70,1,3,2,1,2,1,1,1,1,2,1,1,1,0,8,1,4,1,1,549,2,1,1,1
4349,6.31,82,2,3,0,1,1,0,0,1,1,1,0,0,0,0,2,0,0,1,0,66,1,0,1,2
4350,9.08,95,0,4,0,1,0,1,1,1,1,1,1,1,0,0,2,1,2,0,0,26,1,2,1,0
4351,8.18,86,1,4,1,1,1,2,1,2,1,2,1,1,1,1,7,1,3,3,0,598,1,2,1,0
4352,5.68,79,2,4,0,0,1,0,1,1,1,0,0,0,0,0,0,0,1,0,0,27,1,1,1,2
4353,7.02,90,1,3,2,0,2,1,2,1,2,0,1,1,0,0,4,0,2,0,0,239,1,2,1,0
4354,7.84,88,0,3,1,2,2,2,2,2,1,1,1,1,1,1,6,0,3,4,0,377,2,1,2,0
4355,8.87,94,0,3,0,1,1,0,2,2,1,1,1,1,0,0,4,1,2,1,0,59,1,2,1,2
4356,7.92,78,0,2,1,1,2,1,1,1,2,1,1,1,0,0,3,0,3,0,0,399,1,1,1,2
4357,7.93,95,2,3,1,2,1,2,1,2,1,0,1,1,0,0,5,0,4,2,0,161,2,2,1,0
4358,9.14,92,0,4,1,1,1,1,2,1,1,2,0,0,0,0,0,0,1,0,0,92,2,2,0,0
4359,7.98,89,1,2,1,2,2,2,1,2,2,2,1,1,1,1,5,1,3,4,0,625,2,2,0,1
4360,8.22,80,1,3,1,2,2,2,1,2,1,2,1,1,1,1,5,0,4,2,0,602,2,2,2,1
4361,8.86,90,0,2,1,0,1,0,1,2,1,2,0,0,0,0,2,0,0,0,0,69,2,2,1,0
4362,6.46,61,5,4,0,0,0,1,1,1,0,1,0,0,0,0,2,0,0,1,0,73,1,0,0,2
4363,9.0,86,0,2,2,2,2,2,2,2,2,2,1,1,1,1,7,1,4,2,0,795,1,2,1,0
4364,8.0,88,0,3,1,1,2,1,1,2,1,2,1,1,1,1,4,1,5,2,0,626,2,1,2,0
4365,8.71,89,1,2,1,2,1,2,2,2,1,2,1,1,1,1,6,1,3,1,1,570,1,1,2,0
4366,6.87,62,3,2,1,0,0,0,0,0,1,1,0,0,0,0,1,0,0,0,0,9,0,0,1,2
4367,7.45,87,0,3,2,0,1,1,2,1,0,2,1,1,0,0,2,0,2,1,0,204,0,1,1,0
4368,7.83,92,0,3,2,2,2,2,1,2,1,1,1,1,1,1,6,0,3,3,0,612,2,2,0,1
4369,8.01,74,2,4,2,0,2,2,2,2,1,1,1,1,0,0,5,0,2,3,0,353,0,1,0,0
4370,8.49,98,0,4,1,1,0,1,1,2,1,1,1,1,0,0,3,0,1,0,1,35,2,1,1,0
4371,7.14,77,1,4,1,1,2,0,1,1,1,2,1,1,0,0,4,1,1,1,0,358,1,2,0,0
4372,9.37,88,0,3,2,1,2,1,2,2,1,1,1,1,1,1,5,1,4,2,1,810,2,2,1,1
4373,9.2,99,0,4,2,2,2,2,2,2,2,2,1,1,1,1,5,1,3,3,1,799,1,1,2,1
4374,8.18,69,1,4,2,2,2,1,2,2,0,1,1,1,1,0,5,1,3,3,1,753,2,2,1,1
4375,8.34,80,1,3,1,1,1,1,1,2,1,2,1,1,1,1,4,1,3,1,1,404,1,1,0,0
4376,7.95,93,2,2,2,1,1,1,2,1,0,0,1,1,0,0,3,0,2,2,0,200,2,2,1,0
4377,9.65,85,0,4,2,2,2,1,2,2,1,1,1,1,1,1,6,1,4,3,1,738,2,1,1,1
4378,8.22,90,0,3,1,2,2,2,1,2,2,0,1,1,0,0,4,0,3,3,0,449,1,2,1,0
4379,8.41,90,0,2,1,1,0,0,1,2,2,2,0,0,0,0,1,0,2,1,0,49,2,2,0,2
4380,8.45,91,0,3,0,0,0,1,1,2,1,1,0,0,0,0,0,0,2,1,0,9,1,1,1,2
4381,9.83,98,0,4,2,1,2,1,2,2,2,2,1,1,1,1,8,1,7,3,1,547,2,2,1,1
4382,6.76,90,1,2,2,1,2,2,2,1,2,1,1,1,1,0,4,1,3,2,1,634,2,1,1,0
4383,9.43,93,0,4,2,1,2,1,2,2,1,1,1,1,1,1,8,1,6,4,1,530,2,2,1,1
4384,7.4,67,1,3,2,1,2,1,1,1,2,1,1,1,1,0,5,1,4,3,1,741,1,2,1,0
4385,7.13,79,1,4,2,2,1,1,2,1,2,2,1,1,0,0,3,1,2,0,0,101,1,2,1,0
4386,9.29,100,0,4,1,0,1,0,2,1,2,1,0,0,0,0,0,0,1,0,0,83,0,2,0,0
4387,6.88,90,1,3,2,1,2,2,2,1,2,2,1,1,1,0,5,1,3,3,1,373,1,2,1,1
4388,7.95,92,0,3,2,2,2,2,1,2,2,2,1,1,1,1,7,0,5,1,1,319,1,1,0,0
4389,8.62,84,0,4,2,2,2,1,2,1,1,2,1,1,1,1,7,1,3,4,0,423,2,2,0,1
4390,8.07,85,1,3,2,0,1,1,2,2,0,2,1,1,0,0,2,0,1,0,0,309,2,1,1,0
4391,7.84,76,1,4,2,2,2,2,2,1,0,2,1,1,1,0,8,1,2,2,0,763,2,1,0,1
4392,7.41,80,2,4,1,2,2,2,1,2,0,1,1,1,0,0,4,1,4,3,0,401,1,1,1,1
4393,8.4,90,0,3,2,2,2,1,2,2,1,1,1,1,1,1,7,0,4,3,1,386,1,1,1,0
4394,6.83,83,0,3,2,1,2,2,1,1,2,2,1,1,1,0,6,1,4,1,1,702,1,2,2,1
4395,7.91,90,2,4,2,1,2,2,1,2,1,1,1,1,0,0,3,1,2,2,0,132,2,1,1,0
4396,8.42,95,0,4,0,0,1,1,2,1,2,1,0,0,0,0,0,0,1,1,0,88,2,1,0,2
4397,5.51,74,5,4,0,1,0,0,0,0,0,1,0,0,0,0,2,0,0,1,0,44,1,0,1,2
4398,5.52,75,3,3,0,0,0,0,1,0,1,0,0,0,0,0,2,0,1,0,0,7,1,1,0,2
4399,8.55,90,0,4,0,1,1,1,2,1,1,1,0,0,0,0,1,0,1,1,0,54,0,1,0,2
4400,7.46,75,2,2,2,1,2,2,2,1,0,2,1,1,1,0,6,0,2,5,1,507,1,1,2,0
4401,8.95,97,1,3,2,1,2,1,2,1,2,2,1,1,1,1,7,1,3,2,0,619,2,2,1,1
4402,7.71,88,1,3,2,2,1,2,2,1,1,0,1,1,0,0,4,0,2,2,0,414,2,2,1,0
4403,7.79,82,0,3,2,1,2,1,1,1,1,0,1,1,1,0,7,1,4,1,0,428,1,2,2,1
4404,9.46,100,0,3,0,0,1,0,1,1,1,1,0,0,0,0,2,0,0,1,0,85,1,2,1,2
4405,9.96,97,0,3,2,1,2,1,2,2,2,2,1,1,1,1,5,0,3,5,1,843,1,1,1,0
4406,7.5,90,2,2,2,2,2,1,1,2,1,2,1,1,1,0,4,0,2,4,1,373,2,2,1,1
4407,9.04,94,0,3,0,0,0,1,1,2,1,2,1,1,0,0,2,1,0,0,0,28,2,1,0,2
4408,6.9,65,1,3,0,1,0,0,1,0,1,1,1,0,0,0,3,1,0,1,0,12,1,0,1,2
4409,7.55,81,1,2,2,1,2,1,1,1,2,2,1,1,0,0,4,1,2,3,1,215,1,2,1,0
4410,6.92,75,2,4,2,1,2,1,2,2,2,1,1,1,1,0,7,1,3,2,0,754,2,1,1,1
4411,8.76,97,0,4,1,0,0,0,1,1,2,1,1,1,0,0,3,0,0,1,1,46,1,1,1,0
4412,7.81,92,0,4,2,0,1,1,2,1,2,2,1,1,0,0,5,1,3,0,0,323,1,1,1,0
4413,8.53,91,0,4,0,0,1,0,1,2,1,2,0,0,0,0,2,0,1,0,0,110,2,2,0,2
4414,8.29,88,0,4,2,1,1,1,1,1,2,2,1,1,0,0,4,1,4,2,1,380,1,1,0,0
4415,7.95,89,0,4,2,2,2,1,2,2,0,2,1,1,1,0,4,1,4,5,1,789,2,2,2,1
4416,5.88,70,4,3,1,0,1,0,0,0,0,1,0,0,0,0,1,0,1,0,0,0,0,0,1,0
4417,8.71,97,0,2,0,1,0,1,1,1,1,1,1,0,0,0,3,0,1,0,1,68,1,2,0,0
4418,7.49,75,1,3,2,1,2,2,1,1,1,0,1,1,1,0,5,1,3,1,1,789,1,1,2,0
4419,6.95,66,0,3,2,2,2,2,2,2,1,1,1,1,1,0,6,0,3,5,0,593,2,2,1,1
4420,7.56,70,0,2,2,2,2,2,2,2,0,2,1,1,1,0,4,1,2,5,0,540,1,1,0,1
4421,9.07,93,0,4,1,1,1,0,1,2,2,1,0,0,0,0,2,0,1,1,0,33,2,1,0,2
4422,7.56,74,1,3,1,2,1,2,1,1,2,0,1,1,0,0,2,1,4,0,0,204,1,2,0,0
4423,7.02,76,2,4,2,2,1,2,1,1,1,0,1,1,0,0,4,0,2,2,0,309,2,2,1,0
4424,8.09,83,1,3,2,2,2,2,2,2,1,1,1,1,1,1,6,1,2,4,0,376,1,1,0,1
4425,6.57,78,0,3,2,2,2,1,2,2,2,1,1,1,1,0,8,1,2,3,1,569,1,1,0,1
4426,8.18,76,2,4,1,2,2,2,1,2,1,1,1,1,0,0,5,0,4,2,0,151,0,1,0,0
4427,7.1,83,0,3,2,2,1,1,2,1,2,0,1,1,0,0,3,0,3,3,1,283,2,2,1,0
4428,7.85,72,0,2,2,0,1,2,1,2,0,2,1,1,0,0,4,0,4,1,1,122,1,2,0,2
4429,6.09,59,5,4,0,0,0,0,0,1,1,0,0,0,0,0,1,0,1,1,0,37,0,0,1,2
4430,6.86,69,1,4,2,2,2,2,2,1,1,1,1,1,1,0,5,1,3,2,1,368,1,1,2,1
4431,8.56,86,0,4,2,2,2,2,2,2,2,2,1,1,1,1,4,0,3,2,0,639,2,2,2,0
4432,8.05,88,0,4,1,1,1,1,1,2,1,2,1,1,1,1,4,1,4,3,1,559,2,1,2,0
4433,7.61,85,1,3,2,1,2,2,2,2,2,0,1,1,0,0,5,0,3,2,1,380,1,1,1,1
4434,9.37,91,0,4,1,1,0,1,2,1,2,1,1,1,0,0,3,0,2,1,1,103,0,1,1,0
4435,6.49,67,3,3,0,0,1,0,1,0,1,1,0,0,0,0,1,0,1,1,0,11,0,0,0,2
4436,8.33,85,1,3,1,1,1,2,2,2,1,2,1,1,0,0,2,0,3,1,0,373,1,1,1,0
4437,9.47,90,0,4,0,1,1,1,2,1,1,1,0,0,0,0,2,0,2,1,0,36,2,1,0,0
4438,7.9,88,1,4,1,1,1,2,2,1,2,2,1,1,1,1,5,1,3,3,1,599,1,1,2,0
4439,8.03,81,0,4,2,1,2,2,1,1,2,1,1,1,1,1,4,0,5,2,1,525,1,1,2,1
4440,9.29,98,0,4,1,1,1,0,2,2,2,1,0,0,0,0,1,0,0,0,0,67,0,1,1,2
4441,7.93,65,2,3,2,2,2,2,2,1,2,0,1,1,1,0,8,0,3,4,0,374,1,2,0,1
4442,9.63,95,0,3,2,2,2,2,2,2,2,2,1,1,1,1,8,0,4,2,0,798,2,2,1,1
4443,8.82,93,0,2,1,1,1,1,1,2,2,2,1,1,1,1,5,1,3,3,0,507,2,2,1,0
4444,8.61,91,0,3,1,2,1,1,2,1,2,1,1,1,1,1,4,0,2,1,1,598,2,1,0,0
4445,8.81,94,0,2,1,1,0,1,1,1,1,2,0,0,0,0,1,0,0,1,0,49,2,1,0,2
4446,6.5,75,0,3,2,2,2,1,1,2,0,2,1,1,1,0,5,1,4,2,0,703,1,1,0,0
4447,7.89,72,1,4,2,2,2,1,1,1,2,0,1,1,1,0,5,1,3,2,0,783,1,1,2,0
4448,7.23,85,1,3,2,1,2,2,1,1,0,2,1,1,1,0,7,1,3,4,0,485,2,1,1,1
4449,6.9,77,0,3,2,1,2,2,2,2,1,0,1,1,1,0,5,1,3,4,1,748,2,1,1,0
4450,9.27,89,0,2,2,1,2,1,2,2,2,2,1,1,1,1,7,1,5,2,1,669,1,1,2,1
4451,6.11,73,3,4,0,0,0,1,1,1,0,1,0,0,0,0,2,0,1,0,0,65,1,1,0,2
4452,6.3,57,5,4,1,0,1,0,1,1,0,0,0,0,0,0,1,0,0,1,0,15,1,0,1,2
4453,9.41,88,0,4,2,1,2,1,2,2,2,1,1,1,1,1,6,1,5,3,0,623,2,1,1,0
4454,7.78,84,2,4,2,0,1,2,1,1,2,2,1,1,0,0,3,0,3,2,0,306,2,1,1,0
4455,7.79,70,1,2,1,1,1,1,2,2,1,1,1,1,0,0,3,1,2,1,1,445,1,1,1,0
4456,9.64,94,0,3,2,1,2,1,2,2,2,2,1,1,1,1,8,0,3,5,1,461,2,1,1,1
4457,7.36,73,0,4,2,1,2,1,2,2,1,2,1,1,1,0,8,1,2,4,0,538,2,1,2,0
4458,7.39,67,2,3,2,2,2,1,1,2,2,2,1,1,1,0,4,1,3,2,0,654,1,2,2,1
4459,8.81,93,0,3,2,1,2,2,2,2,1,1,1,1,1,1,5,1,5,4,0,814,2,2,1,1
4460,8.01,71,2,2,2,1,2,1,2,1,1,1,1,1,0,0,5,0,2,0,0,152,2,1,1,1
4461,9.17,96,0,4,2,2,2,2,2,2,2,2,1,1,1,1,8,1,4,2,1,660,1,2,2,1
4462,7.5,81,0,2,2,1,1,1,1,2,2,2,1,1,0,0,5,0,2,1,0,129,1,2,0,0
4463,8.8,100,0,4,2,1,2,2,2,2,2,2,1,1,1,1,8,1,3,2,1,820,2,2,1,1
4464,8.09,90,0,3,2,2,2,2,2,1,1,2,1,1,1,1,6,1,3,1,1,422,1,2,2,0
4465,7.53,75,0,3,2,0,1,1,2,2,1,0,1,1,0,0,2,0,1,2,0,368,1,2,0,0
4466,8.46,84,0,2,2,2,2,1,1,1,2,2,1,1,1,1,6,1,4,1,0,625,2,2,0,1
4467,7.66,87,1,4,1,1,2,2,1,2,2,2,1,1,0,0,5,0,2,0,0,112,2,1,1,0
4468,8.47,90,1,4,2,2,2,2,1,1,1,1,1,1,1,1,5,1,3,1,1,365,2,2,0,1
4469,8.14,87,2,2,1,1,2,0,1,2,0,0,1,1,0,0,5,1,3,2,1,419,1,1,0,0
4470,8.08,79,1,3,2,1,1,1,2,1,2,2,1,1,0,0,4,1,4,2,1,185,1,2,0,0
4471,8.96,93,0,4,2,2,2,1,2,1,1,1,1,1,1,1,5,1,2,2,0,566,1,2,0,1
4472,9.65,85,0,4,2,1,2,1,2,2,1,1,1,1,1,1,8,1,5,4,1,799,2,1,2,1
4473,7.65,68,1,4,2,2,2,1,1,2,2,2,1,1,1,0,8,1,2,5,1,773,2,2,1,1
4474,8.89,96,0,3,0,1,1,1,1,1,2,2,0,0,0,0,0,0,2,0,0,13,1,1,1,2
4475,7.09,85,2,4,2,2,2,2,1,2,0,0,1,1,1,0,6,1,2,4,0,474,2,1,0,0
4476,5.72,72,1,3,0,1,0,1,1,1,0,0,0,0,0,0,1,0,0,0,0,36,1,0,0,2
4477,7.44,87,0,4,2,1,2,1,1,1,1,0,1,1,1,0,8,1,2,4,0,478,2,1,1,0
4478,9.6,88,0,3,2,1,2,2,2,2,1,1,1,1,1,1,5,1,4,5,1,637,1,1,1,0
4479,7.19,71,2,4,2,1,2,1,1,2,0,2,1,1,1,0,4,1,4,1,1,495,1,1,2,0
4480,9.26,95,0,4,0,0,1,1,1,2,1,2,0,0,0,0,1,0,2,0,0,78,1,1,0,2
4481,8.98,93,0,4,2,2,1,1,2,2,2,1,1,1,1,1,5,1,5,3,1,412,2,2,0,0
4482,6.61,60,1,3,1,1,0,1,1,0,0,0,0,0,0,0,2,0,1,1,0,1,0,0,1,2
4483,7.86,92,0,4,2,0,2,1,2,1,0,1,1,1,0,0,4,1,4,2,0,301,2,1,0,0
4484,8.18,68,2,3,2,1,2,1,2,2,1,2,1,1,1,0,8,1,2,4,1,703,1,2,1,1
4485,7.22,70,2,3,2,2,2,1,1,1,0,2,1,1,1,0,8,1,3,1,1,681,1,1,2,1
4486,8.95,91,0,4,2,2,2,2,2,2,2,1,1,1,1,1,5,1,7,5,1,587,2,2,1,1
4487,9.08,93,0,2,1,0,1,1,1,1,2,1,0,0,0,0,0,0,0,0,0,114,1,1,0,2
4488,7.89,79,0,4,2,1,2,1,2,2,0,0,1,1,1,0,5,1,3,1,0,718,2,1,2,1
4489,7.84,96,0,4,2,2,1,2,2,2,1,1,1,1,1,1,4,1,2,3,0,253,1,2,2,0
4490,6.69,63,1,4,1,1,0,0,1,0,0,0,0,0,0,0,0,0,0,0,0,17,0,1,1,2
4491,7.95,73,0,2,2,1,2,1,2,2,0,1,1,1,1,0,6,1,2,5,1,520,1,2,2,0
4492,7.92,89,0,3,2,1,2,2,1,1,2,0,1,1,1,0,6,1,4,1,1,385,1,1,0,0
4493,6.78,63,1,4,0,1,0,1,0,0,1,1,0,0,0,0,2,0,1,1,0,66,0,0,1,2
4494,8.91,90,0,4,2,2,2,1,2,2,1,2,1,1,1,1,8,1,7,4,1,778,2,2,1,1
4495,7.43,80,1,4,2,2,2,2,1,2,0,2,1,1,1,0,7,1,2,3,1,620,1,2,0,0
4496,8.17,91,1,2,2,2,1,2,2,1,1,2,1,1,0,0,3,1,1,2,1,189,1,1,1,0
4497,9.7,96,0,4,1,1,1,0,1,1,1,2,1,0,0,0,3,0,2,1,1,82,2,1,0,0
4498,6.17,84,1,4,0,0,0,0,1,0,0,0,0,0,0,0,0,0,0,0,0,55,0,0,0,2
4499,7.12,75,1,4,2,2,2,1,2,2,0,2,1,1,1,0,4,0,3,4,1,662,1,1,0,0
4500,8.22,90,0,4,2,2,1,1,1,1,1,0,1,1,0,0,5,1,3,2,0,264,2,1,1,0
4501,7.85,91,1,2,2,0,1,2,2,2,1,0,1,1,0,0,5,1,2,3,0,325,2,1,1,0
4502,6.89,75,0,2,2,1,2,1,2,1,1,0,1,1,1,0,5,1,2,5,0,367,2,1,0,0
4503,8.05,87,1,3,1,2,2,1,1,1,1,1,1,1,1,1,5,1,2,2,1,608,2,1,1,0
4504,9.74,93,0,4,2,1,2,2,2,2,1,1,1,1,1,1,8,1,7,4,0,891,2,2,1,1
4505,8.42,86,0,3,2,1,1,2,2,1,2,1,1,1,1,1,4,0,5,3,0,414,2,2,2,1
4506,7.39,75,1,3,1,1,1,2,2,2,0,1,1,1,0,0,5,0,4,1,1,113,1,2,1,0
4507,8.48,93,0,3,0,0,1,1,2,2,2,1,0,0,0,0,1,0,0,1,0,2,2,1,0,2
4508,7.27,88,0,2,2,0,1,2,2,2,0,2,1,1,0,0,3,1,3,0,0,272,2,2,0,1
4509,5.74,66,5,4,0,0,1,0,1,1,1,0,0,0,0,0,2,0,1,1,0,0,0,1,1,2
4510,5.84,68,4,4,0,0,0,0,0,1,0,0,0,0,0,0,0,0,1,1,0,53,1,0,1,2
4511,6.59,61,3,4,1,0,1,1,1,0,0,1,0,0,0,0,0,0,1,1,0,2,1,0,1,2
4512,7.06,82,2,3,1,1,1,1,1,1,2,1,1,1,0,0,2,1,1,0,0,150,1,2,1,0
4513,6.98,74,1,3,1,0,0,1,1,1,1,0,0,0,0,0,1,0,1,1,0,69,0,0,1,2
4514,6.4,61,4,4,0,1,0,1,1,0,0,0,0,0,0,0,0,0,0,1,0,70,1,1,0,2
4515,6.76,70,2,3,2,2,2,1,2,1,0,0,1,1,1,0,5,1,2,5,0,511,2,1,2,1
4516,7.53,72,0,4,1,1,1,2,2,1,1,0,1,1,0,0,4,1,3,0,0,270,1,1,0,0
4517,9.24,99,0,3,0,0,1,0,1,2,2,2,0,0,0,0,1,0,0,1,0,30,0,1,1,2
4518,8.98,87,0,4,1,1,1,2,1,1,2,1,1,1,1,1,4,1,2,1,0,255,1,2,2,0
4519,7.07,88,1,4,2,2,2,2,1,2,0,2,1,1,1,0,6,1,4,1,1,631,2,2,1,0
4520,6.24,62,5,3,1,1,0,0,0,1,1,0,0,0,0,0,1,0,0,0,0,44,0,0,1,2
4521,9.4,97,0,3,2,2,2,1,2,2,1,2,1,1,1,1,5,1,4,5,1,883,1,2,2,1
4522,9.02,100,0,4,0,1,0,0,1,1,2,1,0,0,0,0,1,0,1,0,0,10,1,2,0,2
4523,7.02,81,0,2,2,1,2,2,2,1,0,0,1,1,1,0,7,0,3,3,0,705,2,1,2,1
4524,8.7,85,1,4,1,2,2,2,1,1,2,1,1,1,1,1,6,1,4,2,1,347,2,2,0,1
4525,9.01,86,0,3,2,2,2,1,2,2,1,2,1,1,1,1,6,1,6,4,1,821,2,2,1,1
4526,8.14,88,0,3,2,2,1,2,1,1,0,1,1,1,0,0,4,0,4,2,0,250,1,1,1,0
4527,7.87,70,0,4,2,1,2,1,1,2,0,0,1,1,1,0,5,0,3,5,0,712,1,2,1,0
4528,9.75,94,0,3,1,1,1,1,2,2,1,1,0,0,0,0,2,0,2,1,0,39,2,2,0,0
4529,8.81,91,0,2,1,2,1,2,1,2,2,2,1,1,1,1,6,0,4,1,1,596,2,1,1,1
4530,5.55,85,4,4,0,1,0,0,1,0,1,1,0,0,0,0,2,0,0,1,0,10,0,1,0,2
4531,6.77,66,1,4,2,1,2,1,1,1,2,2,1,1,1,0,6,0,4,2,0,665,1,1,2,0
4532,6.72,71,0,2,2,2,2,2,2,2,0,2,1,1,1,0,7,1,2,3,1,379,1,1,2,1
4533,9.74,99,0,3,1,0,0,0,1,1,2,2,0,0,0,0,0,0,0,0,0,11,2,1,0,2
4534,9.76,100,0,3,0,1,0,1,2,1,1,2,0,0,0,0,1,0,2,1,0,69,2,1,1,2
4535,9.27,97,0,3,0,1,1,0,1,1,2,1,0,0,0,0,2,0,2,0,0,40,0,2,0,2
4536,7.0,85,2,2,2,2,2,2,1,2,2,2,1,1,0,0,5,0,3,2,0,291,0,2,1,0
4537,7.85,90,2,3,2,2,2,2,1,2,0,0,1,1,1,0,6,0,2,2,1,502,2,2,1,1
4538,8.32,99,1,4,2,2,1,1,1,2,2,2,1,1,1,1,7,1,3,2,0,260,2,1,0,0
4539,8.88,98,0,3,2,1,2,1,2,2,1,2,1,1,1,1,5,1,5,3,1,809,1,1,1,1
4540,9.84,99,0,2,2,2,2,2,2,2,2,1,1,1,1,1,6,1,4,2,1,831,1,2,1,1
4541,7.22,83,1,4,2,2,2,2,2,2,1,1,1,1,1,0,5,0,2,2,0,757,2,1,2,0
4542,7.32,89,0,3,2,1,2,2,1,1,2,2,1,1,1,0,5,1,3,1,1,785,1,1,0,0
4543,7.18,77,2,2,1,0,1,0,1,2,2,2,1,1,0,0,5,0,3,0,0,260,2,1,1,0
4544,8.28,86,0,4,1,2,1,2,2,1,2,1,1,1,1,1,4,1,5,3,0,329,1,1,1,0
4545,9.05,91,0,4,1,1,2,2,2,1,2,2,1,1,1,1,4,1,2,4,0,636,1,1,0,0
4546,5.74,78,3,4,1,1,1,1,0,0,0,0,0,0,0,0,2,0,1,0,0,43,0,1,1,2
4547,9.48,93,0,2,2,1,2,2,2,2,2,1,1,1,1,1,6,1,3,4,1,842,2,2,2,1
4548,8.19,98,0,4,2,1,1,1,2,1,2,1,1,1,1,1,6,1,3,3,0,387,2,2,1,1
4549,7.81,91,1,2,1,1,1,1,2,2,2,1,1,1,0,0,3,0,3,0,0,384,1,1,0,0
4550,9.12,86,0,4,1,1,1,1,1,1,2,1,1,1,1,1,4,0,5,2,0,411,2,2,2,0
4551,6.52,71,2,3,0,1,1,0,0,1,0,1,0,0,0,0,0,0,0,1,0,77,0,0,1,2
4552,7.99,76,1,4,1,2,1,2,2,2,0,1,1,1,0,0,5,0,3,1,0,412,2,1,0,0
4553,8.65,92,0,4,1,0,1,0,2,2,2,2,0,0,0,0,1,0,2,1,0,57,1,1,1,2
4554,5.69,61,5,4,1,1,1,0,1,1,0,1,0,0,0,0,0,0,1,0,0,25,0,1,1,2
4555,5.76,84,4,2,1,0,0,0,1,1,1,0,0,0,0,0,0,0,1,1,0,48,0,1,1,2
4556,9.62,97,0,4,2,1,2,1,2,2,2,2,1,1,1,1,5,1,3,4,1,782,2,2,2,1
4557,5.55,63,1,3,0,0,1,1,0,1,0,1,0,0,0,0,2,0,0,0,0,58,0,0,0,2
4558,7.15,71,2,2,2,1,2,1,1,1,0,0,1,1,1,0,7,0,3,2,1,446,1,2,2,0
4559,7.55,70,1,4,2,2,2,2,1,2,0,0,1,1,1,0,8,1,4,3,0,450,2,1,1,1
4560,7.59,78,1,3,1,1,1,1,2,2,2,0,1,1,0,0,2,1,4,1,0,360,1,1,1,0
4561,7.82,86,1,4,2,2,2,1,1,1,0,2,1,1,1,0,8,1,2,2,1,517,1,1,2,1
4562,8.8,91,0,4,2,1,2,2,2,1,2,2,1,1,1,1,6,1,4,3,1,532,1,2,0,1
4563,9.13,92,0,4,2,2,2,2,2,2,1,1,1,1,1,1,6,1,3,4,1,840,1,1,2,0
4564,8.57,96,0,3,0,1,1,1,1,1,2,1,1,0,0,0,4,1,1,1,0,61,1,2,1,2
4565,8.55,99,0,2,2,1,2,1,2,2,1,2,1,1,1,1,4,1,3,1,1,277,1,1,1,0
4566,7.97,94,0,3,2,0,2,1,2,2,0,1,1,1,0,0,5,1,2,0,1,175,1,2,0,1
4567,9.58,95,0,4,2,1,2,2,2,2,2,1,1,1,1,1,6,1,5,2,1,642,1,2,2,1
4568,9.17,92,0,4,2,2,2,1,2,2,1,2,1,1,1,1,5,1,3,4,1,829,2,1,1,1
4569,7.74,71,2,3,2,2,2,2,1,1,0,1,1,1,1,0,5,0,4,3,1,395,2,1,2,0
4570,7.8,90,1,3,1,0,2,2,1,2,2,1,1,1,0,0,3,0,1,3,1,126,2,1,0,0
4571,6.6,74,1,3,2,2,2,1,1,1,1,2,1,1,1,0,7,1,2,5,1,788,1,1,1,1
4572,5.93,62,2,3,1,1,0,1,1,1,1,1,0,0,0,0,1,0,1,0,0,67,0,1,1,2
4573,9.06,96,0,4,2,1,1,1,2,1,1,1,1,1,1,1,5,1,2,4,1,508,1,2,1,1
4574,9.25,93,0,4,2,2,2,1,2,2,2,1,1,1,1,1,6,1,4,3,0,542,2,1,1,1
4575,6.19,65,4,4,0,1,0,0,1,0,0,0,0,0,0,0,2,0,0,0,0,46,0,1,0,0
4576,7.1,82,0,3,2,2,1,2,2,1,1,1,1,1,0,0,5,1,2,3,0,317,1,2,0,0
4577,7.43,79,2,2,1,0,2,1,1,2,0,2,1,1,0,0,4,1,2,1,0,164,1,2,1,1
4578,5.6,71,5,3,0,1,1,0,0,0,1,1,0,0,0,0,1,0,1,1,0,34,0,0,0,2
4579,7.59,81,1,4,2,0,2,1,1,1,0,1,1,1,0,0,4,0,2,1,1,164,0,1,0,0
4580,7.3,81,1,3,2,0,1,1,2,1,0,2,1,1,0,0,5,0,2,3,1,199,2,1,0,0
4581,7.81,69,2,2,2,1,2,1,2,2,1,1,1,1,1,0,5,1,2,2,0,374,2,2,1,0
4582,9.01,86,0,4,2,1,2,1,2,2,1,1,1,1,1,1,6,1,7,3,1,530,2,1,2,1
4583,8.6,92,0,3,0,1,1,1,1,1,1,1,1,1,0,0,2,1,2,0,0,110,1,2,1,0
4584,8.81,96,0,3,0,1,1,0,2,2,1,2,0,0,0,0,0,0,1,1,0,120,1,2,1,2
4585,7.54,90,0,2,2,1,2,2,1,1,0,0,1,1,1,0,4,1,2,1,1,779,1,1,0,1
4586,7.81,77,2,4,1,1,1,1,2,2,0,2,1,1,0,0,2,0,3,2,0,445,0,1,1,0
4587,7.35,83,0,2,2,2,2,1,1,2,1,0,1,1,1,0,4,1,4,5,1,786,2,1,2,1
4588,7.21,73,0,4,2,1,2,1,1,2,2,1,1,1,1,0,4,1,1,2,0,755,2,2,0,0
4589,8.55,100,0,4,1,1,0,1,1,1,1,2,0,0,0,0,2,0,2,0,0,48,0,2,1,0
4590,8.7,82,0,4,1,1,1,1,1,2,2,2,1,1,1,1,6,1,5,3,0,427,2,1,1,0
4591,8.82,85,1,3,2,2,1,1,2,2,2,1,1,1,1,1,4,1,3,4,1,259,1,1,2,0
4592,7.74,84,0,4,1,1,1,2,2,1,0,1,1,1,0,0,4,0,4,2,0,108,0,2,0,2
4593,7.04,74,0,4,2,2,2,2,2,2,2,1,1,1,1,0,6,1,3,1,0,539,1,1,0,0
4594,9.15,91,0,3,2,2,2,2,2,2,1,2,1,1,1,1,5,1,5,3,1,646,1,1,2,0
4595,8.3,85,1,3,1,0,2,2,2,1,2,0,1,1,0,0,4,1,1,0,1,292,1,1,0,0
4596,9.62,94,0,4,0,1,1,1,1,1,1,2,1,1,0,0,3,0,2,0,1,112,2,1,1,1
4597,8.43,94,0,4,0,0,0,1,2,2,2,2,0,0,0,0,0,0,0,0,0,103,2,1,0,2
4598,7.44,74,1,4,2,1,1,2,2,2,1,0,1,1,0,0,5,1,2,2,1,441,1,2,0,0
4599,6.64,75,2,3,2,1,2,2,1,1,1,0,1,1,1,0,6,0,2,2,0,450,2,1,1,0
4600,5.69,76,2,2,1,1,0,1,1,0,0,0,0,0,0,0,2,0,1,0,0,7,0,1,1,2
4601,9.6,99,0,4,1,1,0,1,2,2,1,1,0,0,0,0,2,0,0,0,0,102,1,1,0,2
4602,9.52,92,0,2,0,0,1,1,1,2,2,2,0,0,0,0,2,0,0,1,0,101,0,1,1,2
4603,6.63,84,0,4,2,2,2,1,2,2,1,1,1,1,1,0,7,1,2,4,1,398,2,2,1,1
4604,6.92,76,2,4,0,1,0,1,1,1,1,0,0,0,0,0,2,0,0,1,0,79,1,0,1,2
4605,8.19,86,1,3,1,1,2,2,2,1,2,1,1,1,1,1,5,1,2,1,0,495,1,1,1,0
4606,9.31,100,0,3,0,1,0,0,2,1,1,2,0,0,0,0,1,0,2,1,0,87,0,2,0,2
4607,9.87,92,0,4,2,2,2,2,2,2,2,1,1,1,1,1,5,1,5,5,0,525,1,2,2,1
4608,7.74,75,2,4,2,2,2,2,1,2,2,1,1,1,1,0,6,1,3,3,1,602,1,2,0,1
4609,7.81,98,1,4,1,1,2,1,1,1,2,2,1,1,1,1,4,1,4,3,0,610,1,1,0,0
4610,5.96,84,3,4,1,0,0,1,1,0,0,0,0,0,0,0,1,0,0,1,0,53,0,1,1,2
4611,8.6,95,1,4,1,2,2,2,1,2,1,2,1,1,1,1,4,1,5,3,0,615,2,1,1,1
4612,6.84,62,1,4,0,1,0,1,1,0,0,0,0,0,0,0,0,0,0,1,0,11,0,0,0,2
4613,6.23,69,4,2,0,0,1,1,1,0,0,0,0,0,0,0,0,0,1,1,0,47,1,0,0,2
4614,6.07,84,1,4,1,0,1,0,0,0,0,1,0,0,0,0,2,0,1,0,0,10,0,1,0,2
4615,7.92,83,2,3,1,0,1,2,1,2,0,0,1,1,0,0,2,1,1,0,0,407,2,2,1,0
4616,9.1,92,1,3,2,2,1,2,2,2,1,2,1,1,1,1,6,1,4,4,0,395,2,2,2,1
4617,6.36,80,1,3,1,1,0,1,0,0,1,1,0,0,0,0,1,0,0,0,0,70,1,0,1,2
4618,8.12,71,2,4,1,0,1,2,1,1,2,1,1,1,0,0,5,1,3,3,1,357,1,2,1,0
4619,7.94,73,0,4,1,2,1,2,2,2,0,2,1,1,0,0,4,0,2,0,0,158,1,2,1,0
4620,8.69,91,0,4,1,0,0,1,2,2,2,2,1,1,0,0,4,1,0,0,0,84,2,1,0,2
4621,9.58,99,0,4,2,2,2,2,2,2,1,2,1,1,1,1,6,1,7,5,1,758,2,2,2,1
4622,8.94,93,0,3,1,0,0,1,1,2,2,1,0,0,0,0,1,0,0,0,0,108,1,1,1,0
4623,7.33,70,2,4,2,1,2,1,2,2,0,2,1,1,1,0,8,1,3,2,0,544,1,1,0,1
4624,6.94,84,2,3,0,1,0,0,0,1,1,0,0,0,0,0,1,0,0,1,0,41,0,1,1,2
4625,8.46,91,0,3,1,2,2,2,2,1,1,1,1,1,1,1,4,1,4,4,1,310,1,1,1,0
4626,7.38,81,1,4,2,2,1,1,2,1,0,1,1,1,0,0,4,1,3,0,0,303,1,1,0,0
4627,8.39,79,2,4,1,2,2,0,1,1,1,0,1,1,0,0,5,1,2,3,0,184,1,1,1,0
4628,9.11,99,0,4,0,1,1,1,1,2,2,1,0,0,0,0,0,0,2,1,0,50,1,1,0,0
4629,7.87,95,1,4,2,1,2,1,1,2,0,1,1,1,0,0,3,0,2,2,1,287,1,1,1,1
4630,6.34,70,3,4,1,0,0,0,0,0,1,1,0,0,0,0,1,0,1,1,0,40,0,1,1,2
4631,9.02,89,0,3,2,1,1,2,2,2,1,2,1,1,1,1,6,1,4,3,1,376,1,1,2,1
4632,7.21,85,2,4,2,2,1,1,2,1,2,2,1,1,0,0,4,1,4,2,0,420,1,2,0,0
4633,7.31,75,0,4,2,2,2,1,1,2,0,2,1,1,1,0,7,0,3,1,1,703,1,1,1,1
4634,9.35,95,0,3,2,1,2,1,2,2,1,1,1,1,1,1,7,1,7,2,0,735,2,1,2,1
4635,7.12,88,0,4,1,0,1,2,2,1,0,0,1,1,0,0,4,0,1,0,0,383,0,2,1,2
4636,7.37,95,0,2,1,1,1,1,2,2,0,2,1,1,0,0,2,1,4,2,0,357,2,2,0,0
4637,8.24,85,1,4,1,2,1,2,2,2,2,1,1,1,0,0,4,1,4,0,1,325,1,1,1,0
4638,7.9,89,2,2,2,0,2,2,2,1,1,2,1,1,0,0,3,1,1,0,0,158,1,2,1,1
4639,8.75,92,0,4,1,0,1,0,1,1,2,1,0,0,0,0,1,0,2,1,0,68,2,2,0,0
4640,7.99,92,1,4,2,2,1,1,1,1,0,0,1,1,0,0,5,0,3,0,0,233,1,2,0,0
4641,8.37,88,1,2,1,1,1,1,1,1,0,1,1,1,0,0,2,1,3,3,0,298,2,1,0,0
4642,6.53,74,0,3,2,1,2,1,1,2,0,1,1,1,1,0,5,1,2,4,1,532,1,1,1,0
4643,8.74,80,0,3,1,2,1,1,1,2,1,1,1,1,1,1,4,1,2,2,1,443,2,1,0,0
4644,8.63,91,0,3,0,1,1,0,1,1,1,1,0,0,0,0,1,0,1,0,0,88,2,1,0,2
4645,7.61,67,2,3,2,1,2,1,1,2,0,0,1,1,1,0,7,1,4,5,0,500,1,2,1,0
4646,6.92,84,1,4,2,2,2,1,1,1,2,2,1,1,1,0,6,1,2,5,0,419,1,2,1,0
4647,6.31,59,2,4,0,0,1,1,1,1,1,1,0,0,0,0,2,0,0,0,0,6,1,1,1,2
4648,9.39,91,0,4,0,1,0,1,2,2,1,1,0,0,0,0,0,0,0,1,0,63,1,1,0,2
4649,7.81,81,1,4,1,2,1,2,1,2,2,2,1,1,1,1,7,1,3,2,1,364,1,2,2,0
4650,6.5,74,2,3,2,1,2,1,1,2,0,0,1,1,1,0,6,1,2,5,0,639,2,1,0,0
4651,5.79,71,2,4,1,0,1,0,0,0,0,1,0,0,0,0,1,0,1,0,0,49,0,1,0,2
4652,8.54,97,0,2,0,1,1,1,1,1,1,2,0,0,0,0,0,0,0,0,0,13,2,1,0,2
4653,6.89,84,2,4,2,1,2,1,2,1,1,1,1,1,1,0,5,1,3,5,1,777,2,2,2,1
4654,7.73,76,2,3,1,1,1,0,1,2,0,2,1,1,0,0,5,1,2,1,0,367,1,1,1,0
4655,7.89,78,0,4,2,1,2,2,2,1,1,1,1,1,1,0,5,0,4,2,1,671,2,1,0,0
4656,7.08,93,0,3,2,1,2,1,2,2,0,2,1,1,0,0,5,0,2,1,1,271,2,1,1,1
4657,8.11,86,0,4,2,2,2,1,1,2,2,0,1,1,0,0,5,0,3,0,0,141,2,2,1,0
4658,6.47,64,2,4,1,1,1,0,1,0,1,0,0,0,0,0,0,0,1,0,0,45,0,1,0,2
4659,7.86,78,2,4,2,2,1,1,1,2,2,1,1,1,0,0,4,1,2,0,0,381,2,1,1,1
4660,8.28,87,0,2,1,0,2,0,1,1,0,2,1,1,0,0,5,0,3,2,0,438,0,2,0,0
4661,6.32,80,1,3,0,0,1,0,1,0,1,1,0,0,0,0,2,0,0,0,0,0,0,0,0,2
4662,9.11,83,1,4,1,1,2,2,2,1,1,1,1,1,1,1,5,0,4,3,0,319,2,2,2,0
4663,8.45,77,2,4,2,2,2,1,2,1,0,1,1,1,0,0,4,1,4,0,1,141,1,1,1,0
4664,9.56,85,0,3,2,1,2,1,2,2,2,2,1,1,1,1,6,1,7,2,1,521,2,2,1,1
4665,7.13,81,2,3,1,2,1,0,2,1,0,2,1,1,0,0,2,1,3,1,0,366,2,1,1,0
4666,6.98,75,1,4,2,2,2,2,1,2,0,1,1,1,1,0,7,1,4,3,0,372,2,2,2,1
4667,7.09,92,0,3,1,0,1,2,1,1,2,1,1,1,0,0,4,0,3,1,0,122,1,2,0,0
4668,8.42,94,1,4,1,1,1,0,2,1,2,0,1,1,0,0,5,0,4,0,0,335,0,1,0,0
4669,8.85,81,1,3,1,1,1,2,2,1,2,1,1,1,1,1,5,0,3,2,1,338,2,2,0,0
4670,9.27,95,0,2,2,1,2,2,2,2,1,2,1,1,1,1,5,1,7,2,1,604,1,1,2,1
4671,8.83,98,0,4,0,0,0,0,2,2,2,2,0,0,0,0,0,0,1,0,0,70,0,2,0,2
4672,8.87,91,0,3,1,0,0,0,1,2,1,2,0,0,0,0,2,0,0,0,0,46,1,1,0,2
4673,6.53,67,3,2,0,0,1,1,1,0,1,0,0,0,0,0,1,0,0,0,0,22,0,0,0,2
4674,8.36,70,1,3,1,2,1,2,2,1,1,0,1,1,0,0,2,1,4,3,0,319,2,1,0,0
4675,8.96,91,1,3,1,1,2,1,2,1,1,1,1,1,1,1,4,1,4,3,1,429,2,1,1,1
4676,8.85,88,1,2,2,2,2,1,1,2,1,2,1,1,1,1,6,1,3,1,1,536,1,2,1,1
4677,7.72,81,0,3,2,2,2,1,2,1,1,1,1,1,1,0,8,0,2,5,1,618,2,2,0,1
4678,9.28,100,0,4,2,1,2,2,2,2,2,2,1,1,1,1,8,1,5,4,1,549,1,1,2,1
4679,9.74,97,0,4,2,2,2,1,2,2,2,2,1,1,1,1,8,1,4,3,1,477,1,2,2,1
4680,8.77,93,0,3,1,2,2,1,2,2,2,1,1,1,1,1,6,1,2,2,0,568,2,2,0,1
4681,8.84,90,0,4,1,1,1,2,1,2,2,2,1,1,1,1,6,1,3,1,0,426,2,2,0,1
4682,7.01,75,1,3,2,2,2,1,1,1,2,2,1,1,1,0,7,1,3,4,1,739,2,2,2,1
4683,7.2,93,2,4,2,0,2,1,2,1,2,1,1,1,0,0,4,0,4,0,1,212,2,2,0,1
4684,8.78,88,1,2,1,2,1,2,2,2,2,1,1,1,1,1,7,1,2,4,1,386,1,2,0,1
4685,8.92,84,0,4,1,2,2,1,2,2,1,1,1,1,1,1,7,1,5,4,0,450,2,1,1,1
4686,6.71,86,2,2,2,2,2,2,2,1,2,2,1,1,1,0,8,1,3,3,1,703,2,1,1,1
4687,8.31,76,1,4,1,1,2,2,2,1,0,1,1,1,0,0,3,0,2,0,0,373,0,2,1,0
4688,7.08,81,1,4,2,2,2,2,1,1,1,2,1,1,1,0,6,1,4,2,0,374,2,1,2,1
4689,9.17,80,0,4,1,1,2,2,2,1,2,1,1,1,1,1,7,1,5,3,0,579,2,1,1,1
4690,8.74,91,0,2,0,0,0,0,2,1,1,1,0,0,0,0,0,0,2,1,0,27,0,2,0,2
4691,6.8,69,1,4,0,0,1,1,0,0,1,1,0,0,0,0,1,0,0,0,0,69,1,0,0,2
4692,7.97,85,0,4,1,2,2,2,1,1,2,2,1,1,0,0,2,1,2,3,0,166,1,1,0,0
4693,5.96,82,1,4,1,1,0,0,0,1,0,1,0,0,0,0,0,0,0,1,0,11,0,0,1,2
4694,9.17,94,1,3,2,1,2,1,2,2,2,1,1,1,1,1,4,1,3,4,0,616,1,1,2,0
4695,5.73,64,2,4,1,0,1,1,1,1,1,0,0,0,0,0,2,0,0,1,0,1,0,0,0,2
4696,8.49,93,0,4,0,1,0,1,1,1,2,2,0,0,0,0,2,0,2,0,0,110,2,1,0,2
4697,8.41,87,2,3,1,2,2,0,1,1,0,2,1,1,0,0,3,0,2,2,0,197,2,1,0,0
4698,8.94,93,1,3,2,1,1,2,2,1,2,2,1,1,1,1,7,1,3,4,0,466,2,1,2,1
4699,9.16,98,0,4,0,0,1,0,1,1,1,1,0,0,0,0,1,0,0,1,0,52,1,2,0,0
4700,9.41,98,0,3,0,1,0,1,2,1,2,1,0,0,0,0,1,0,2,0,0,39,0,1,0,2
4701,7.84,65,2,3,2,1,2,1,1,2,2,1,1,1,1,0,8,1,4,4,1,699,1,2,2,0
4702,8.86,96,0,3,2,2,1,1,2,2,2,2,1,1,1,1,7,0,4,1,0,253,2,2,0,0
4703,7.44,84,0,3,2,0,2,2,1,2,0,2,1,1,0,0,3,1,4,1,1,360,1,2,0,0
4704,6.23,58,4,3,1,1,0,0,1,0,0,0,0,0,0,0,0,0,0,1,0,77,1,0,0,2
4705,6.76,76,3,4,0,1,0,1,1,1,1,1,0,0,0,0,2,0,0,1,0,24,0,0,1,0
4706,7.84,68,2,4,2,1,2,2,1,2,1,2,1,1,1,0,5,0,4,4,1,675,2,1,1,1
4707,8.21,75,1,3,2,1,2,1,2,1,0,0,1,1,0,0,4,0,2,3,0,281,2,2,0,1
4708,6.2,73,5,2,1,0,1,1,1,1,1,0,0,0,0,0,2,0,0,0,0,69,0,0,1,0
4709,7.17,94,2,4,2,2,2,1,2,1,0,1,1,1,0,0,5,1,2,3,0,292,2,1,1,0
4710,7.63,78,0,4,2,1,1,1,2,1,1,2,1,1,0,0,3,1,1,2,1,323,1,1,0,0
4711,8.8,98,0,3,2,2,2,2,2,2,1,2,1,1,1,1,8,1,5,5,1,745,2,2,2,1
4712,8.02,73,0,4,2,2,2,1,1,2,2,0,1,1,1,0,7,0,4,2,1,509,1,1,2,1
4713,7.05,71,2,4,1,2,1,2,1,1,0,1,1,1,0,0,3,1,1,1,0,179,2,1,0,0
4714,7.24,95,2,4,2,1,2,1,1,1,1,2,1,1,0,0,5,1,3,3,0,342,1,2,1,0
4715,8.75,95,0,4,1,1,2,2,1,1,1,2,1,1,1,1,4,1,4,2,1,255,1,1,0,0
4716,6.78,58,1,2,0,1,1,1,1,0,0,0,0,0,0,0,0,0,1,1,0,17,0,1,0,2
4717,9.08,90,0,2,0,0,0,1,2,1,2,1,1,0,0,0,2,1,1,1,0,6,2,2,1,0
4718,7.17,87,1,4,2,1,1,2,2,1,2,0,1,1,0,0,3,0,3,0,0,165,2,2,0,0
4719,5.63,69,4,3,0,1,1,1,0,0,0,0,1,1,0,0,2,1,0,1,0,78,1,0,1,2
4720,8.92,83,0,4,1,2,1,1,1,1,2,1,1,1,1,1,7,1,4,3,1,560,2,1,1,0
4721,7.89,80,1,4,2,2,1,2,2,1,1,2,1,1,1,1,6,1,5,1,1,255,2,2,0,1
4722,5.83,71,4,2,0,0,1,0,0,0,0,0,0,0,0,0,0,0,1,0,0,54,1,0,1,2
4723,9.96,98,0,3,2,1,2,1,2,2,2,1,1,1,1,1,6,1,3,4,1,488,1,1,1,1
4724,8.83,100,0,4,2,2,2,2,2,2,2,2,1,1,1,1,8,1,5,5,1,798,2,2,1,1
4725,9.73,94,0,4,2,1,2,1,2,2,1,1,1,1,1,1,7,1,6,4,1,526,1,2,2,1
4726,7.58,90,1,3,2,1,2,1,2,2,2,2,1,1,0,0,5,1,2,3,0,255,1,2,0,1
4727,9.08,89,0,3,2,2,2,1,2,2,1,2,1,1,1,1,8,1,4,3,1,869,1,2,1,1
4728,8.14,84,0,4,2,1,2,1,1,2,0,0,1,1,1,0,4,1,4,5,0,429,2,1,2,1
4729,8.29,74,1,4,1,1,1,0,1,1,1,1,1,1,0,0,3,1,4,2,0,450,1,1,1,0
4730,8.27,77,0,4,1,0,2,0,2,1,2,1,1,1,0,0,3,1,3,2,1,256,1,2,0,0
4731,8.23,86,1,4,2,2,2,1,1,2,2,1,1,1,1,1,5,1,5,1,0,514,2,1,2,0
4732,7.73,81,1,2,2,2,2,2,1,1,2,2,1,1,1,0,7,0,2,3,1,638,2,1,1,1
4733,6.97,80,2,4,2,1,2,1,1,2,0,2,1,1,1,0,6,1,3,2,1,454,2,1,2,0
4734,9.13,89,0,3,2,2,1,2,2,2,1,1,1,1,1,1,7,1,4,3,1,344,1,2,0,0
4735,6.54,71,3,2,1,1,0,0,0,1,0,0,0,0,0,0,1,0,1,1,0,35,0,1,1,2
4736,8.38,88,2,3,2,2,2,1,2,1,2,2,1,1,0,0,5,0,2,0,0,185,0,2,0,0
4737,7.03,72,1,4,2,1,2,1,2,1,2,1,1,1,0,0,4,1,1,1,0,293,1,2,1,0
4738,6.89,76,0,4,2,1,2,1,2,1,0,2,1,1,1,0,8,1,2,1,0,769,1,2,2,0
4739,7.39,71,0,2,2,1,2,1,2,1,0,2,1,1,1,0,5,0,4,5,1,380,1,1,2,0
4740,9.03,100,0,3,1,1,0,0,1,2,2,1,0,0,0,0,0,0,1,0,0,76,2,1,1,2
4741,8.37,81,0,3,2,2,1,1,2,1,1,2,1,1,1,1,7,1,2,1,1,434,1,2,1,1
4742,5.72,74,4,3,1,0,1,1,0,0,0,1,0,0,0,0,0,0,0,0,0,36,0,0,1,2
4743,8.06,90,0,2,2,1,2,1,2,1,1,2,1,1,1,1,5,1,5,2,1,317,1,1,0,0
4744,7.62,79,0,2,1,0,2,1,2,1,1,0,1,1,0,0,4,0,3,3,0,202,2,2,1,0
4745,7.43,79,0,3,2,2,1,1,2,2,1,0,1,1,0,0,3,0,4,3,0,173,1,1,1,0
4746,9.53,85,0,2,2,1,2,2,2,2,1,1,1,1,1,1,7,1,6,2,0,754,2,1,2,1
4747,7.17,90,1,3,2,0,2,2,1,1,2,0,1,1,0,0,4,1,3,3,1,132,1,2,1,0
4748,7.27,72,0,4,1,2,2,2,2,2,0,0,1,1,0,0,3,0,4,3,0,139,0,1,0,0
4749,5.97,78,1,3,0,1,0,1,0,0,0,0,0,0,0,0,0,0,1,1,0,2,1,0,1,2
4750,5.8,60,5,2,0,1,1,1,1,0,1,0,0,0,0,0,1,0,0,0,0,55,1,0,1,2
4751,8.69,100,0,2,0,1,0,0,1,1,1,2,0,0,0,0,2,0,0,1,0,91,2,1,1,2
4752,7.2,82,1,4,1,1,1,2,1,1,2,1,1,1,0,0,5,0,4,2,0,129,0,2,0,0
4753,8.48,87,0,2,2,1,1,2,2,1,2,2,1,1,0,0,5,1,3,0,1,123,2,2,1,1
4754,7.54,78,1,3,1,2,2,0,1,1,2,1,1,1,0,0,5,1,3,1,1,399,1,1,1,0
4755,7.27,74,1,4,1,2,2,0,1,2,0,2,1,1,0,0,2,0,3,3,0,229,1,1,0,0
4756,6.54,69,1,4,2,2,2,2,1,2,0,2,1,1,1,0,6,1,4,5,0,511,1,2,0,0
4757,6.96,64,2,4,1,1,1,0,1,0,1,0,0,0,0,0,1,0,0,1,0,23,1,1,1,2
4758,9.57,85,0,4,2,1,2,1,2,2,1,2,1,1,1,1,8,1,7,2,1,831,1,1,1,1
4759,7.6,87,1,3,2,2,2,1,2,1,2,2,1,1,0,0,4,0,4,1,0,421,1,2,1,0
4760,8.29,91,0,4,1,2,2,1,1,1,1,2,1,1,1,1,7,1,2,4,1,324,2,1,2,0
4761,8.01,74,1,4,2,2,2,2,2,1,2,2,1,1,1,0,6,0,4,3,1,707,2,1,1,1
4762,5.62,85,3,3,0,0,1,0,1,1,0,1,0,0,0,0,2,0,0,0,0,57,1,0,0,2
4763,6.1,74,4,4,1,0,1,1,0,0,0,1,0,0,0,0,1,0,0,1,0,20,1,1,0,2
4764,5.84,83,4,2,0,1,1,0,0,0,0,0,0,0,0,0,2,0,0,0,0,3,1,0,0,2
4765,8.18,86,1,4,2,2,2,1,1,2,2,2,1,1,1,1,5,1,3,2,1,387,1,2,2,1
4766,8.63,99,1,2,1,1,2,1,2,2,2,1,1,1,1,1,7,0,4,2,1,642,2,1,1,1
4767,7.83,83,0,4,2,2,2,1,2,1,0,2,1,1,1,0,6,1,2,5,1,548,1,1,2,1
4768,9.67,97,0,3,0,0,0,0,2,1,2,1,0,0,0,0,1,0,1,1,0,93,2,1,1,0
4769,5.92,56,5,4,1,1,0,1,1,0,0,0,0,0,0,0,0,0,1,0,0,55,0,1,1,2
4770,9.3,95,0,4,1,0,0,0,1,1,1,2,0,0,0,0,2,0,2,0,0,99,0,2,1,0
4771,7.48,70,1,3,2,2,2,1,1,2,2,1,1,1,1,0,5,1,2,1,1,354,2,1,0,0
4772,9.65,97,0,4,2,1,2,1,2,2,2,1,1,1,1,1,8,1,4,5,1,793,1,1,1,1
4773,5.68,68,4,4,0,0,0,0,0,1,1,1,1,1,0,0,4,1,1,0,0,45,1,0,1,2
4774,7.69,77,1,4,2,1,2,2,2,2,2,1,1,1,1,0,7,0,2,4,0,377,2,2,2,1
4775,7.22,78,1,4,2,2,2,1,1,2,2,1,1,1,1,0,4,0,1,4,0,565,1,2,1,0
4776,6.84,59,2,3,1,0,0,0,1,1,0,1,0,0,0,0,2,0,0,0,0,64,0,0,0,2
4777,8.29,76,1,4,1,1,1,1,1,1,0,2,1,1,0,0,4,0,1,0,0,309,1,1,1,0
4778,9.14,99,0,2,2,1,1,1,1,1,2,2,1,1,1,1,7,1,4,1,0,277,2,1,2,0
4779,6.38,80,3,4,0,0,0,0,0,0,1,1,0,0,0,0,0,0,0,0,0,10,1,1,0,2
4780,7.87,84,0,3,1,2,2,1,1,2,2,2,1,1,1,1,6,1,2,2,0,650,2,1,2,1
4781,9.14,92,0,2,2,1,2,1,2,2,2,1,1,1,1,1,6,1,3,5,1,495,2,1,2,1
4782,7.75,84,1,3,2,2,2,2,1,2,1,1,1,1,1,0,7,1,2,5,1,592,2,1,1,1
4783,8.07,89,2,3,2,0,1,1,1,2,2,0,1,1,0,0,3,0,1,3,1,140,1,2,1,0
4784,8.76,98,0,3,2,2,1,1,1,2,2,1,1,1,1,1,7,1,3,1,1,471,1,1,1,0
4785,7.85,75,0,3,1,1,1,2,1,1,1,2,1,1,0,0,3,1,4,1,1,340,1,1,1,0
4786,8.27,88,1,4,1,1,2,1,2,2,1,1,1,1,1,1,6,1,2,3,0,320,1,2,0,1
4787,7.98,73,0,4,2,1,2,1,2,1,0,0,1,1,0,0,4,1,4,3,0,331,2,1,0,0
4788,7.87,89,2,4,1,1,1,0,2,2,1,2,1,1,0,0,2,0,4,3,0,233,0,1,1,0
4789,6.98,67,3,2,0,1,0,0,0,0,0,1,0,0,0,0,1,0,1,1,0,63,1,1,0,2
4790,9.09,87,1,4,2,1,2,2,2,1,1,1,1,1,1,1,4,0,4,3,0,620,1,1,0,1
4791,8.75,90,0,4,1,0,1,1,1,1,2,2,0,0,0,0,1,0,1,0,0,2,0,2,0,0
4792,8.52,93,1,4,2,2,1,1,2,1,1,2,1,1,1,1,5,1,2,1,0,397,2,1,2,1
4793,7.86,84,1,3,1,2,2,1,1,1,1,2,1,1,1,1,4,1,3,4,1,595,2,2,0,0
4794,8.82,100,0,3,0,0,1,1,1,2,1,1,0,0,0,0,1,0,2,1,0,14,0,2,1,0
4795,8.04,70,1,2,2,1,2,1,2,1,1,0,1,1,1,0,8,1,4,1,0,611,1,2,1,1
4796,7.1,73,2,2,1,0,1,1,1,1,0,2,1,1,0,0,3,1,3,0,1,231,1,1,0,0
4797,8.82,87,1,4,2,2,2,2,2,1,2,2,1,1,1,1,5,1,4,1,1,306,1,1,0,1
4798,8.28,70,2,4,2,2,1,2,2,2,2,1,1,1,0,0,2,1,4,3,0,231,1,2,0,0
4799,7.61,83,1,4,2,2,2,1,1,2,0,0,1,1,0,0,4,1,1,0,1,178,1,1,1,0
4800,7.37,77,1,2,2,2,2,2,2,2,0,1,1,1,0,0,4,0,2,3,0,189,1,1,0,0
4801,7.77,92,1,2,2,1,1,2,2,1,0,1,1,1,0,0,3,0,2,2,1,187,0,1,0,0
4802,6.71,74,1,4,2,2,2,1,1,2,2,1,1,1,1,0,5,1,2,5,1,504,1,1,1,0
4803,8.67,95,0,4,1,0,0,0,2,2,2,2,0,0,0,0,0,0,0,0,0,108,0,1,0,2
4804,9.87,89,0,4,2,1,2,1,2,2,1,2,1,1,1,1,5,1,5,3,1,578,1,1,1,1
4805,8.8,96,0,3,0,1,1,0,1,1,2,2,0,0,0,0,0,0,1,0,0,1,1,1,1,2
4806,8.42,94,0,3,1,1,1,1,1,2,2,1,0,0,0,0,1,0,1,1,0,103,0,2,1,0
4807,7.28,80,0,3,2,2,1,2,2,2,1,1,1,1,0,0,3,0,1,0,1,360,0,2,1,0
4808,5.9,68,4,4,0,1,1,0,1,1,0,1,0,0,0,0,2,0,1,0,0,50,0,1,1,2
4809,6.54,86,2,3,2,2,2,2,1,1,0,1,1,1,1,0,4,1,4,4,1,385,2,2,2,0
4810,7.93,93,2,4,2,0,1,1,1,1,2,0,1,1,0,0,5,0,4,1,1,289,2,2,0,0
4811,8.6,93,0,4,0,0,1,0,1,2,1,2,0,0,0,0,1,0,2,1,0,54,2,1,1,0
4812,7.34,74,1,4,2,2,2,2,2,1,0,2,1,1,0,0,5,0,3,1,0,330,1,1,0,0
4813,8.58,99,0,2,1,0,0,0,2,1,2,2,0,0,0,0,0,0,1,0,0,105,0,1,0,2
4814,7.09,81,1,3,2,2,1,1,1,1,1,0,1,1,0,0,4,0,2,0,0,258,1,2,1,0
4815,8.75,99,0,3,1,1,1,2,1,2,1,2,1,1,1,1,4,1,3,4,0,579,1,1,0,0
4816,7.46,86,2,4,2,1,1,1,2,2,0,0,1,1,0,0,2,1,2,0,0,443,2,2,1,0
4817,9.15,96,0,4,1,0,1,0,1,2,1,2,0,0,0,0,1,0,1,0,0,38,2,1,1,2
4818,9.35,96,0,3,1,1,0,0,1,2,2,1,1,1,0,0,4,1,2,0,0,62,2,1,1,0
4819,8.69,97,0,4,0,0,1,1,2,1,2,1,0,0,0,0,0,0,0,1,0,31,0,2,1,2
4820,7.8,100,0,4,1,1,1,1,2,2,1,2,1,1,1,1,5,0,4,3,1,551,1,2,0,0
4821,6.97,83,3,4,1,1,1,0,0,0,0,0,0,0,0,0,2,0,1,0,0,10,1,0,1,2
4822,9.86,98,0,2,2,1,2,2,2,2,1,1,1,1,1,1,8,1,7,3,1,869,2,1,1,1
4823,7.92,74,1,4,1,2,1,0,1,1,1,2,1,1,0,0,4,1,1,3,1,298,1,1,1,0
4824,9.0,95,0,4,2,2,2,2,2,2,1,1,1,1,1,1,5,1,5,2,1,784,2,1,2,1
4825,6.6,65,3,3,1,0,1,0,0,0,0,1,0,0,0,0,0,0,0,0,0,65,0,0,0,2
4826,5.77,71,2,3,0,0,1,0,1,1,0,1,0,0,0,0,1,0,0,0,0,0,1,0,1,2
4827,6.88,71,2,4,2,1,2,1,2,1,2,0,1,1,1,0,4,1,1,4,0,671,1,2,2,1
4828,9.14,85,0,3,1,2,1,2,2,1,1,1,1,1,1,1,4,1,4,4,0,365,1,2,1,1
4829,6.98,72,2,4,2,2,2,1,1,1,2,2,1,1,1,0,5,0,3,5,1,751,2,2,1,1
4830,7.89,84,2,4,2,2,2,2,1,2,0,0,1,1,1,0,8,1,2,5,0,599,1,1,0,1
4831,8.13,80,1,4,2,2,2,2,2,2,0,2,1,1,1,0,8,1,2,5,1,551,1,1,2,1
4832,9.08,84,1,4,1,2,1,2,1,2,2,1,1,1,1,1,4,0,2,3,1,279,2,1,0,0
4833,7.58,84,2,4,2,1,2,2,1,2,0,0,1,1,1,0,8,1,3,1,1,591,1,1,2,0
4834,7.53,87,1,4,2,0,1,2,2,2,2,0,1,1,0,0,4,0,4,1,1,404,2,2,1,0
4835,8.85,100,0,3,2,1,2,1,2,2,2,1,1,1,1,1,6,1,7,5,1,595,2,2,1,1
4836,9.43,95,0,3,1,1,1,0,1,2,1,1,0,0,0,0,2,0,2,1,0,83,1,1,0,0
4837,9.04,88,1,4,2,1,2,1,1,1,2,1,1,1,1,1,6,1,4,1,0,498,2,1,0,1
4838,8.58,91,0,3,0,0,0,1,1,1,1,2,0,0,0,0,2,0,0,1,0,7,1,2,1,2
4839,8.44,77,2,3,1,0,2,2,2,2,0,1,1,1,0,0,4,1,4,1,0,146,2,2,0,0
4840,8.86,94,0,2,1,0,0,0,2,2,2,1,1,1,0,0,2,1,0,1,0,115,1,2,1,0
4841,7.42,78,1,4,2,2,2,1,1,1,0,1,1,1,1,0,5,0,2,2,1,356,2,1,2,1
4842,7.09,87,2,3,2,1,2,1,1,2,0,0,1,1,0,0,4,0,2,3,0,142,0,2,0,0
4843,8.77,82,0,4,2,1,1,2,2,2,2,2,1,1,1,1,5,1,5,4,0,377,2,2,1,1
4844,8.68,96,0,4,0,0,0,1,1,1,2,2,0,0,0,0,0,0,0,0,0,12,2,1,1,2
4845,7.45,84,1,3,1,1,2,2,1,2,1,0,1,1,0,0,4,1,3,2,0,353,2,2,0,1
4846,8.21,71,0,3,2,2,2,1,2,2,1,0,1,1,0,0,5,0,4,0,0,137,2,2,1,0
4847,8.18,84,1,3,1,1,2,2,1,2,1,2,1,1,1,1,7,1,4,3,0,644,2,1,1,1
4848,5.74,61,4,3,1,1,0,1,1,1,0,1,0,0,0,0,0,0,1,0,0,41,1,0,0,2
4849,9.42,94,0,4,2,2,2,2,2,2,2,1,1,1,1,1,6,1,3,3,1,588,2,1,2,1
4850,9.56,92,0,2,1,1,1,1,1,2,2,1,0,0,0,0,1,0,2,1,0,5,2,1,0,2
4851,7.48,88,1,3,2,0,2,1,1,1,0,2,1,1,0,0,5,0,3,2,0,414,2,1,0,0
4852,7.25,90,0,4,2,1,2,2,1,1,0,0,1,1,0,0,5,1,4,2,0,158,2,1,1,0
4853,8.03,92,0,4,2,2,2,1,1,1,1,2,1,1,0,0,5,0,2,2,0,411,1,2,0,0
4854,6.73,73,1,3,0,1,1,0,0,1,0,0,0,0,0,0,0,0,0,0,0,19,0,0,1,2
4855,7.36,79,2,4,2,2,2,1,2,1,1,2,1,1,0,0,4,1,3,3,0,183,1,2,0,0
4856,7.84,95,1,2,2,1,1,1,2,2,1,1,1,1,0,0,3,1,4,0,0,358,1,1,1,0
4857,9.21,93,0,2,2,1,2,1,2,2,2,2,1,1,1,1,8,1,7,2,1,542,2,2,1,1
4858,7.84,99,0,3,2,2,2,2,2,2,1,2,1,1,1,1,6,1,2,4,0,311,2,1,2,1
4859,9.82,91,0,4,2,1,2,2,2,2,2,1,1,1,1,1,6,1,5,3,1,831,1,2,1,1
4860,7.6,81,2,3,1,0,2,1,2,2,1,2,1,1,0,0,5,1,3,1,0,299,1,1,0,0
4861,8.73,97,1,3,1,2,1,1,1,1,1,2,1,1,1,1,4,1,5,2,1,348,1,1,1,0
4862,7.0,84,2,3,2,0,1,1,1,1,1,0,1,1,0,0,3,1,3,1,0,315,1,1,1,0
4863,8.23,70,0,4,1,1,2,1,2,2,1,0,1,1,0,0,3,0,3,1,1,403,1,1,1,0
4864,8.15,91,1,4,2,1,2,1,1,1,1,2,1,1,1,1,7,0,5,1,1,361,1,2,0,0
4865,7.99,93,1,3,1,2,1,1,1,2,1,1,1,1,0,0,5,1,3,0,1,185,1,1,1,0
4866,8.78,88,0,4,2,1,1,1,2,2,1,1,1,1,1,1,7,1,2,2,1,589,1,1,2,1
4867,6.11,85,1,2,0,1,1,1,1,0,0,0,0,0,0,0,2,0,0,1,0,52,1,1,0,2
4868,7.07,86,1,4,2,2,2,2,1,1,0,0,1,1,0,0,5,1,2,3,0,213,1,1,1,0
4869,7.89,77,2,4,1,0,2,1,1,1,1,2,1,1,0,0,4,0,3,3,0,259,1,2,0,0
4870,8.18,84,0,4,2,1,2,1,2,1,2,0,1,1,0,0,4,1,2,1,1,251,1,2,1,0
4871,9.53,91,0,4,1,1,0,0,1,1,2,2,0,0,0,0,0,0,1,1,0,77,0,1,1,2
4872,9.53,94,0,4,2,1,2,2,2,2,1,1,1,1,1,1,7,1,4,4,1,696,1,1,2,1
4873,7.39,73,2,2,2,0,1,1,2,1,0,1,1,1,0,0,3,1,1,2,0,301,1,1,1,0
4874,6.73,80,0,4,2,1,2,2,1,1,1,1,1,1,1,0,7,1,2,4,0,375,2,2,2,1
4875,8.49,81,2,4,2,1,2,1,1,1,2,2,1,1,0,0,4,1,1,2,0,104,1,2,1,0
4876,8.12,95,1,3,2,1,2,2,1,1,2,2,1,1,1,1,5,1,2,2,0,644,1,2,2,1
4877,8.17,71,1,4,2,1,2,2,1,2,2,0,1,1,1,0,7,0,2,2,0,353,1,1,2,0
4878,8.82,89,0,3,1,1,1,2,2,2,2,2,1,1,1,1,7,0,4,3,0,439,1,1,2,0
4879,9.88,92,0,2,2,1,2,2,2,2,2,2,1,1,1,1,8,1,5,2,0,852,2,2,2,1
4880,8.12,74,2,4,1,0,1,0,2,2,0,2,1,1,0,0,3,1,3,3,0,259,1,2,1,0
4881,5.57,60,2,4,0,1,1,0,1,1,1,1,0,0,0,0,1,0,1,1,0,14,1,0,0,2
4882,7.28,86,1,2,2,2,2,1,2,1,1,0,1,1,1,0,6,1,2,4,1,763,1,2,2,1
4883,6.84,90,1,2,2,1,2,2,1,1,0,1,1,1,1,0,6,1,4,1,1,705,2,2,0,1
4884,8.92,93,0,4,1,1,0,1,1,1,2,1,0,0,0,0,2,0,2,0,0,42,2,1,1,2
4885,8.11,84,2,3,2,2,2,1,1,2,1,1,1,1,1,0,5,1,2,3,0,610,2,2,1,0
4886,6.56,76,2,2,2,1,2,2,1,2,1,1,1,1,1,0,5,1,2,4,0,375,2,2,1,1
4887,8.33,87,0,3,2,2,1,2,1,2,2,2,1,1,1,1,5,1,3,4,0,439,1,2,1,0
4888,5.86,82,4,3,0,1,1,1,0,0,0,0,0,0,0,0,2,0,0,0,0,26,1,0,1,2
4889,6.93,73,3,3,0,0,1,1,1,0,0,0,0,0,0,0,2,0,0,0,0,76,0,0,1,2
4890,7.9,83,1,4,1,2,2,1,2,2,2,2,1,1,0,0,3,0,4,1,0,415,1,1,1,0
4891,9.36,97,0,4,2,2,2,1,2,2,2,2,1,1,1,1,5,1,7,4,1,739,2,2,1,1
4892,6.77,71,2,3,2,2,2,1,2,2,2,1,1,1,1,0,6,0,4,5,1,430,1,1,1,0
4893,7.88,65,2,2,2,2,2,1,2,1,0,2,1,1,1,0,4,0,2,1,1,410,1,2,1,0
4894,8.06,94,1,2,2,1,1,1,2,2,1,2,1,1,1,1,4,1,4,4,0,352,1,1,0,0
4895,5.98,80,4,4,0,0,1,0,1,1,0,1,0,0,0,0,0,0,1,1,0,73,1,1,0,2
4896,9.64,91,0,3,0,0,0,0,2,1,1,2,0,0,0,0,0,0,0,1,0,20,0,1,0,2
4897,9.13,95,0,3,0,0,0,1,2,2,1,1,0,0,0,0,1,0,2,0,0,32,2,2,1,0
4898,8.34,81,0,3,1,2,1,2,2,2,1,2,1,1,1,1,7,1,2,1,0,266,1,1,0,0
4899,7.28,88,2,4,1,0,1,0,2,2,1,1,1,1,0,0,5,1,4,0,1,197,1,1,0,0
4900,7.45,71,1,2,2,2,2,1,1,1,1,1,1,1,0,0,5,0,2,1,1,337,2,1,0,0
4901,8.37,73,2,3,2,0,1,1,1,2,2,1,1,1,0,0,2,0,3,3,0,198,2,1,1,0
4902,7.68,85,0,2,2,1,2,2,2,1,0,2,1,1,1,0,8,1,2,2,1,447,1,2,0,0
4903,9.33,96,0,4,0,0,0,1,2,1,2,1,0,0,0,0,0,0,1,0,0,105,2,2,0,2
4904,9.27,91,0,4,2,2,2,1,2,2,2,1,1,1,1,1,5,0,7,4,0,810,1,2,1,1
4905,7.86,90,0,4,1,2,1,2,2,2,0,0,1,1,0,0,4,1,3,3,0,179,1,1,0,0
4906,7.57,78,0,3,2,0,2,1,1,2,0,2,1,1,0,0,5,0,2,0,0,190,2,1,0,0
4907,8.4,99,0,4,1,1,1,0,2,2,1,1,1,0,0,0,3,1,1,1,1,108,1,1,0,0
4908,5.93,77,5,2,1,0,1,1,1,0,0,1,0,0,0,0,0,0,0,0,0,65,0,1,1,2
4909,8.17,86,1,3,2,2,2,1,2,1,1,0,1,1,1,0,5,1,3,2,1,353,1,1,2,1
4910,9.56,94,0,3,2,2,2,1,2,2,1,2,1,1,1,1,6,1,4,2,0,642,2,2,1,1
4911,7.76,89,2,3,2,1,2,1,2,2,2,1,1,1,1,0,5,1,3,2,0,611,2,2,1,0
4912,9.09,86,1,3,2,1,2,1,1,2,2,1,1,1,1,1,5,0,4,3,1,631,2,2,1,0
4913,7.83,85,1,2,2,1,2,2,1,2,0,1,1,1,1,0,8,1,4,3,1,712,2,2,0,1
4914,9.0,93,0,2,1,1,2,2,2,1,2,1,1,1,1,1,6,1,5,3,1,288,2,1,0,1
4915,9.5,94,0,3,2,1,2,1,2,2,2,1,1,1,1,1,5,1,5,5,1,541,1,1,1,0
4916,7.01,85,0,2,2,2,1,1,2,2,1,2,1,1,0,0,2,1,3,2,0,262,2,2,1,0
4917,6.21,70,3,2,1,1,0,0,1,0,0,0,0,0,0,0,1,0,1,1,0,12,1,1,1,2
4918,7.81,93,1,2,2,1,2,1,2,1,2,1,1,1,1,1,4,1,4,4,0,368,2,1,0,1
4919,8.5,74,2,3,2,0,1,2,1,2,1,0,1,1,0,0,3,1,2,2,0,268,1,1,0,0
4920,8.02,83,0,4,2,2,2,2,2,2,2,2,1,1,1,1,4,0,2,3,0,607,1,2,0,1
4921,6.53,84,0,3,2,2,2,2,2,1,0,1,1,1,1,0,8,0,2,2,1,383,1,1,0,0
4922,9.76,95,0,3,0,0,0,1,2,2,1,2,1,0,0,0,4,1,2,1,0,57,2,1,1,0
4923,5.87,82,1,4,1,1,1,0,0,0,0,0,0,0,0,0,0,0,1,0,0,0,0,1,1,2
4924,8.06,94,1,3,1,2,2,1,1,1,2,1,1,1,1,1,5,1,4,3,0,274,1,1,0,0
4925,9.7,92,0,4,1,0,1,1,1,2,2,1,0,0,0,0,0,0,0,0,0,6,1,2,0,2
4926,5.69,64,5,4,0,1,1,1,1,0,1,0,0,0,0,0,2,0,1,0,0,70,0,0,1,2
4927,6.44,69,1,2,0,1,0,0,1,0,0,0,0,0,0,0,0,0,0,0,0,37,1,1,0,2
4928,6.51,65,2,2,2,1,2,2,2,2,1,0,1,1,1,0,5,1,2,1,0,720,2,2,1,1
4929,7.52,82,1,3,1,2,1,0,1,1,2,2,1,1,0,0,3,1,2,2,1,287,1,1,1,0
4930,9.14,96,0,4,1,0,0,0,2,1,1,1,0,0,0,0,0,0,0,0,0,26,1,1,0,0
4931,9.62,90,0,4,0,1,1,0,1,1,2,2,0,0,0,0,0,0,1,0,0,72,1,1,1,2
4932,9.39,95,0,4,1,0,0,0,2,2,1,1,0,0,0,0,1,0,1,0,0,33,2,1,0,0
4933,9.15,83,0,4,2,1,2,1,2,1,2,1,1,1,1,1,6,1,4,2,0,535,1,1,2,0
4934,8.41,91,1,4,1,2,2,1,1,2,2,2,1,1,1,1,5,0,5,3,0,565,1,1,1,0
4935,6.53,58,3,2,0,1,1,1,0,0,1,1,0,0,0,0,0,0,0,1,0,31,0,0,0,2
4936,8.72,93,0,3,1,1,2,2,2,1,1,2,1,1,1,1,6,1,5,3,1,343,2,1,0,0
4937,8.46,95,2,4,2,0,2,1,1,1,1,2,1,1,0,0,4,0,1,3,0,272,1,1,1,0
4938,8.02,96,0,4,1,2,2,1,1,1,2,1,1,1,1,1,6,1,5,4,1,373,1,2,0,0
4939,7.49,94,0,4,2,0,2,2,1,1,0,1,1,1,0,0,4,1,4,2,0,227,1,1,1,0
4940,7.86,89,2,2,2,2,2,2,2,2,1,2,1,1,1,0,7,1,3,3,1,366,1,1,2,1
4941,8.03,74,2,4,2,1,2,1,1,1,0,2,1,1,1,0,8,1,2,1,1,494,1,2,2,1
4942,7.12,85,1,2,2,2,2,2,2,2,0,1,1,1,1,0,7,1,3,1,0,646,1,2,2,0
4943,8.54,99,0,3,1,0,0,0,1,1,2,2,0,0,0,0,0,0,1,0,0,75,0,2,1,2
4944,7.01,89,1,4,2,0,1,1,1,1,0,2,1,1,0,0,3,0,1,0,1,381,0,2,0,0
4945,5.71,64,4,2,0,1,1,0,1,0,1,0,0,0,0,0,1,0,0,1,0,34,0,1,0,2
4946,6.5,69,1,2,0,0,0,0,1,1,1,0,0,0,0,0,2,0,1,0,0,18,0,0,0,2
4947,9.17,91,0,2,1,1,1,0,2,2,1,2,0,0,0,0,1,0,2,0,0,15,0,1,0,2
4948,8.14,88,1,4,1,1,2,2,1,1,1,1,1,1,1,1,4,0,2,4,1,504,2,1,1,0
4949,7.73,85,1,3,2,2,2,1,2,1,2,2,1,1,1,0,7,1,2,3,1,621,2,2,2,1
4950,8.63,100,0,4,1,0,0,1,2,1,1,2,0,0,0,0,2,0,0,0,0,102,0,1,0,2
4951,8.17,71,1,4,1,0,1,2,2,2,0,0,1,1,0,0,5,0,2,1,0,416,1,2,0,0
4952,9.46,98,0,4,2,2,2,2,2,2,2,1,1,1,1,1,5,1,4,4,1,569,1,2,1,1
4953,8.16,81,2,4,1,2,1,1,2,2,0,0,1,1,0,0,3,1,1,1,0,207,2,2,0,0
4954,9.69,91,0,3,1,1,0,0,2,2,1,1,0,0,0,0,1,0,2,1,0,37,1,2,1,2
4955,8.28,79,2,4,1,0,1,1,2,2,0,2,1,1,0,0,5,0,4,0,0,140,2,1,0,0
4956,9.2,85,0,4,2,2,2,1,2,2,2,1,1,1,1,1,5,1,4,3,1,613,1,1,2,1
4957,9.91,88,0,4,2,1,2,2,2,2,1,1,1,1,1,1,7,1,5,4,1,547,1,2,2,1
4958,7.02,81,2,4,2,2,2,2,1,2,1,2,1,1,0,0,5,0,4,3,0,406,0,1,0,2
4959,7.41,79,2,4,2,1,2,1,2,1,2,2,1,1,1,0,4,1,1,2,1,770,2,2,2,0
4960,6.58,80,0,2,2,1,2,2,1,2,2,2,1,1,1,0,6,1,4,2,1,583,2,2,1,1
4961,8.82,86,0,3,2,1,2,1,2,2,2,2,1,1,1,1,5,1,5,2,1,481,2,2,1,1
4962,6.9,65,1,4,2,1,2,2,1,1,2,0,1,1,1,0,5,0,2,4,1,555,2,2,0,0
4963,9.37,96,0,4,1,1,0,1,2,2,1,2,1,1,0,0,3,1,2,0,0,99,1,1,0,2
4964,8.9,85,1,3,1,2,2,2,1,1,2,2,1,1,1,1,5,1,2,4,0,644,1,2,1,0
4965,5.73,76,3,4,1,0,1,0,1,0,0,0,0,0,0,0,2,0,1,1,0,22,1,1,1,0
4966,8.37,89,1,4,2,0,2,2,1,1,1,2,1,1,0,0,4,0,3,2,0,328,2,2,1,0
4967,8.91,100,1,4,2,2,2,1,1,1,2,2,1,1,1,1,6,1,5,2,1,377,2,2,1,1
4968,7.9,80,2,2,2,2,2,1,1,1,1,1,1,1,1,0,5,0,3,4,1,409,1,1,0,0
4969,7.26,71,2,3,2,1,1,1,1,2,1,2,1,1,0,0,4,0,3,1,0,210,0,2,1,0
4970,9.18,88,0,4,1,2,2,2,2,2,1,1,1,1,1,1,6,1,2,3,0,517,2,2,0,0
4971,7.48,77,2,3,1,0,1,0,2,2,1,0,1,1,0,0,3,0,2,1,0,335,0,1,0,0
4972,9.64,91,0,4,2,2,2,2,2,2,1,1,1,1,1,1,5,1,6,3,1,845,2,1,2,1
4973,8.09,95,0,4,1,2,2,0,1,2,1,0,1,1,0,0,4,1,2,1,0,215,1,2,0,0
4974,9.81,94,0,3,2,1,2,2,2,2,1,1,1,1,1,1,5,1,4,5,1,547,1,1,1,0
4975,9.34,94,0,4,2,1,2,2,2,2,2,2,1,1,1,1,7,1,5,2,1,537,1,2,1,1
4976,7.65,75,2,3,2,1,2,1,2,1,1,2,1,1,1,0,7,1,4,5,1,688,1,2,0,1
4977,9.6,95,0,4,0,0,1,0,2,1,2,2,0,0,0,0,2,0,0,0,0,16,0,2,0,2
4978,8.86,95,0,2,0,0,1,1,2,1,1,2,0,0,0,0,0,0,0,1,0,8,0,2,1,2
4979,7.83,81,2,3,2,0,1,1,2,2,0,0,1,1,0,0,3,0,1,3,0,426,0,2,1,0
4980,8.14,89,2,3,2,0,1,1,1,1,2,2,1,1,0,0,2,1,3,2,0,449,1,1,1,0
4981,7.95,90,0,4,2,1,2,2,1,1,2,1,1,1,1,1,6,0,5,3,0,507,2,1,2,0
4982,6.12,66,4,4,0,1,0,1,0,1,1,0,0,0,0,0,0,0,0,0,0,39,1,1,0,2
4983,7.81,76,2,2,2,0,1,2,1,2,0,1,1,1,0,0,3,0,3,3,1,402,2,2,0,0
4984,8.2,91,1,3,1,0,1,0,2,1,0,1,1,1,0,0,2,1,4,1,0,369,2,1,0,0
4985,8.26,83,0,3,2,1,1,1,1,2,1,2,1,1,1,1,7,1,3,1,1,536,2,2,0,1
4986,9.28,90,0,2,0,1,1,0,2,2,1,2,1,0,0,0,2,1,1,0,0,5,2,2,0,0
4987,9.29,100,0,4,1,1,0,0,2,1,2,2,1,1,0,0,3,0,2,0,1,35,0,1,1,2
4988,6.78,68,5,4,0,0,0,0,0,0,1,1,0,0,0,0,0,0,0,0,0,7,0,0,1,2
4989,9.15,100,0,3,2,1,2,1,2,2,2,2,1,1,1,1,8,1,3,2,1,502,2,1,2,1
4990,6.59,85,2,4,2,1,2,1,1,2,1,1,1,1,1,0,7,1,2,5,0,732,1,2,0,0
4991,6.64,55,4,4,0,1,0,0,1,0,0,1,0,0,0,0,2,0,1,1,0,57,1,1,1,2
4992,7.98,84,1,4,2,2,2,1,2,2,2,2,1,1,1,0,8,0,3,4,0,392,2,1,0,0
4993,8.46,87,1,4,2,2,1,2,2,1,2,2,1,1,1,1,5,0,4,4,0,266,2,1,2,0
4994,5.6,64,5,3,0,0,1,1,1,0,1,1,0,0,0,0,2,0,1,1,0,51,0,0,1,2
4995,9.65,97,0,2,1,1,0,1,1,1,1,1,0,0,0,0,0,0,0,1,0,37,1,1,0,2
4996,8.23,83,1,4,1,1,1,1,1,2,1,2,1,1,1,1,7,1,3,1,0,359,1,2,0,0
4997,8.46,89,1,2,2,1,2,2,2,1,2,1,1,1,1,1,7,0,5,1,0,641,1,2,2,1
4998,7.55,69,1,4,2,2,2,1,1,2,2,0,1,1,1,0,4,1,2,3,0,444,1,2,1,0
4999,5.62,78,2,4,0,0,1,0,0,0,0,0,0,0,0,0,0,0,0,1,0,12,1,1,1,2
5000,7.32,90,2,4,2,1,1,1,1,1,1,0,1,1,0,0,5,0,3,1,0,379,0,1,0,0
